pendapatan_per_kapita,skor_aset,jumlah_tanggungan,kualitas_hunian,akses_sanitasi,radiasi_satelit_ntl
1335586.81,16.26,2,3,1,49.52
912455.17,70.46,2,5,1,38.18
1462219.35,54.77,2,4,1,7.16
988931.16,63.06,5,3,1,24.97
344576.04,71.53,5,3,1,10.76
344579.43,67.42,5,4,1,14.95
730597.18,18.1,7,4,0,30.27
785571.28,76.52,4,2,0,29.99
299202.97,61.85,5,3,0,43.6
549134.19,70.76,5,1,1,8.31
750730.64,32.23,2,3,0,24.92
499793.28,28.82,3,5,0,29.98
1146277.37,80.22,2,2,0,46.53
209697.14,43.18,3,2,1,25.87
352181.56,58.9,2,1,1,17.1
157220.24,56.89,9,2,1,14.68
359938.71,59.74,3,2,1,10.88
798057.65,15.91,3,3,1,48.12
164271.43,35.71,7,4,0,30.19
283227.43,15.65,3,4,1,15.25
1592438.38,50.81,3,1,1,37.28
1731561.6,86.68,1,4,0,14.53
1032372.12,43.08,2,1,0,25.24
421680.8,76.51,2,2,0,1.4
286053.02,34.42,5,5,1,42.34
706403.06,82.78,3,1,0,47.83
165651.98,45.66,6,1,0,43.3
621023.65,40.19,4,2,1,8.64
345698.55,69.29,4,5,1,41.28
277402.36,53.58,6,1,0,17.42
345477.11,38.67,4,2,1,46.82
1506157.93,14.94,4,3,0,15.02
327794.51,24.16,6,2,0,4.56
210225.39,75.65,5,1,0,42.66
1623962.59,88.26,2,1,0,5.92
190623.56,24.35,5,3,0,27.12
561868.88,58.4,4,3,1,18.86
305911.38,12.9,2,4,1,37.87
223416.72,34.72,4,1,1,37.47
743782.89,48.15,3,3,0,38.83
772035.33,72.55,4,3,1,3.26
1098739.08,13.75,2,2,0,42.93
924921.22,76.4,2,3,1,23.37
551681.13,27.23,3,4,0,11.04
163317.08,74.56,5,5,1,15.01
429115.41,63.17,3,3,1,45.15
501322.28,38.86,3,4,1,0.4
747758.56,71.52,5,4,1,40.11
812246.13,30.09,3,5,1,46.2
172108.7,28.68,4,4,0,12.58
481669.02,15.25,5,2,1,41.12
262286.1,43.41,6,2,0,8.14
330232.57,18.31,4,4,1,0.91
953975.71,45.66,3,3,0,30.27
613441.54,10.83,6,2,1,32.35
693377.71,23.18,5,3,1,7.59
599182.98,89.25,2,5,1,25.67
274501.8,77.62,6,2,1,19.34
806247.28,30.07,3,3,1,3.91
890049.82,71.05,4,3,1,25.44
495777.82,66.82,3,1,1,29.3
161249.69,25.04,11,1,0,10.94
204180.79,41.54,5,4,1,37.02
241827.92,87.66,4,5,1,3.72
645691.8,72.79,5,5,0,27.59
745629.83,74.63,6,2,1,15.24
474729.08,57.93,4,2,0,21.86
1810244.65,66.57,2,5,1,44.68
821074.66,53.24,3,4,0,33.53
336594.35,72.98,4,4,0,7.53
820956.23,72.28,3,2,1,44.33
997875.73,12.64,5,3,0,18.7
323432.24,63.7,6,4,0,17.13
5069669.54,63.53,1,3,1,25.13
137247.43,15.72,3,3,1,10.34
811668.38,44.88,4,4,0,45.72
417813.45,86.4,5,4,0,23.45
552375.47,91.04,3,2,0,19.75
2094983.98,76.49,1,2,0,8.63
200555.51,22.88,3,4,1,40.15
868957.67,41.85,2,2,1,47.65
491309.54,25.52,5,5,1,43.49
2406272.06,65.43,2,4,0,8.16
484283.41,75.72,3,4,1,37.61
610330.97,85.12,2,2,0,10.29
293463.3,83.16,5,1,0,2.04
1717008.5,18.43,2,1,1,24.28
805032.86,20.68,3,3,0,33.55
288573.75,87.32,5,2,1,6.3
674458.95,81.72,4,2,0,30.32
210167.78,49.13,10,2,1,42.2
1772745.11,46.55,2,3,0,10.53
1301161.84,56.99,1,3,1,21.45
814439.59,60.71,2,3,0,24.99
522365.5,31.61,3,1,0,41.58
411985.67,44.32,2,5,1,38.59
2368274.45,62.67,1,3,1,38.49
386494.8,27.53,6,1,1,33.98
331475.31,94.9,6,1,1,30.93
215303.98,34.05,8,2,0,25.49
282706.71,56.96,3,2,0,18.54
308098.52,57.1,5,3,0,25.71
230604.9,48.38,7,5,1,42.7
306305.82,30.53,4,2,1,28.57
224984.55,58.06,8,4,1,49.28
631678.7,17.74,4,5,1,7.21
1229691.19,42.89,5,2,1,22.11
733904.65,29.06,3,2,1,10.09
578524.33,20.56,4,3,1,18.32
632047.71,88.67,3,4,0,39.51
209007.41,69.5,3,1,0,41.26
325244.41,24.35,6,3,1,1.68
685240.97,90.7,3,4,1,47.67
2173068.77,28.36,4,3,1,43.61
353325.68,30.03,5,3,0,45.26
1187999.34,21.33,2,3,0,18.9
970945.64,71.87,2,3,1,24.9
245855.39,58.52,4,3,1,8.51
984017.86,14.95,4,2,1,19.9
778298.54,12.15,4,3,0,6.39
796772.77,55.28,4,2,0,43.18
574479.88,65.38,2,5,1,29.1
1150126.19,79.94,4,2,0,6.89
213756.97,50.65,4,2,0,43.97
2819624.44,67.51,1,2,1,4.11
2459973.38,72.36,3,5,0,46.35
547178.87,62.11,2,3,0,5.38
352895.41,39.94,4,3,0,35.93
701641.96,21.21,3,5,1,32.3
732902.11,65.04,2,5,0,39.16
195498.42,75.34,4,3,1,28.28
516506.64,26.14,4,3,0,17.56
209646.88,52.06,5,5,1,13.79
1317186.1,43.77,2,2,1,47.28
571030.72,27.48,2,3,1,22.12
628140.47,30.85,8,4,1,42.13
619644.28,30.2,2,3,0,36.18
272393.67,45.61,6,1,1,32.84
3230379.98,43.19,1,1,1,48.53
118425.56,57.11,8,4,1,28.32
568173.21,17.92,4,1,1,36.68
2171955.5,59.41,2,5,0,42.5
151156.67,11.86,5,2,0,2.39
369173.07,31.88,6,3,1,49.82
772446.0,52.68,3,3,0,13.18
1584764.77,68.39,2,2,1,35.16
314650.34,75.56,3,1,1,47.69
128260.15,13.02,7,2,0,38.18
1355956.62,55.69,2,3,0,11.56
473900.61,40.13,5,3,1,18.18
460863.78,69.07,5,3,1,20.77
813626.45,34.12,3,1,1,29.36
659236.74,73.22,2,2,1,30.19
2279239.1,61.19,1,3,1,39.42
787982.53,77.12,3,1,0,43.0
258319.18,93.67,5,1,1,4.57
1214723.21,87.23,5,3,1,13.73
658688.09,60.43,4,3,0,17.25
161693.59,85.97,6,2,1,0.77
490005.89,23.01,6,2,1,20.94
368272.6,13.66,3,4,0,18.0
1059850.56,55.32,3,4,1,26.32
794699.58,92.82,5,2,1,5.1
605883.76,70.33,2,2,1,20.76
706859.9,35.94,5,4,0,29.91
423330.76,66.85,6,5,1,40.21
811745.17,13.39,4,2,1,38.35
1546927.76,50.0,4,4,0,20.3
342261.11,30.17,5,3,1,19.54
630716.1,14.18,2,2,1,1.97
290685.43,31.24,4,3,0,4.22
243062.99,71.41,5,3,1,43.63
473281.02,56.85,4,2,1,40.31
1216567.59,11.99,2,1,1,1.15
468165.23,44.83,5,4,0,44.15
1085658.92,73.93,3,4,1,30.73
399657.51,91.14,5,1,1,40.12
2371357.81,84.32,2,3,0,25.18
338326.94,10.13,5,2,1,7.62
3380347.97,28.59,3,3,0,17.91
577210.62,27.66,5,5,0,22.56
395178.63,45.11,3,2,0,37.72
130355.81,64.89,8,2,1,40.65
662111.39,23.01,4,4,1,37.1
577988.96,87.83,3,4,0,23.88
1014379.86,76.05,3,3,1,33.22
658452.86,45.64,4,4,1,14.85
632661.22,59.64,3,5,1,49.39
1192930.89,56.05,1,3,1,8.49
798980.38,59.49,1,1,1,36.21
303353.21,83.11,5,3,1,7.83
828643.18,27.01,4,4,1,14.12
751513.13,68.12,3,2,0,37.47
938986.83,19.1,1,1,1,36.48
549967.35,49.03,4,2,1,6.31
249847.33,64.05,10,1,1,33.96
291673.75,11.06,4,4,1,10.27
362389.76,19.19,6,1,1,48.65
256653.88,17.76,8,4,1,30.19
199741.62,41.85,5,2,0,0.27
491508.5,62.87,5,5,1,10.5
1387929.37,94.66,2,3,1,11.56
1265804.51,31.6,3,1,1,12.43
932838.04,21.56,4,4,1,27.9
173504.79,45.25,5,3,1,10.36
376507.29,22.41,3,3,1,20.7
900232.98,12.09,3,5,0,8.75
2698675.27,57.94,1,3,0,33.38
900239.68,84.76,3,4,1,28.48
6669307.61,83.17,3,2,0,31.47
930913.85,18.57,3,4,1,48.37
783793.97,22.54,5,1,1,20.03
1171492.07,51.75,3,4,1,10.85
586188.59,41.26,5,2,1,49.94
410259.06,69.76,4,2,1,3.0
1563182.48,52.07,2,5,1,40.54
311766.72,11.71,4,2,1,8.19
245732.47,34.19,7,2,1,33.27
296364.07,86.63,5,3,1,23.74
694197.79,53.48,3,5,0,41.97
1135842.23,77.83,7,3,0,36.58
161675.5,44.2,4,1,0,8.7
997636.07,67.54,3,4,1,33.3
125569.04,24.37,6,3,0,10.93
298762.13,72.61,5,5,1,8.55
1270292.91,76.86,3,3,1,4.3
412144.83,17.66,5,3,0,5.77
346189.24,25.58,3,3,0,35.22
645429.07,49.35,2,3,1,49.61
745242.01,64.18,4,4,1,33.82
426414.75,64.19,3,1,1,35.45
564435.16,66.8,4,1,1,39.16
339620.34,70.73,6,2,0,44.46
335288.1,52.99,4,3,1,13.46
2392272.16,58.86,3,2,1,30.27
2900377.37,10.71,1,2,1,10.91
196084.73,24.16,3,5,0,26.33
739153.06,52.38,3,1,1,10.51
222163.45,73.38,6,5,1,3.29
1653347.9,78.76,2,5,0,4.51
616208.33,71.96,2,3,1,48.82
616951.59,51.34,3,1,0,0.4
894821.99,33.91,3,2,0,34.54
833308.13,47.8,4,5,1,44.38
482470.46,10.79,2,5,1,19.75
540736.28,60.83,3,5,0,35.43
745556.08,16.34,2,5,1,17.51
1339761.89,22.36,1,1,1,26.5
1143763.42,63.21,5,3,1,46.79
842708.79,11.13,3,4,1,2.21
232623.2,58.75,4,2,1,13.43
687817.8,64.26,5,3,1,5.39
1416721.29,77.0,5,2,0,24.85
526269.65,15.78,7,1,1,38.55
199203.79,10.25,4,1,0,48.83
296564.98,75.18,5,1,0,7.86
2120154.47,34.65,2,3,1,2.29
259356.91,85.41,5,3,0,7.0
431288.36,25.72,6,2,0,48.44
3155887.87,59.77,1,4,0,16.07
568464.72,19.3,2,4,0,13.43
318865.71,44.23,6,1,1,36.78
47262.86,84.98,6,1,1,6.12
178725.78,61.71,6,2,1,17.52
425987.27,68.62,4,4,1,7.33
234458.93,29.21,4,3,0,48.72
880008.91,88.43,6,3,1,14.33
168127.39,63.0,5,2,0,13.53
507555.34,19.0,3,2,1,31.76
1072279.34,11.32,2,5,0,0.93
1176988.5,11.35,4,2,0,32.71
209439.11,14.35,4,3,1,22.75
664067.3,87.49,6,1,0,9.29
332495.09,40.46,6,1,1,24.37
220060.3,35.35,5,3,1,49.95
872091.65,45.41,3,3,1,41.96
1117146.96,44.81,2,2,1,48.71
276628.84,30.27,5,2,0,46.31
689187.72,17.81,3,4,1,41.04
524499.39,19.23,3,1,1,16.8
530627.76,60.93,4,3,0,36.52
1474944.95,43.73,2,5,0,19.64
1283775.28,86.71,4,3,1,21.53
235865.34,49.42,4,2,1,43.68
648180.67,52.8,11,4,0,10.34
204870.84,88.9,3,3,1,14.9
603388.56,52.64,3,5,0,46.53
705523.93,52.67,4,4,1,35.01
234687.48,40.87,10,3,1,3.34
341152.86,70.39,4,3,1,6.17
583333.51,43.34,3,2,1,29.02
491681.86,60.01,3,2,0,39.96
464059.87,48.03,3,3,1,39.66
1100361.11,54.94,3,3,0,21.3
818801.53,80.3,3,3,1,13.0
261663.95,45.17,5,4,1,39.41
1700805.88,29.56,2,1,1,47.21
2384213.15,58.48,1,1,1,22.26
1076370.17,89.69,3,1,1,6.95
361615.14,68.92,8,4,1,30.53
401912.91,36.21,3,1,0,3.67
472257.23,91.85,3,2,1,30.61
776135.04,39.13,4,2,1,8.73
714921.34,93.58,4,3,1,25.85
652682.95,26.32,3,3,1,31.31
425473.74,94.97,5,2,1,22.39
711292.82,16.45,6,3,1,41.38
278067.52,70.63,5,3,0,18.8
917718.65,72.94,3,4,1,7.84
292706.28,67.76,6,1,0,23.25
579997.45,76.1,3,4,0,48.18
1277804.36,50.11,3,1,1,44.02
650705.15,14.6,5,4,1,15.62
646073.06,40.41,5,3,1,12.21
1446525.45,64.6,3,3,1,24.22
286843.53,64.93,7,1,1,32.79
746295.88,26.59,4,4,0,46.34
205746.15,31.51,8,1,1,30.7
1204232.06,51.37,2,4,1,41.82
916912.19,71.93,2,4,1,34.83
700524.97,82.49,3,4,1,5.17
2833701.07,17.35,1,4,0,44.6
242711.72,88.68,5,1,1,10.06
1159701.14,88.86,6,5,1,18.4
361413.24,10.67,3,4,1,42.03
478465.63,53.04,2,3,1,48.96
1324114.16,59.91,3,4,0,15.6
318829.74,57.07,10,4,1,19.22
720843.64,62.34,4,4,0,24.33
963564.8,52.78,3,2,0,24.95
281177.6,34.97,7,2,1,37.54
192892.42,18.13,6,4,1,40.87
1037511.44,27.71,2,4,1,49.55
660370.15,72.92,2,3,0,40.23
711858.14,30.49,5,2,1,15.06
1815307.75,80.53,1,5,0,17.97
604135.93,44.3,2,3,0,30.94
817512.37,45.23,2,4,1,34.36
846737.99,83.82,3,3,1,4.59
201966.1,28.21,7,2,1,17.25
403549.92,26.12,3,3,1,10.21
254992.08,93.76,9,4,1,25.44
765563.66,55.95,3,5,1,8.52
731378.88,26.19,2,1,0,29.08
373652.93,24.09,4,4,0,23.42
759653.49,83.24,3,3,1,20.26
277211.8,60.99,3,1,1,32.48
426076.66,19.78,2,4,1,20.87
257685.61,85.39,5,2,0,20.02
436104.58,47.73,4,4,1,32.59
1194690.08,94.1,2,2,1,2.96
1601740.55,33.95,3,4,0,21.68
1105693.71,54.95,3,2,1,9.85
600443.96,24.71,3,2,1,2.02
392053.02,47.38,5,1,1,1.83
120723.47,25.01,9,3,1,8.46
326809.48,36.11,6,2,0,21.75
555815.97,32.94,3,1,1,28.38
481274.57,34.06,5,2,1,39.82
402338.54,92.44,3,3,0,30.42
676923.5,13.27,4,4,0,26.05
1243386.16,52.23,4,5,1,1.91
265357.64,63.49,7,3,0,14.97
315396.38,66.16,8,3,0,34.64
749972.66,74.14,4,5,1,13.6
389637.99,74.68,4,5,0,29.76
756035.19,91.22,3,2,0,30.23
665932.21,74.23,3,3,1,15.33
1051216.35,80.01,2,4,1,28.62
249385.76,55.25,5,4,1,5.79
503033.35,65.9,4,3,1,36.38
1336616.25,50.64,2,3,1,1.22
947183.62,33.5,5,3,0,1.86
1762802.3,36.64,2,4,1,43.53
1202784.69,40.65,6,2,1,29.06
250234.45,38.95,5,3,0,8.23
836597.22,55.32,4,3,1,30.12
368887.03,31.05,6,4,1,18.56
7377030.62,53.91,1,2,1,13.57
610402.5,87.88,2,3,1,40.59
599001.7,44.51,2,2,1,23.92
276765.68,28.92,5,4,1,14.74
184803.85,39.48,3,4,1,47.19
206620.04,84.54,7,4,0,8.33
628677.21,90.04,2,1,1,7.19
433999.37,85.37,5,3,0,4.96
486803.42,34.42,5,1,1,6.31
3055810.21,42.97,2,3,1,12.71
1168979.86,92.87,3,2,1,34.96
350656.87,37.53,4,4,1,33.63
128505.45,21.72,9,1,1,38.2
2663499.73,33.98,1,3,1,28.82
448970.69,91.94,2,1,1,24.68
1487460.55,45.35,4,3,1,21.65
2011752.7,89.38,2,3,1,43.74
299256.61,18.85,5,3,1,17.24
141872.12,75.11,5,2,1,44.59
4467428.07,17.93,1,1,1,13.85
925536.56,26.79,2,3,1,7.95
595275.52,62.37,7,4,0,12.83
126954.49,46.93,6,4,0,25.0
461281.01,66.67,3,4,1,46.3
497251.82,92.74,4,5,1,8.95
254930.65,14.48,8,3,1,29.04
756769.15,26.29,2,3,1,10.96
576235.69,64.42,5,2,0,33.91
261223.95,86.2,4,5,1,23.31
606803.33,77.8,3,3,1,36.7
710386.94,49.57,3,4,1,42.82
674933.16,73.37,4,1,1,16.8
434112.41,27.69,7,3,1,46.92
201950.29,11.17,5,4,1,23.47
394898.61,58.45,2,2,1,46.84
1066946.87,79.13,4,1,1,11.61
605066.74,46.84,4,4,0,44.86
632705.85,58.39,2,2,0,16.75
1676265.39,45.89,3,3,0,37.56
1062630.08,53.69,2,3,1,48.41
1341053.45,85.17,3,1,1,45.62
412946.44,50.64,5,1,0,23.24
6827360.87,10.64,1,5,0,17.31
1894740.06,77.99,3,2,1,30.67
1707637.7,62.51,1,2,0,35.32
591953.34,72.08,6,1,0,27.06
1460191.85,86.59,2,2,0,42.44
2253582.55,34.33,2,3,1,3.01
555652.7,52.76,2,2,0,30.02
498755.57,61.21,6,3,0,26.31
1247238.42,39.36,3,4,1,2.06
230071.18,81.92,3,3,0,0.73
324951.95,69.29,3,3,1,30.35
291651.1,72.34,2,4,0,5.99
562273.47,78.68,3,4,1,38.45
1524806.65,31.94,2,3,0,47.47
542633.63,73.38,9,1,1,8.95
188445.02,75.77,11,3,1,39.95
1317010.52,81.6,4,3,1,29.61
216564.73,51.53,4,1,1,22.45
118920.57,52.86,6,1,1,32.55
1917765.72,18.35,1,5,1,40.14
832199.09,82.43,3,4,1,48.54
486060.7,55.35,4,2,1,33.06
286756.17,60.53,2,3,0,37.37
1879521.87,20.32,1,2,0,30.42
453237.3,61.15,2,1,1,28.3
987756.25,13.57,3,2,1,3.33
2470568.76,88.47,1,3,1,7.84
161161.46,83.4,7,5,1,19.02
242782.29,26.52,6,4,1,32.51
262544.93,60.47,4,2,0,3.88
477394.36,61.23,4,2,1,27.26
1758441.06,78.29,2,3,0,0.76
365840.27,74.34,3,2,1,38.33
383278.73,94.43,7,4,0,33.38
480812.73,39.82,3,2,0,26.08
205359.39,20.59,6,2,1,28.6
309905.38,58.75,6,3,1,46.64
355131.11,74.94,3,1,1,45.34
237055.83,34.29,6,3,1,39.66
161057.03,30.08,6,5,1,16.88
1289025.63,78.21,5,3,1,5.45
405031.54,74.07,5,4,1,16.14
651490.12,27.29,2,3,1,37.62
2254385.41,83.89,1,2,1,30.59
926765.63,21.45,2,2,1,35.31
868281.33,19.29,2,3,1,5.36
573241.35,39.84,5,3,1,8.01
1561812.32,85.36,2,3,0,33.25
288445.49,69.11,5,1,1,18.65
350885.31,43.55,4,3,0,18.52
840558.48,23.37,2,4,0,19.69
62280.63,70.65,8,2,1,39.82
266271.85,60.93,3,4,1,34.98
562801.92,93.95,8,4,0,5.39
1329995.7,75.07,4,2,1,17.28
341512.81,18.68,5,3,1,33.72
700563.17,71.9,4,4,0,48.81
597467.84,31.88,4,3,0,45.62
4192116.08,91.76,3,4,1,12.49
970387.34,11.64,4,2,1,3.4
459068.67,30.26,4,1,1,28.71
223515.9,52.41,5,1,0,20.37
252084.57,16.72,3,5,1,9.25
1120102.77,39.25,2,2,1,32.62
314863.72,52.26,4,4,1,8.1
140770.8,47.99,6,2,1,17.64
224200.67,49.15,6,1,1,39.75
518100.24,84.72,2,2,0,34.25
2728159.6,52.95,2,3,0,30.4
560858.76,89.99,6,1,1,46.55
657765.74,22.56,3,5,1,6.36
481846.75,33.82,10,4,1,34.58
1038485.34,65.8,2,1,1,5.95
197100.69,34.07,6,4,1,6.91
618116.92,39.52,8,3,0,25.37
547932.9,86.59,5,5,1,1.3
212822.63,55.78,5,1,1,25.1
589591.09,38.45,3,3,0,0.57
195412.81,76.02,6,2,0,30.16
172971.52,16.01,5,4,0,15.67
432036.34,57.91,8,1,0,4.25
1558688.97,18.47,4,3,1,39.06
142785.67,25.03,6,5,1,19.56
463249.97,15.31,6,3,1,22.26
447307.77,86.64,3,3,1,18.79
296050.95,14.1,5,3,0,4.27
463217.21,53.9,3,3,1,23.05
236137.05,29.12,5,3,1,33.31
2041331.76,42.61,1,3,0,45.18
301081.29,51.96,4,5,0,38.21
388681.15,48.26,6,1,0,4.06
480971.25,73.59,4,2,1,8.37
572643.64,87.51,3,2,0,2.34
383405.91,35.52,3,3,1,6.06
233789.81,12.09,6,1,0,24.08
1559830.24,85.99,2,5,0,11.07
1338959.17,93.2,2,3,0,32.43
275728.65,46.83,4,4,0,1.72
420904.59,48.74,5,2,0,42.88
1556087.31,22.25,2,1,1,33.91
91027.35,50.42,8,2,1,48.46
1373494.71,35.78,2,3,1,47.65
444103.74,94.52,3,1,1,34.68
930750.86,25.71,3,4,1,7.99
209040.86,42.18,6,4,1,11.18
167841.67,62.4,4,4,1,13.95
248913.88,39.34,3,4,1,21.39
408159.4,50.33,5,3,1,28.59
772371.72,92.75,3,3,0,34.16
384153.59,53.19,3,3,0,3.87
484753.6,87.38,6,2,0,30.57
243890.75,13.66,3,3,1,3.05
381137.01,20.18,5,3,0,41.37
958754.46,90.28,1,4,1,2.12
148995.85,20.94,9,2,1,19.56
1019978.41,72.61,2,1,0,21.06
197203.71,47.91,6,3,1,28.56
524738.01,44.57,3,4,1,4.86
604414.93,66.03,6,5,0,46.66
701318.7,71.85,2,1,0,19.22
654729.44,89.22,5,4,1,19.87
251671.9,31.84,4,3,1,12.23
681184.28,69.34,4,1,1,39.06
1569596.1,39.09,3,4,1,0.49
150001.57,71.0,3,1,1,5.4
409728.72,22.08,3,4,1,23.59
467186.5,48.89,6,4,0,48.42
351067.87,25.61,5,3,0,1.88
825773.03,38.6,3,1,1,3.19
276004.09,70.83,5,5,1,35.77
298356.31,29.83,7,4,1,36.8
257991.91,68.22,7,5,1,44.86
1331819.95,52.15,3,2,0,28.87
1154878.07,17.82,2,3,1,20.24
809319.71,42.87,3,1,0,22.61
516206.18,83.88,3,1,0,21.63
295965.55,94.09,5,1,0,48.68
509840.29,41.36,3,3,1,19.07
628051.17,14.66,4,2,1,4.89
385044.79,21.07,4,3,0,14.55
471854.99,76.99,5,3,1,48.01
2295883.26,65.74,3,5,1,21.47
1114662.84,34.23,3,4,1,15.87
543493.81,43.26,3,4,1,15.61
2038207.23,78.95,2,4,1,0.55
310430.98,45.11,5,1,1,31.69
291844.99,74.24,2,1,1,36.24
216578.92,35.09,5,3,1,17.71
80666.88,71.61,8,3,1,43.65
321146.92,49.64,5,4,1,37.17
668264.1,56.36,3,3,0,30.08
1807129.26,60.89,3,5,1,35.22
344636.76,48.3,7,4,1,38.5
869255.61,49.62,2,1,1,26.4
1087107.5,32.59,3,3,1,19.95
131534.5,93.79,4,5,0,6.37
761279.95,86.99,3,3,0,20.31
449822.78,54.83,7,2,1,27.55
204138.49,12.94,4,2,1,47.4
984567.82,24.32,4,3,0,7.83
485852.29,82.58,5,4,0,37.87
1545452.42,89.12,1,1,0,12.11
724599.78,23.71,4,4,1,47.85
1548779.57,72.43,5,5,1,29.78
245707.03,62.96,9,4,0,21.7
575294.86,35.79,4,5,0,17.41
752560.21,47.07,2,1,1,10.18
238149.87,67.57,5,3,0,35.75
1631571.65,18.61,2,1,0,31.83
296574.98,26.07,4,4,0,44.52
1034876.4,12.83,2,5,1,29.91
212669.67,86.69,7,2,1,8.57
660725.36,58.78,4,3,1,34.17
605556.35,54.49,4,2,0,43.95
615853.57,70.03,6,2,1,49.52
208580.43,94.01,7,3,1,34.28
843173.36,24.64,2,4,0,14.55
275528.79,21.31,4,1,1,28.31
506263.09,35.06,3,2,1,25.8
621621.05,86.84,4,2,1,25.65
780662.98,44.97,4,1,1,4.02
285046.17,77.45,4,3,0,9.81
1670471.32,27.25,2,2,1,26.25
2236081.44,51.96,2,3,0,39.93
1270490.7,20.83,2,3,0,9.17
1222782.52,45.1,5,3,1,8.3
623172.91,32.29,2,5,1,38.02
313199.26,56.7,3,4,0,34.56
340994.17,76.33,2,2,1,24.31
1216309.98,89.76,4,1,1,2.61
1468089.15,34.13,2,4,1,23.69
639241.06,73.17,3,2,1,41.76
781811.46,85.28,3,2,0,0.63
201847.69,20.61,5,4,1,5.22
2150383.65,59.8,4,1,1,40.49
1071302.26,62.01,2,3,1,26.31
423453.49,33.15,5,4,1,33.15
1021566.39,11.91,3,4,0,37.28
661530.37,31.82,4,4,1,15.08
453564.38,59.7,5,3,0,14.96
411310.23,26.7,3,4,1,13.27
657754.25,34.42,4,1,1,8.45
1226624.67,70.17,5,2,1,15.31
1481609.77,43.86,3,1,0,47.65
1719079.77,15.56,3,2,1,4.39
364753.2,43.93,4,4,1,12.11
121663.28,94.98,9,1,1,15.97
306437.28,32.19,6,3,1,7.78
683391.14,32.55,3,3,1,3.96
955720.28,24.44,4,1,1,8.18
239404.28,33.09,3,3,0,26.44
4964038.55,58.85,1,3,1,29.88
450854.93,91.99,4,4,0,10.84
511579.91,61.65,3,4,1,25.24
216057.42,44.84,5,2,1,0.41
367301.68,43.12,2,5,0,30.14
812286.17,12.06,4,1,1,0.17
517982.34,10.22,4,3,1,32.17
304800.02,77.76,3,5,1,24.22
303865.5,51.66,3,2,0,5.55
324192.02,12.82,5,2,1,4.51
1349329.76,34.31,4,3,1,0.44
339356.78,40.32,5,4,1,27.63
268203.67,76.58,3,2,1,40.35
570313.72,46.92,3,4,1,42.84
561155.63,77.09,3,2,0,28.5
56159.88,63.87,7,4,1,44.37
1919207.85,12.82,1,2,0,43.11
575403.6,92.34,3,3,1,34.94
602164.48,25.42,5,2,0,18.22
3006317.53,33.43,2,2,1,41.38
974465.76,78.79,4,2,1,19.64
337468.98,26.14,5,3,0,20.22
340262.33,44.09,3,4,1,33.94
3095325.39,83.52,3,4,1,46.4
513618.83,64.17,4,3,1,25.05
333233.29,35.68,6,2,0,8.94
390853.09,64.74,5,4,0,7.21
744329.11,79.07,3,4,1,15.18
909123.81,44.33,2,3,1,22.94
281071.65,58.59,5,3,0,14.95
178517.71,93.97,8,2,1,35.62
216019.39,91.99,9,1,1,27.18
286217.48,53.27,5,2,0,20.4
258552.65,18.17,5,3,0,10.75
704501.58,69.56,3,4,1,30.31
425371.98,32.83,4,4,1,33.74
1222124.67,66.91,4,1,1,39.23
134700.06,39.9,3,3,1,49.54
636121.36,71.09,6,2,0,11.64
837530.7,41.22,5,3,1,0.85
190489.73,90.0,3,2,1,25.07
269043.4,21.62,6,3,1,46.21
528883.36,15.81,3,4,1,12.51
213032.2,76.4,4,4,1,37.82
248667.53,44.11,5,2,0,16.04
509154.77,49.57,2,1,1,19.62
810536.88,89.37,7,2,1,47.39
869012.4,60.14,4,3,0,23.1
2126070.24,66.11,2,1,0,36.29
1528589.63,11.65,2,2,1,27.54
335694.45,66.99,3,5,0,38.22
482470.74,43.01,3,2,1,15.94
886478.76,49.12,3,3,1,43.86
136054.82,78.68,7,1,1,27.49
3041310.48,54.52,1,3,0,15.53
343302.36,93.88,5,2,1,2.01
316687.13,77.73,5,3,1,0.76
506265.5,71.93,6,3,1,17.73
517683.89,60.04,5,5,1,10.86
399163.32,45.05,4,2,1,2.73
993812.19,14.49,4,3,1,27.69
207300.37,11.57,5,2,1,49.44
717312.6,13.97,4,3,1,21.17
471701.33,91.5,6,1,1,27.65
548893.57,37.47,3,3,0,11.07
401884.63,69.55,6,2,1,10.33
467981.79,60.52,2,3,0,16.49
1725916.95,58.59,2,3,0,41.77
443638.07,59.24,4,3,1,48.03
362243.47,35.7,4,2,1,37.01
930159.33,85.36,4,2,1,1.13
324843.7,88.13,4,3,1,21.98
425821.72,64.78,2,1,0,21.09
155839.92,83.44,5,2,1,46.77
356526.71,15.1,8,4,1,37.3
306548.14,18.53,3,4,1,35.75
2841178.04,57.52,2,4,1,28.28
113709.75,81.95,5,3,1,32.33
914483.18,36.81,6,4,1,34.96
1125190.94,56.58,2,1,0,27.67
467744.63,10.85,4,3,1,42.26
285960.98,93.86,5,1,1,1.94
1259637.44,75.19,2,4,1,47.07
242311.08,40.72,8,3,1,38.7
1281278.34,93.56,3,4,1,26.5
424683.17,17.86,5,4,1,43.03
1084938.52,49.45,2,3,1,41.42
531373.47,15.0,3,3,1,21.03
383231.57,38.47,5,1,0,42.01
476986.35,28.65,5,3,1,9.5
177656.04,36.91,4,3,1,23.51
147167.88,90.53,6,2,1,11.69
1548521.68,46.31,2,5,0,6.31
366135.88,37.61,6,5,0,44.74
443882.71,64.47,4,2,0,18.41
1002405.51,68.09,2,4,0,34.25
271393.33,93.62,9,1,1,18.82
478079.3,56.41,3,3,1,27.25
621486.82,73.97,2,3,1,17.47
445997.77,42.48,5,4,1,37.16
367457.9,24.54,3,2,1,39.34
422182.17,46.54,6,4,1,21.58
237955.16,45.6,3,4,1,42.99
1225526.49,45.75,3,3,0,17.83
2632800.03,69.11,1,3,1,38.15
462397.38,44.51,5,3,0,32.54
1787748.22,91.1,2,4,1,22.85
1346461.11,93.53,4,5,0,44.46
728821.5,54.49,5,1,0,28.66
93860.54,57.47,7,2,1,42.03
184022.98,44.65,5,4,0,36.69
194696.79,40.23,7,3,1,26.68
402808.57,93.75,5,3,1,16.39
450825.64,13.46,6,1,0,47.56
427599.13,44.86,3,4,0,2.93
443574.99,22.86,5,3,0,44.73
252037.29,71.73,5,3,1,25.37
686898.72,26.53,2,4,0,37.46
284187.94,85.19,3,4,1,16.77
227890.87,41.83,5,4,1,19.27
293718.45,87.96,3,1,0,9.62
184004.7,93.86,6,4,0,47.72
1865496.69,75.55,2,3,1,2.26
160243.61,62.97,7,2,1,19.4
1924143.18,22.74,5,4,1,16.8
2665735.97,89.31,1,3,0,40.67
369217.88,76.03,6,3,1,25.13
236936.49,34.48,5,4,1,8.54
503040.75,49.82,6,3,0,25.5
701846.59,15.75,2,4,1,11.88
1066676.94,66.02,2,1,0,0.95
3070768.56,20.65,3,4,1,27.27
1871711.97,65.38,1,2,1,18.08
1317111.59,67.08,3,2,1,12.02
325071.29,37.59,4,2,1,8.69
970784.44,90.64,2,2,1,22.74
1147438.32,76.21,5,4,1,43.49
340280.45,52.22,4,3,1,37.93
1470590.79,88.08,4,2,1,0.33
505291.97,82.75,6,2,1,36.58
353707.5,68.84,4,1,0,3.73
413964.08,23.0,7,3,0,27.45
1776908.28,52.25,2,2,0,39.02
2879381.23,83.48,1,1,0,22.72
193217.31,61.76,4,4,1,18.9
256345.08,56.37,5,4,0,46.98
1709119.39,91.19,1,1,0,1.56
948078.67,11.41,2,2,0,5.39
1438708.05,11.02,2,4,1,43.53
1102921.82,85.89,2,4,1,44.32
177967.37,13.28,5,1,1,18.7
1245405.24,38.27,2,5,1,27.06
476675.85,88.54,6,1,1,8.3
693550.9,68.75,4,3,1,44.23
948060.95,65.09,4,1,0,23.51
654034.5,65.84,5,5,1,28.25
870563.31,37.0,3,2,1,5.99
475254.73,55.1,4,3,0,30.78
243972.59,63.55,3,2,1,34.82
641443.62,35.99,4,2,1,14.81
561472.6,77.61,4,4,0,44.82
1166828.71,37.35,2,5,1,10.27
131668.24,16.07,7,5,1,44.88
518253.04,27.12,2,4,0,35.2
932474.75,44.71,4,4,1,41.56
645418.76,87.18,3,5,1,34.98
1492186.78,45.34,2,1,1,21.48
504184.05,17.63,4,2,1,16.65
224275.19,26.7,9,1,1,36.73
1740743.89,56.28,2,3,1,14.98
363697.88,25.1,4,5,0,3.19
525117.91,15.44,4,3,1,12.43
300498.16,70.76,5,3,1,37.79
1527743.34,76.67,1,4,0,39.68
823525.3,82.3,2,5,0,13.9
453088.32,81.73,5,3,0,16.46
247952.22,42.24,6,4,1,27.51
842404.65,72.43,5,2,1,13.17
1159194.14,59.6,1,3,0,30.35
886228.27,11.99,2,2,1,14.17
1522952.38,44.14,1,2,1,6.13
1574698.59,14.49,3,2,0,7.83
557734.6,17.09,4,4,0,12.6
1227505.27,14.76,3,3,0,8.48
162628.85,91.68,5,3,1,48.72
775775.05,81.76,3,2,1,32.95
1690662.96,47.32,2,5,1,9.05
694368.52,31.08,3,3,1,21.25
1878794.76,16.16,2,1,1,13.53
484568.77,46.65,3,2,1,34.26
923725.8,61.03,5,5,1,43.38
1575212.85,77.75,5,5,1,20.1
265810.09,14.38,6,3,0,21.5
379421.93,45.52,4,3,1,19.98
2371144.97,93.03,2,5,1,22.52
1705094.34,20.26,3,4,1,1.89
724427.38,44.03,2,5,0,29.67
513638.82,33.38,3,3,1,47.61
334867.87,21.39,5,5,1,39.29
294996.1,81.31,3,3,1,43.08
228518.15,69.25,5,3,1,11.53
361820.41,44.98,3,1,1,30.4
250166.89,41.37,5,3,0,44.66
388384.52,80.36,5,4,0,3.52
570480.62,17.72,4,3,1,43.87
1675610.29,22.48,3,3,0,3.32
155605.22,87.06,7,2,1,49.16
596499.67,79.46,6,5,0,4.29
348770.29,75.86,5,3,1,18.46
320796.52,63.04,6,1,1,2.83
594486.79,34.86,5,1,1,2.93
1010915.37,89.46,1,4,1,43.33
1247059.16,51.81,2,3,0,3.27
547751.48,33.85,4,1,0,39.65
888116.73,41.07,3,2,1,45.35
589604.25,11.43,4,5,1,46.76
1081369.17,31.69,8,5,0,43.22
225392.03,25.98,6,1,1,47.76
288359.69,21.52,5,1,1,2.68
227375.07,12.73,6,1,1,49.83
473591.99,29.28,3,4,0,1.12
270527.71,18.8,5,1,1,8.41
449632.27,13.84,9,1,1,4.14
1549883.4,21.67,3,2,1,37.23
703909.48,27.2,2,5,1,4.44
601655.0,45.36,2,3,1,14.71
1315466.82,59.61,2,3,0,31.94
711776.33,37.39,2,4,0,24.95
1449329.96,22.01,2,3,0,6.9
373246.5,89.93,6,4,1,26.12
399275.27,53.76,2,1,1,17.1
1672601.63,73.06,3,3,1,29.34
1456041.84,69.03,4,4,0,26.97
196107.18,34.22,7,3,1,49.48
261874.22,57.59,6,1,0,43.19
588436.84,61.18,4,2,1,0.28
1211690.31,39.9,2,5,1,8.88
588709.81,67.02,5,4,0,45.67
2207807.36,77.21,3,3,1,27.02
254720.34,40.96,7,3,0,38.0
307038.15,11.27,4,1,1,25.22
173333.12,39.69,5,1,1,39.31
213135.31,19.93,6,3,1,6.73
647912.88,23.23,3,3,1,36.92
1454889.28,41.11,4,4,0,43.49
290684.95,27.65,5,2,1,13.36
283461.4,89.47,8,2,1,18.48
490829.4,65.49,4,1,1,29.57
1348392.47,54.06,3,2,1,43.43
1505145.28,10.83,6,2,1,45.4
360477.34,18.81,4,2,1,26.77
211171.56,77.02,7,2,0,32.94
741965.94,43.13,5,2,0,43.66
1492536.7,13.87,2,2,1,11.64
1000754.65,80.17,6,3,1,41.28
2814673.74,35.72,1,3,1,13.17
266376.31,42.84,6,1,1,29.09
353257.08,92.82,8,3,1,46.74
642718.86,11.32,6,4,0,25.62
810976.98,71.31,4,1,1,4.76
448025.28,90.66,6,5,1,44.8
1253427.71,15.43,3,2,0,29.29
999772.46,83.62,4,1,1,3.65
1514632.06,45.38,3,2,0,0.63
585246.27,84.63,5,1,1,13.14
298931.49,36.2,6,3,1,6.1
721736.88,93.53,3,2,0,31.46
1022346.49,65.0,4,4,1,29.88
404831.54,63.3,3,4,0,42.06
1236823.31,78.5,2,3,0,25.72
391484.95,47.11,4,3,0,12.73
336208.72,31.99,6,3,0,2.61
711628.76,32.35,6,2,1,0.62
370607.92,38.1,6,1,1,46.3
509694.89,62.47,4,2,0,7.31
175369.14,81.26,5,1,1,25.01
1034201.15,52.46,3,2,1,39.76
2920573.35,44.29,1,3,0,46.44
1815113.35,77.48,4,3,1,10.16
549476.22,34.62,3,1,1,11.67
376898.32,68.57,6,1,1,9.07
575696.48,18.99,4,1,1,8.03
1702928.0,19.63,3,1,0,22.8
624190.19,64.74,3,3,1,31.83
1172050.97,17.03,2,2,0,35.34
713861.0,23.18,4,2,1,16.43
277208.15,63.07,8,2,1,31.23
1516840.08,47.25,1,2,0,0.22
318234.51,57.71,7,1,1,44.42
755202.45,93.04,5,2,1,43.5
1070986.58,63.72,1,3,1,27.25
357904.81,60.22,6,1,1,12.24
1302671.24,42.31,1,4,1,48.61
1353786.03,63.62,3,3,1,40.55
397496.21,11.1,2,2,1,0.95
354460.62,57.37,4,2,1,23.54
497270.4,15.86,5,2,0,5.19
1690782.72,28.71,3,1,1,6.7
476515.48,57.87,4,2,0,0.17
710506.31,66.78,2,3,0,34.42
1532483.04,42.71,4,2,1,12.7
415835.27,45.61,2,4,0,15.31
132511.15,52.33,4,5,1,2.45
516365.83,74.52,5,3,0,0.5
1467054.88,11.5,1,4,0,39.66
358128.82,48.0,3,2,1,33.1
1010950.54,11.21,3,3,1,19.18
765028.33,37.13,3,1,1,3.59
471154.12,54.19,3,5,1,38.81
114964.17,16.79,8,3,0,46.33
836665.84,51.24,4,2,0,26.42
418407.27,88.59,7,4,1,7.03
467053.98,68.25,4,1,0,32.66
1200854.91,76.49,5,2,0,3.67
260837.99,59.34,4,4,1,8.36
198469.46,86.19,4,2,1,23.59
218184.36,22.48,6,3,0,12.53
964631.28,48.23,2,2,1,46.52
458889.98,60.75,5,2,1,40.46
428893.54,84.25,4,4,0,13.91
2449105.07,36.18,1,5,1,48.19
233931.12,10.1,4,2,0,18.98
1178749.16,92.83,4,2,1,28.46
471849.3,12.21,4,3,1,28.24
1938122.58,22.95,2,3,1,32.51
811811.07,45.87,3,3,1,12.26
651972.44,52.19,4,4,0,46.11
930286.68,80.93,3,4,1,13.36
648443.9,48.06,4,3,1,33.28
1457869.2,56.53,2,1,1,38.31
628808.08,27.0,7,2,1,44.09
2230893.42,58.38,1,3,0,22.9
1011343.26,39.61,3,5,1,35.61
939413.86,18.39,2,3,0,4.36
2352344.74,90.45,2,3,0,38.92
264270.03,16.94,5,4,1,37.81
1947295.36,67.62,3,2,1,20.59
645185.36,87.2,3,1,1,15.74
280105.79,25.23,3,2,1,19.07
305881.33,30.16,7,5,1,4.62
658830.67,46.27,2,4,1,31.93
469055.31,35.03,7,3,0,45.66
335082.23,74.52,4,2,0,33.32
505689.26,38.74,3,3,1,29.07
106352.69,93.8,6,2,1,49.54
215929.24,83.0,7,3,1,27.14
231544.01,86.1,2,3,0,17.36
255517.46,15.41,3,1,1,35.26
391134.69,24.99,8,2,1,26.12
353011.36,24.4,9,3,1,48.61
639844.32,67.12,4,3,1,44.91
221987.51,11.01,5,1,0,47.35
321133.99,78.55,6,4,1,0.15
659492.7,56.5,3,4,1,16.78
989525.87,58.14,1,4,0,31.4
977350.94,55.67,5,3,1,15.49
1678263.51,55.5,2,2,0,32.86
347313.66,26.82,5,5,0,35.78
335833.92,34.07,6,2,0,31.2
561706.82,51.45,4,2,0,22.97
194142.32,67.62,3,3,1,34.87
569823.12,33.12,3,2,0,39.04
658462.12,78.52,2,5,0,34.83
155300.6,78.9,7,3,1,40.62
335005.39,33.28,5,2,1,47.37
1943497.28,57.61,3,5,0,5.22
728112.87,39.66,4,3,1,45.33
281490.7,26.21,5,3,1,13.75
465929.77,78.51,6,2,1,28.23
2295511.11,94.28,2,4,1,47.12
3453090.59,58.09,1,2,1,31.04
342497.2,87.69,6,1,0,4.3
672455.19,64.58,2,3,0,25.01
602893.64,58.09,5,5,0,44.73
502149.58,50.81,5,2,0,20.66
565438.3,30.04,6,2,1,42.41
967519.44,17.16,3,4,0,39.73
930462.7,47.6,4,4,1,45.33
359534.17,57.71,4,3,1,13.23
874142.36,53.3,5,4,1,24.88
446467.48,69.12,5,2,1,16.83
2295690.52,26.33,3,2,1,26.76
655622.29,40.11,2,3,0,1.05
1404629.21,45.32,4,2,1,12.16
318964.89,25.85,7,2,0,48.7
268259.82,87.05,5,2,1,30.2
494378.26,67.93,3,1,1,8.75
272673.98,17.81,6,4,1,25.47
2557394.61,70.59,1,3,1,34.93
678342.05,56.56,4,3,1,30.23
234221.03,54.53,6,2,0,25.15
279142.34,94.13,7,3,0,33.73
2389870.95,62.55,3,5,1,8.43
1118040.31,86.22,5,3,1,21.97
429353.01,87.65,6,4,1,37.54
1014244.85,18.62,2,2,0,29.01
426164.58,10.71,5,1,0,45.32
573018.26,47.0,5,1,1,22.24
134172.68,75.39,8,3,1,6.7
424760.06,80.06,4,4,1,2.53
145715.54,76.94,5,4,1,23.92
629851.6,48.02,4,4,1,21.93
730893.62,73.75,4,5,1,12.9
741878.63,71.1,2,1,1,29.57
5098169.23,36.67,1,4,1,12.58
86391.57,24.34,11,3,1,10.89
137257.72,62.82,6,2,0,31.15
1134297.31,67.55,2,3,0,47.25
929093.46,58.28,4,3,1,10.22
2722903.78,28.12,2,2,1,9.22
752775.45,33.52,2,2,1,26.02
1893734.42,70.22,2,3,0,6.06
645824.21,91.82,3,2,1,14.77
1787669.94,90.31,1,1,1,49.54
842308.49,54.17,4,4,1,42.07
977527.24,85.36,3,3,0,35.34
77001.46,12.5,10,2,0,1.4
1602878.96,83.2,3,3,0,13.33
756377.1,50.47,6,4,1,28.53
340567.29,76.43,4,2,1,35.54
838080.83,10.47,3,2,1,33.45
666718.87,83.83,4,4,1,9.35
579609.51,60.57,4,2,0,23.37
356297.93,30.42,4,3,1,10.01
441712.14,39.54,3,3,1,46.19
325431.77,27.06,6,3,1,27.92
1001834.17,46.07,4,4,1,19.57
915794.99,38.05,3,5,1,45.91
396859.28,55.43,4,4,0,45.21
630066.92,79.26,5,2,1,25.25
71785.41,93.49,5,2,1,34.37
1316710.49,31.37,3,3,1,16.01
139627.55,19.05,5,4,1,15.45
265873.51,43.63,6,3,0,27.52
253192.08,22.2,4,5,0,42.35
303937.94,80.91,3,1,1,29.9
1326273.63,52.6,3,2,0,23.01
499202.44,62.7,3,2,1,33.24
813653.63,22.8,3,4,1,40.63
385543.67,73.72,5,3,0,39.39
879942.82,92.75,3,1,0,18.59
519072.46,51.0,4,4,0,46.79
306077.12,91.81,3,2,1,0.89
720947.92,12.95,5,2,1,22.59
210625.28,13.04,7,2,0,45.39
129870.28,91.6,6,5,1,34.83
306720.75,69.52,5,5,0,35.23
1219756.14,26.04,4,1,0,7.91
550385.15,40.93,6,2,1,29.14
1608493.72,53.16,1,3,1,48.35
321581.88,69.72,5,3,1,10.66
544926.76,81.57,3,3,1,16.43
1723304.85,17.03,4,3,0,19.49
498681.73,65.81,5,4,1,18.06
366632.34,50.52,7,5,1,31.39
735813.64,60.8,5,4,1,11.81
762731.39,53.23,3,1,1,25.33
424335.78,48.31,4,4,1,20.07
881202.66,27.47,2,1,0,32.26
316563.7,50.15,6,3,1,12.17
387793.69,26.12,5,3,1,27.7
1022708.89,13.79,3,4,1,37.04
409106.02,41.78,5,1,0,34.68
1025788.1,12.12,3,4,1,41.73
472255.62,57.82,4,3,1,47.81
692850.01,16.15,3,1,0,42.71
597840.69,47.19,1,2,0,46.92
1717962.28,93.31,2,1,0,0.97
610234.58,10.84,4,4,1,31.48
902128.01,41.18,4,2,1,13.46
43599.69,67.23,8,1,0,40.47
1735368.71,23.51,4,1,0,40.97
607819.92,57.66,3,3,1,2.48
963777.11,31.95,4,3,0,29.82
177069.39,28.94,6,2,0,42.56
572762.5,86.07,5,5,1,29.41
210767.89,27.28,5,4,0,21.33
1363736.1,42.01,1,2,1,3.93
1250408.56,24.42,5,3,1,36.54
176840.85,34.13,10,3,1,3.82
1129530.42,34.91,2,4,0,29.94
1113956.17,37.78,3,3,1,45.89
889839.91,64.49,3,3,1,21.01
542507.39,73.12,4,3,1,38.53
493628.6,53.41,5,4,0,40.01
1197970.22,61.89,7,3,1,0.62
212820.45,79.13,9,4,1,45.76
745676.5,94.96,3,1,1,9.52
532044.54,48.8,7,5,1,14.21
769793.55,89.6,5,4,0,43.55
449096.74,51.68,9,4,0,34.36
2908762.04,76.47,1,1,0,18.66
499343.68,58.72,2,2,1,4.49
754755.22,85.14,7,5,0,19.37
332229.23,48.14,3,5,0,48.32
594387.6,69.14,4,2,1,5.32
630511.9,49.64,2,3,0,42.32
476976.56,82.85,4,2,1,16.33
1207557.48,94.52,2,2,1,32.76
801469.37,30.68,3,2,1,31.61
510790.36,50.32,5,1,1,16.35
745877.47,16.91,7,3,0,2.81
867619.29,21.98,3,2,1,7.53
570856.83,88.98,3,5,0,28.34
1178602.55,56.21,3,3,1,47.45
809558.55,43.58,5,2,1,46.3
237314.36,67.08,4,5,0,5.76
405359.62,57.61,7,3,1,43.77
754951.87,34.54,4,1,1,11.77
552854.21,29.26,3,3,1,45.5
1508779.79,60.17,3,3,1,37.95
302007.51,26.0,6,4,1,48.07
534481.03,21.83,4,3,0,22.14
223399.15,37.06,8,2,0,36.61
667126.62,83.21,3,3,0,36.79
205416.94,13.13,5,3,1,24.86
278551.21,80.83,3,3,1,48.73
1720440.21,62.78,3,1,1,12.26
397603.64,13.43,3,5,1,49.31
218759.16,61.17,5,3,1,40.62
136171.66,46.21,4,3,1,30.84
193051.6,81.5,7,3,1,3.87
179280.74,87.11,5,2,1,13.04
1770188.87,34.35,3,3,1,42.08
1211388.72,76.65,3,4,1,36.43
262412.21,36.33,5,3,0,48.14
1276588.72,35.13,6,3,1,19.9
1786755.77,26.37,2,3,0,44.73
815824.05,67.67,2,4,1,43.11
88514.23,32.24,5,4,0,48.31
1959639.69,49.51,4,4,1,13.7
215337.57,79.03,4,2,1,24.78
246261.3,77.31,3,3,0,4.14
732416.3,82.71,5,4,1,29.59
1714125.39,23.69,5,3,1,36.64
909932.57,59.89,5,4,0,11.98
927022.56,87.76,3,4,1,8.57
472169.42,13.57,6,2,0,32.01
472663.59,77.53,7,2,1,19.72
1563144.37,30.93,2,3,0,21.39
469431.16,66.92,5,2,1,23.61
422135.97,70.98,5,5,1,25.62
381935.19,88.67,5,2,0,9.86
180179.9,53.25,7,2,1,28.93
418863.59,82.1,4,5,1,3.55
179500.19,13.85,4,2,0,5.76
311525.59,45.75,6,3,1,35.61
365211.91,47.36,3,2,1,36.6
511293.58,55.75,2,4,1,13.39
736249.4,50.91,3,2,1,9.32
914162.35,92.28,5,2,1,2.79
860006.82,16.68,4,5,1,21.0
386370.66,32.53,2,2,0,25.5
182492.37,92.33,6,4,1,44.98
1743343.77,47.85,2,2,0,0.22
183275.93,58.55,6,2,1,20.35
577583.22,16.89,3,4,1,21.02
1379020.58,34.14,2,1,1,44.34
221805.34,13.37,5,2,1,9.88
704055.89,21.69,3,4,0,3.4
222635.31,63.83,4,3,0,19.14
460729.84,74.91,3,3,0,30.65
1201068.31,83.96,2,1,1,42.92
190595.64,31.37,4,4,1,13.52
516508.45,38.29,5,2,0,12.64
653178.05,58.4,3,4,1,16.37
690519.58,17.11,4,3,1,6.0
453572.57,78.57,5,4,0,48.86
642148.01,51.08,7,2,0,27.08
712490.9,92.07,3,2,1,13.68
255402.81,19.97,6,4,0,18.15
711240.72,21.33,3,5,1,43.31
549377.39,39.63,5,2,1,33.72
680582.11,27.57,3,4,1,27.7
1015821.13,69.21,2,1,1,36.27
162651.22,90.48,8,3,1,37.82
333022.42,17.64,4,5,0,9.79
122091.58,30.59,7,5,1,8.02
809227.93,30.22,7,2,0,48.34
117505.51,53.27,8,2,1,9.37
327080.8,48.42,4,1,0,23.29
257691.32,71.78,5,3,1,49.14
678416.52,72.27,5,1,1,20.92
830582.89,58.68,2,2,0,25.79
419181.87,60.24,10,1,0,39.94
441217.55,81.6,3,2,0,17.09
1172031.72,43.74,2,5,0,21.61
300288.03,11.05,4,3,1,16.68
1795501.84,28.11,4,1,1,14.44
243080.17,13.01,4,3,1,23.64
795940.84,43.45,3,5,0,37.32
725032.51,40.42,4,3,0,43.38
508307.34,18.38,5,3,1,23.56
887070.93,74.18,2,5,1,16.12
917089.55,57.01,2,3,1,45.59
508892.73,29.18,4,3,0,16.86
363073.61,74.53,5,3,0,38.77
883841.57,66.77,4,5,1,37.46
7469314.61,26.29,1,3,1,2.58
202722.79,93.55,7,4,1,8.96
124518.31,25.08,7,3,1,28.69
940233.56,75.59,2,3,1,43.39
2330355.16,92.3,4,2,0,29.74
408065.5,71.67,3,5,0,37.16
1325334.88,66.59,4,3,1,36.75
1356374.82,86.78,4,1,1,24.77
284477.41,32.88,5,1,1,28.08
697386.8,33.56,4,3,0,3.66
1053470.03,64.5,5,1,0,46.39
315869.82,84.98,5,4,1,33.75
438694.01,62.48,4,2,0,7.81
466204.27,93.05,3,3,1,12.28
215713.85,28.95,5,2,1,0.33
335755.71,80.2,4,2,1,13.27
190269.72,88.82,5,3,0,15.9
674574.76,46.3,3,3,1,34.19
312300.67,91.77,4,2,1,23.89
570333.86,27.18,4,2,1,42.15
155908.52,90.99,5,2,1,4.43
806061.93,86.74,3,4,1,35.38
653880.22,15.62,5,3,1,43.76
199814.82,54.31,3,3,1,21.12
620412.33,54.95,4,5,0,14.51
828327.17,14.84,5,4,1,22.33
191909.17,13.36,5,5,0,39.46
1081766.08,10.43,5,3,0,45.96
849836.38,54.58,3,1,0,3.37
1298853.99,49.42,1,3,1,26.47
479377.75,89.94,4,2,0,32.02
923922.86,39.1,3,2,1,0.97
518818.23,65.95,4,3,1,9.14
1369705.64,10.64,2,2,1,3.22
285301.41,66.4,4,1,1,14.59
548708.24,87.64,4,2,0,10.35
282987.79,40.16,3,4,1,24.39
1854757.21,36.69,1,1,1,32.8
192123.94,63.21,6,1,1,42.13
255057.46,37.93,5,4,1,15.29
1387540.92,44.21,3,2,1,2.62
1272092.56,33.21,3,5,1,0.29
952524.0,39.32,3,2,1,42.24
343176.46,67.75,3,4,1,43.92
273319.16,88.4,6,2,0,5.14
586512.04,59.56,7,1,1,0.61
539682.23,10.85,4,4,1,40.03
1993302.49,32.43,4,5,1,32.07
1255247.75,90.94,2,4,1,27.85
741638.48,87.38,3,4,0,26.71
329421.12,19.83,5,1,1,38.71
537041.25,87.22,4,4,0,14.74
603140.72,91.98,3,3,1,19.52
758100.2,37.59,4,3,1,3.98
3520175.45,69.59,1,3,0,28.35
412418.56,57.6,3,2,1,48.04
446017.31,38.65,2,3,1,14.26
164716.72,23.03,4,2,0,46.47
537861.78,41.19,5,3,1,36.49
170453.97,88.86,6,1,1,11.77
272424.96,78.96,2,3,1,33.18
357623.85,38.11,7,2,1,18.38
4424432.28,56.55,2,2,0,6.2
987775.05,44.51,2,1,1,4.73
1639574.45,49.63,2,1,1,0.96
694179.14,74.7,3,2,0,39.91
311422.8,56.16,6,2,1,44.25
860399.01,25.39,4,2,1,24.18
416458.01,32.87,4,1,0,26.04
387967.14,58.26,6,5,0,34.61
480979.91,68.89,5,1,1,35.08
442649.46,53.19,3,4,0,16.27
1797807.15,62.72,2,3,0,8.04
595056.63,77.1,3,3,1,21.58
251982.52,56.36,5,1,1,34.88
911907.3,93.06,3,2,1,40.23
289128.02,30.02,4,4,0,4.55
403314.04,88.17,5,3,0,29.46
328656.74,31.05,6,3,1,2.8
3803899.72,55.19,1,3,1,41.26
439353.44,48.75,6,3,0,33.37
244151.03,41.7,8,4,0,34.86
809656.55,91.83,4,4,1,38.11
1141473.09,33.15,4,2,1,24.83
923636.52,67.36,3,4,1,15.02
332518.94,78.35,6,3,1,39.3
300825.6,26.75,3,3,0,38.89
174411.43,92.72,6,4,0,6.83
550318.72,56.46,3,3,1,45.15
687725.8,87.73,2,4,1,11.14
443087.64,66.43,4,3,1,15.39
512827.9,65.2,4,3,1,10.87
908184.98,39.37,3,4,1,48.28
316773.18,75.5,6,1,0,15.04
884952.01,12.53,3,3,1,48.57
228996.06,57.24,9,1,1,31.93
121210.28,12.73,5,2,0,8.91
161214.11,36.08,7,3,1,27.74
363709.06,18.19,5,2,1,44.12
479757.46,87.49,2,2,1,28.13
405975.09,63.4,7,5,1,6.72
827935.91,66.82,6,2,0,14.42
457728.98,82.35,9,3,1,11.32
581474.26,72.31,3,3,0,6.38
1616580.05,20.56,3,1,1,16.43
361291.72,62.49,6,3,0,33.09
323939.0,93.14,5,3,0,19.19
274448.93,28.2,5,2,1,22.25
275614.58,62.68,6,1,0,16.1
392699.34,57.91,4,2,0,49.72
549055.81,43.29,4,4,1,29.35
311898.86,91.14,7,2,0,41.71
662128.76,40.29,3,2,1,22.12
644267.02,17.96,4,2,1,8.52
1012662.34,91.82,4,4,1,42.36
1168370.02,71.98,3,3,0,38.2
406733.74,39.11,2,4,0,16.56
214164.6,33.84,2,5,1,30.36
1157739.16,88.88,3,5,0,4.76
291052.95,33.25,3,3,0,1.41
866306.09,55.66,2,3,1,40.81
982575.22,28.27,1,4,0,47.1
224178.85,94.59,3,2,1,17.27
304873.76,75.41,9,1,0,29.92
625342.75,58.25,5,2,0,35.89
350739.62,73.4,4,4,1,37.33
83778.92,87.89,5,1,0,24.11
285733.67,91.87,5,4,1,30.7
1254108.13,76.81,2,4,0,32.89
116627.8,82.17,7,1,1,5.25
737782.0,43.81,3,1,1,32.29
982314.61,43.3,2,2,1,25.59
350856.77,78.71,8,2,0,18.99
532561.6,74.57,4,3,1,13.16
276471.85,86.58,4,3,1,31.93
677512.6,21.31,6,4,0,8.42
600951.77,68.72,3,1,1,40.56
650180.3,65.05,3,3,1,8.67
566307.24,77.87,2,3,0,38.6
379927.71,12.09,4,4,1,40.89
388677.83,80.23,3,2,1,46.99
198592.01,37.75,9,3,0,23.22
5537341.6,68.41,1,1,0,3.28
145088.6,62.41,6,1,1,33.92
376516.06,47.42,2,2,0,14.2
958633.67,73.41,5,3,1,4.73
582913.16,91.7,3,1,1,42.8
265433.19,37.5,5,4,1,7.07
740073.59,73.62,5,5,1,25.37
344667.79,36.74,4,3,1,39.45
1976807.13,81.88,3,1,1,10.03
1488989.62,47.17,2,4,1,44.84
493185.61,48.19,3,2,0,16.65
3617297.46,75.61,2,4,1,19.88
459529.66,52.17,3,3,1,6.66
1547436.18,32.66,2,1,1,32.26
1186393.24,94.62,2,2,0,24.82
1082463.92,62.72,4,3,1,48.71
2530075.08,64.84,2,4,0,34.95
505300.27,64.96,4,1,1,37.97
420557.71,85.09,3,2,1,10.03
653232.85,25.63,4,1,0,35.67
440100.54,15.03,3,3,1,27.91
1327216.48,42.87,5,3,1,20.25
1076013.99,58.02,2,5,1,39.15
398121.58,34.29,4,4,0,48.93
553775.04,68.58,4,4,1,4.83
176713.72,16.28,5,2,1,39.47
221370.64,77.21,5,2,1,45.98
814891.64,71.04,5,3,1,15.83
334224.79,28.19,4,1,1,18.21
211592.07,35.37,5,4,1,39.76
455992.75,78.6,6,4,1,47.69
1009663.97,75.73,4,1,0,46.95
763049.07,79.17,4,4,1,2.88
1201421.89,37.39,3,1,1,43.58
314779.79,92.41,4,1,1,29.36
168969.87,70.8,5,1,1,21.11
1626901.6,15.54,3,3,1,42.29
204219.48,50.61,8,4,1,40.04
341144.79,66.49,5,2,0,25.52
1466375.4,24.34,3,4,1,20.59
922761.16,86.65,3,2,1,23.68
1303267.96,74.1,2,5,1,15.99
2422690.16,16.92,3,4,1,34.06
336917.95,87.62,4,4,1,44.61
494248.61,44.37,7,3,1,12.6
341959.78,48.46,6,2,1,41.29
582369.85,76.56,4,1,0,18.1
1653605.75,64.74,3,3,1,6.68
537811.57,47.19,5,3,0,2.12
912885.15,32.07,3,3,1,24.02
943366.41,53.94,4,2,1,28.46
318567.75,59.23,5,3,1,0.4
599185.8,63.63,2,3,0,32.67
105929.54,61.43,10,2,1,25.97
121874.63,62.47,5,4,1,49.87
1702196.3,50.44,4,3,0,5.32
255705.23,57.76,4,2,1,35.28
578755.59,34.53,3,2,1,10.93
559780.34,23.46,3,2,0,10.4
476873.3,61.59,5,2,1,1.03
1078228.57,13.99,3,3,0,0.43
1107562.05,15.54,3,5,1,9.41
465813.79,31.02,3,4,1,8.86
448396.25,26.52,4,2,0,0.12
783037.36,41.8,3,4,1,35.89
426979.36,41.56,4,5,1,25.23
1300309.65,19.93,4,2,0,19.87
665497.8,30.95,4,5,0,5.28
770374.71,10.39,4,5,1,16.76
590243.74,39.83,5,4,0,23.58
572732.57,77.7,7,2,0,49.9
736747.6,32.62,3,3,0,25.58
227659.52,64.68,4,2,0,1.07
420018.19,18.35,6,5,0,10.47
670674.15,11.04,2,1,1,17.79
288771.81,52.36,5,4,1,22.85
704697.6,49.23,4,1,1,33.75
595442.25,26.28,7,1,1,29.57
502056.82,34.36,4,5,1,25.51
1193203.93,12.61,2,4,1,41.91
1101177.98,77.81,5,2,1,9.89
572723.05,35.61,4,5,1,3.99
3148376.81,28.65,3,4,1,41.93
556747.93,78.4,5,5,1,23.16
98482.31,13.34,7,3,1,27.71
778956.6,34.18,4,5,1,41.89
356035.2,32.33,7,4,1,47.3
716470.38,32.35,6,5,1,27.64
989837.95,10.98,3,2,0,40.63
364940.1,89.45,5,3,0,27.28
475572.15,83.45,2,4,0,1.76
349810.95,45.23,5,3,1,47.8
595133.21,47.86,2,4,1,40.91
466528.15,54.55,3,5,1,37.7
470423.0,50.66,6,4,0,22.15
2700089.62,76.23,2,2,1,47.13
502507.08,51.52,5,1,1,24.54
483749.74,26.05,2,2,1,36.07
647236.63,19.94,4,3,1,5.12
1355073.97,88.05,3,1,0,11.02
275045.65,14.11,5,2,0,21.27
457391.67,86.29,4,2,1,29.11
333385.06,68.69,6,4,1,40.3
176866.57,44.4,7,1,0,12.12
585095.49,25.91,5,1,0,38.74
307328.24,36.39,6,3,0,44.51
318786.83,55.04,8,2,1,40.94
388051.14,65.83,3,2,0,31.16
305006.12,68.78,5,2,1,40.52
436925.8,48.02,7,3,1,43.89
396331.3,41.79,4,1,1,27.8
698532.35,75.31,8,5,0,40.53
222862.03,88.66,7,1,0,21.11
567227.92,87.73,4,5,0,26.17
1734808.03,56.89,2,4,0,2.73
282199.14,16.72,3,4,0,44.19
137871.42,16.23,5,2,1,7.1
158763.08,44.23,5,3,0,13.88
704885.74,72.29,6,4,0,15.94
284772.87,52.27,5,3,1,5.88
1840378.21,63.33,5,3,1,46.1
471106.35,81.68,3,2,1,48.5
316418.39,13.43,7,3,0,43.27
2500793.88,88.52,2,2,0,17.38
3303551.14,38.13,2,5,1,2.86
853807.13,13.98,8,3,1,9.23
1023486.38,81.01,4,1,1,38.63
916340.37,89.4,4,3,1,14.37
1414616.45,75.33,2,3,1,44.64
1054317.67,78.38,3,1,1,41.77
712219.47,84.06,2,3,1,11.92
606787.23,54.4,2,2,1,34.7
659582.96,67.84,3,3,0,22.17
447572.97,34.35,4,3,1,10.83
503556.34,31.22,3,2,1,29.55
376393.69,61.76,8,2,1,41.88
703445.17,72.44,5,4,1,46.35
418154.48,43.76,5,2,0,3.03
1202873.32,44.02,4,3,1,20.99
199895.22,91.11,5,4,1,30.26
353050.51,54.07,5,2,0,16.97
161210.31,93.83,8,1,1,15.95
129396.95,83.34,5,4,1,38.62
377359.53,64.37,5,3,1,39.15
921542.63,10.78,2,4,1,36.47
2458157.55,35.15,2,2,0,44.94
1447487.47,45.5,2,4,1,24.79
178747.31,65.49,6,1,0,39.41
861599.13,43.62,7,4,1,0.66
1031295.0,80.37,4,4,0,49.37
401654.87,66.35,7,3,1,45.97
216353.3,39.51,8,3,1,42.08
371656.07,76.68,3,2,1,29.43
396480.28,35.76,4,2,1,27.25
952604.23,15.34,4,3,0,7.59
2047519.25,24.67,3,3,1,2.79
1668330.24,10.23,3,5,0,12.87
739362.17,80.75,2,4,1,7.63
337600.07,63.3,3,3,1,28.08
431530.66,58.5,5,4,0,16.69
343104.11,66.27,2,1,1,19.45
401170.24,65.56,6,3,0,1.42
453678.5,58.07,4,3,0,27.48
374775.98,81.6,4,5,1,32.84
190400.27,47.48,4,2,0,16.79
539674.87,78.41,5,1,1,6.65
1440325.22,76.86,1,1,1,35.22
196538.18,26.96,5,3,1,6.54
50550.72,48.57,7,2,1,40.86
390058.94,80.97,5,4,0,27.35
2871094.22,80.62,2,3,1,11.95
1343060.02,12.04,4,2,1,44.95
1507166.94,28.96,1,4,1,7.17
230248.24,46.03,6,3,0,30.1
656691.87,14.01,4,4,0,30.91
363072.0,32.15,3,4,0,1.96
475269.47,31.96,5,4,1,30.52
627946.5,28.24,5,4,0,34.74
591401.12,43.72,7,4,0,45.52
466779.93,79.11,4,3,0,35.48
584892.57,30.75,3,5,1,24.27
1170814.77,59.48,1,1,0,42.68
301817.38,57.39,4,5,1,17.75
432707.95,79.52,4,1,0,42.79
494341.27,43.49,5,2,1,42.21
857568.57,29.0,4,4,1,30.22
244912.12,85.78,5,3,1,17.3
2427726.94,80.8,2,3,0,29.6
1685083.78,62.83,1,2,0,45.3
489375.45,17.93,4,2,0,31.86
422126.67,11.37,3,1,1,42.02
115746.93,25.52,4,2,0,17.3
1123337.75,26.71,3,3,0,14.69
771284.03,21.58,4,4,0,12.87
418699.65,32.29,4,4,0,24.61
2064078.48,38.72,1,2,0,21.66
1351082.05,74.13,2,5,0,42.73
258812.77,70.31,3,2,0,5.72
288696.28,18.87,5,1,1,27.75
798319.72,93.05,4,5,0,20.23
934181.8,73.93,1,3,1,46.88
394106.04,23.89,6,5,1,39.44
219642.51,20.58,4,2,1,21.72
874358.45,17.44,3,4,1,32.07
646936.11,72.2,3,1,1,37.31
250774.3,30.08,3,4,0,3.65
1994086.15,16.2,2,2,1,33.72
1276005.5,45.86,1,1,0,7.06
203229.07,70.24,6,1,1,9.53
372719.74,35.89,6,3,0,23.11
3949827.28,51.02,1,2,1,48.97
538940.11,26.38,2,5,1,47.61
685837.24,46.48,3,4,1,45.12
854846.85,40.51,3,4,1,1.81
601045.22,46.88,5,4,1,42.66
734725.8,49.59,3,4,1,38.83
265142.8,17.85,6,4,0,24.99
301688.86,17.94,4,5,0,16.34
695978.5,32.15,3,5,1,37.8
208413.36,19.84,5,2,0,5.44
68716.99,31.49,5,2,1,32.56
858827.7,12.09,3,3,1,33.63
3410470.8,39.81,1,1,0,27.73
80055.95,28.14,6,2,0,43.9
360608.91,85.83,3,4,1,16.56
718699.2,82.94,4,3,1,23.96
6814050.46,35.54,1,3,0,37.96
334608.6,50.42,6,5,0,35.86
320264.94,91.24,4,3,1,28.17
444172.28,54.55,4,3,1,13.68
2262042.38,82.12,2,2,0,14.78
192242.21,80.24,7,2,1,37.09
409164.48,90.01,3,2,1,0.39
296830.33,35.98,5,1,1,32.67
279765.9,13.69,4,2,1,12.49
1067099.75,18.84,2,4,0,33.68
1313903.08,58.56,4,4,1,9.43
601723.43,55.07,4,3,0,18.88
852084.28,35.37,2,5,1,37.72
277382.8,31.14,6,2,1,37.78
258712.64,70.3,3,3,1,10.56
374235.77,38.94,9,1,0,18.88
315381.47,61.34,6,4,1,25.18
444816.76,70.54,4,3,1,29.41
4489501.6,46.59,3,2,1,37.15
2372018.28,26.44,1,2,0,1.28
420968.41,83.17,3,4,0,5.85
219317.4,17.95,7,1,1,7.97
789874.63,80.51,5,5,1,9.61
530549.15,81.12,4,2,1,1.61
167308.6,58.53,5,2,1,46.03
1147303.62,63.51,3,2,1,8.19
442635.21,40.43,3,3,1,3.77
2033698.02,81.53,3,3,0,23.64
947644.28,32.41,4,3,0,47.07
379007.97,57.58,4,3,0,48.22
712724.58,10.15,6,3,1,33.85
344191.63,89.89,6,2,1,9.0
1102457.04,90.61,3,2,1,0.29
2652039.94,70.39,1,3,0,16.82
596621.88,45.98,2,3,1,6.36
336911.56,25.18,4,1,1,37.78
1226118.69,51.86,3,4,1,48.46
270323.68,77.27,6,3,0,4.28
518761.04,61.45,3,2,1,19.91
372619.91,54.84,3,3,1,45.13
426087.49,82.2,6,5,1,36.44
854330.51,36.62,8,1,1,43.5
208990.14,83.1,5,4,1,46.16
335297.07,47.35,6,3,0,20.69
1156649.44,10.21,4,3,1,34.71
315040.25,72.22,6,3,1,35.5
867014.33,84.62,3,3,1,31.58
149739.7,51.17,7,2,1,16.36
854585.62,48.65,3,5,1,41.63
886083.32,78.46,2,4,1,38.47
1791010.99,85.21,2,3,1,22.32
449192.61,92.83,9,3,1,21.11
1562782.92,39.38,6,3,1,0.64
561485.93,60.55,5,4,0,42.19
1205410.35,79.95,2,1,1,14.27
318290.71,55.21,7,4,1,23.59
802071.51,49.26,2,1,0,20.62
404873.86,58.61,6,3,1,33.94
553571.87,40.33,3,2,0,19.57
313378.32,26.33,7,3,0,9.07
1092811.36,15.66,4,1,1,43.44
154842.59,61.85,7,3,1,9.26
982281.08,42.23,4,4,1,1.52
624282.89,85.05,7,3,1,9.89
307859.69,28.95,6,1,1,22.81
277545.42,36.41,2,1,0,21.22
344211.8,92.49,4,3,1,39.84
1079385.4,57.28,4,1,1,9.83
651913.31,39.47,3,1,0,38.8
217723.4,83.18,5,3,0,4.91
488220.66,73.19,3,2,1,23.74
656668.17,58.72,5,2,1,43.28
550511.01,85.57,5,3,0,20.71
1717947.36,17.99,1,2,0,48.17
318210.2,43.53,5,2,1,31.59
522475.21,78.9,3,3,1,37.86
285004.29,42.81,4,2,1,25.54
1306589.74,88.77,4,1,1,21.54
544702.71,22.96,3,3,0,4.33
4115599.68,38.61,1,3,0,6.09
2469786.95,46.19,2,2,0,28.63
601527.22,68.39,6,3,0,30.72
306076.36,26.6,5,5,1,49.24
842076.18,10.84,3,5,1,42.9
977091.38,93.0,2,3,1,42.24
576442.98,86.39,2,1,1,14.4
602185.74,35.52,4,3,1,20.65
244331.64,51.1,4,1,1,5.2
1010861.27,51.56,4,3,1,29.12
250063.5,83.88,6,5,0,3.57
447422.17,60.75,5,3,1,22.4
587527.52,80.25,4,3,1,28.35
1697482.82,87.52,1,2,1,11.49
352418.52,58.11,8,1,1,38.79
372787.36,34.27,4,5,1,33.77
668866.97,52.39,5,2,0,7.48
176835.34,82.32,5,2,1,49.19
427790.91,59.61,5,3,1,27.15
3173070.28,86.14,2,4,1,1.42
217589.01,86.11,5,2,1,17.57
330069.55,41.74,4,3,1,48.97
539774.53,48.09,5,2,1,45.13
736111.43,67.62,3,3,1,7.64
407835.26,19.44,6,2,1,42.76
664784.31,49.57,4,3,1,30.96
1450887.07,22.7,2,1,1,1.18
771723.8,82.08,5,4,0,37.9
362210.58,90.14,7,3,1,20.7
857775.96,22.03,2,5,0,19.87
742107.85,66.72,4,3,0,19.2
2066396.59,64.11,3,2,0,29.87
261583.7,74.61,7,3,1,35.74
552459.41,69.14,2,3,0,32.42
770511.99,28.46,5,2,1,12.16
614865.62,34.75,3,3,1,35.37
89737.03,24.04,6,2,0,6.86
1098922.51,88.3,3,4,0,48.57
719028.24,54.35,2,5,0,23.73
625976.27,92.97,3,2,1,4.66
403297.08,48.19,6,4,0,28.87
740949.33,56.98,3,1,1,28.89
1011615.18,77.09,3,2,1,2.04
381709.0,77.76,4,3,1,0.64
539514.84,29.65,5,2,1,49.81
565609.79,34.5,3,3,1,19.57
617755.72,18.31,5,3,0,12.35
573654.5,78.46,5,1,1,27.43
282785.07,77.48,4,1,0,0.52
475512.16,16.91,8,1,1,0.74
1437508.45,31.88,1,5,1,5.73
643963.14,48.24,5,3,0,40.15
411931.73,56.05,6,4,1,12.49
1493474.5,54.42,4,3,0,25.22
1733963.54,93.56,1,2,1,11.26
267975.4,74.95,6,3,1,27.29
391958.14,19.62,5,3,1,25.49
826491.53,34.95,2,3,0,20.1
3204174.8,39.36,1,2,1,21.72
187947.75,36.79,4,3,0,32.7
210734.14,76.81,5,3,1,42.12
208956.28,40.65,5,2,0,16.04
1753347.5,51.86,2,4,0,26.65
1844568.13,55.34,3,3,1,42.72
931157.1,32.99,2,3,1,8.48
895878.24,37.43,2,4,0,48.98
2067873.41,76.3,1,2,0,37.56
796266.39,83.67,5,5,0,18.37
284160.29,13.15,4,2,1,18.82
1143808.69,61.44,2,2,1,10.35
593242.84,63.84,6,4,0,13.47
446367.12,72.67,6,2,0,29.39
555405.97,68.98,4,4,0,0.29
451886.41,84.58,8,2,1,1.26
195812.62,16.67,2,3,1,49.33
744472.23,43.01,4,2,1,11.85
223193.66,76.48,6,4,1,41.5
220357.82,81.96,3,2,1,30.66
898165.18,32.51,3,4,1,22.35
1506926.7,59.75,3,2,0,36.64
304300.63,25.37,6,3,1,2.6
1170700.02,82.33,3,1,1,37.83
2608327.51,72.09,2,5,0,42.86
1091053.51,28.88,4,4,1,14.08
1326009.16,63.02,4,3,1,15.15
1547466.0,53.29,2,5,1,5.24
345760.19,32.0,6,5,1,42.81
252763.17,85.92,3,3,1,40.41
342122.66,22.57,5,2,1,21.32
199245.41,49.73,6,3,0,18.95
1458804.35,59.54,5,2,1,21.43
297363.04,80.0,6,3,1,21.08
426976.81,22.77,5,5,0,21.54
552082.8,61.78,5,2,1,7.37
678438.54,10.56,3,4,1,0.77
783182.07,79.92,7,5,1,38.15
1364652.51,29.95,1,4,0,17.25
1114166.66,71.28,2,3,1,24.6
1269987.54,61.16,1,3,0,15.44
299351.64,14.26,3,4,1,19.14
686795.16,25.57,2,1,0,3.84
646394.73,32.76,3,4,1,18.58
170279.09,85.37,9,3,0,23.21
218117.23,50.87,6,2,0,41.66
284246.54,87.65,3,4,1,16.18
943158.36,14.03,2,2,1,4.52
267949.95,10.56,3,4,1,37.98
521400.69,90.6,6,3,1,18.84
347216.71,71.53,6,3,1,45.78
275641.62,76.58,3,3,0,47.96
329402.81,87.84,5,2,1,43.61
631314.21,93.69,2,3,0,11.41
1200630.66,18.31,2,4,0,12.77
2215797.82,23.45,2,1,1,39.73
107273.51,26.03,6,2,0,22.36
708144.44,79.57,3,4,1,14.96
360224.39,40.22,5,3,0,14.77
593247.01,60.43,5,3,1,28.92
375554.36,82.69,6,2,1,44.76
252554.03,68.07,5,3,1,30.98
409328.49,15.56,4,4,0,31.05
307456.88,47.88,4,3,0,37.37
945349.45,15.74,4,2,0,38.04
334712.6,50.7,6,1,1,45.48
1240811.92,28.64,5,3,0,8.19
477972.82,10.11,4,3,1,49.23
432070.33,79.12,3,2,1,16.51
159904.73,92.4,5,3,0,14.15
112011.49,91.95,6,3,1,25.54
383222.58,35.43,2,2,1,13.29
387905.3,80.45,6,2,0,11.72
448415.5,67.7,6,3,1,48.34
255933.59,78.01,3,4,0,5.29
1130771.5,81.93,3,3,0,49.5
494622.97,93.32,3,4,1,31.16
721771.23,22.9,3,3,1,47.93
1043294.93,75.43,5,4,0,44.88
848995.55,72.4,4,4,1,32.46
843853.71,34.46,2,4,1,29.53
193595.3,43.37,6,3,1,49.63
181733.84,25.02,3,5,0,25.81
321970.0,87.63,4,1,1,9.02
1746844.99,84.74,1,2,1,49.65
548282.04,62.19,2,4,0,16.24
458149.79,53.49,4,4,0,4.46
692109.07,29.8,3,4,1,35.87
577506.01,77.12,3,4,1,22.36
335609.68,10.7,4,3,0,19.46
731301.07,49.34,3,5,0,31.62
646203.68,83.15,4,2,1,2.74
171785.36,62.57,6,5,1,34.94
1155755.81,63.99,4,3,1,25.22
311479.14,16.01,6,2,1,24.56
401062.22,34.37,5,4,1,45.01
606518.64,67.28,5,2,0,41.58
456111.13,14.22,5,2,1,26.63
1170884.13,38.13,3,2,1,28.96
785175.24,40.09,3,1,0,40.37
228839.94,52.39,6,4,1,20.62
410504.7,40.8,6,3,1,33.59
499127.62,48.6,2,5,1,27.08
529051.71,56.49,4,3,0,25.03
215957.61,20.91,9,4,1,49.24
437501.55,25.34,4,5,0,0.97
262227.4,80.76,7,1,0,20.79
320533.92,49.08,2,1,1,46.52
356635.91,40.19,4,2,1,46.41
698782.39,46.88,3,4,1,37.41
1091176.09,24.86,2,4,1,29.64
356747.18,30.39,3,2,1,34.57
1059312.15,53.82,4,2,1,12.72
235827.81,40.51,5,4,1,24.47
1182406.15,50.41,3,3,1,26.85
854015.25,22.72,3,1,0,3.28
336370.75,23.3,4,4,0,43.32
958789.73,42.64,6,5,1,22.89
242201.07,42.2,4,1,1,44.96
860439.12,85.08,4,2,1,19.56
1204695.15,12.84,3,4,0,20.5
662967.13,94.39,2,3,1,12.29
1143020.43,91.3,4,5,1,32.25
341305.82,56.09,5,5,1,27.47
785914.97,71.09,3,2,0,45.66
1158974.27,89.5,2,3,1,21.52
304874.44,31.35,6,3,1,32.44
1075044.57,36.83,3,1,1,35.41
1063930.84,19.43,3,1,0,16.06
115742.29,57.93,6,3,0,44.05
2168306.41,23.55,2,3,1,19.1
182811.43,89.12,4,3,1,31.9
526295.21,46.68,7,2,1,30.83
779638.14,88.17,5,3,1,21.13
147194.48,27.43,7,2,1,9.25
1549606.25,68.99,1,4,0,29.67
255322.53,65.05,4,2,1,18.84
290479.39,43.97,6,4,0,19.02
412043.86,86.36,4,2,0,24.7
633084.01,46.96,5,3,1,33.89
2176085.26,26.87,2,2,0,36.51
572614.93,93.04,8,4,1,21.41
471694.54,47.53,3,4,0,6.08
349769.26,27.69,5,4,0,39.61
144422.62,40.91,5,3,1,33.5
611292.46,62.15,2,2,1,40.05
884357.45,53.52,4,3,1,15.86
1306752.14,63.98,4,5,0,45.47
135060.83,66.26,7,3,1,13.21
277918.6,20.49,5,5,0,14.56
487898.26,36.77,4,2,0,26.87
586426.33,73.64,4,4,0,49.87
304962.33,65.28,4,4,1,10.19
639308.41,17.51,4,4,0,41.94
298420.39,36.79,5,4,0,0.22
491410.09,89.16,4,3,0,11.95
1375906.53,83.27,2,3,1,17.37
398082.86,67.0,5,5,0,32.47
254335.36,16.19,6,3,0,5.78
309426.12,61.6,6,5,1,6.52
470093.96,11.04,4,1,1,7.4
397002.96,66.2,4,1,0,33.16
282932.29,72.15,6,3,1,5.82
1293540.95,52.27,4,4,1,19.97
925361.16,10.32,3,2,1,7.92
415159.24,66.66,4,3,0,19.17
1506087.01,79.68,2,3,1,35.73
324574.51,59.8,5,2,1,13.96
668048.0,70.28,6,2,0,30.92
618771.26,17.68,4,1,0,12.5
464782.28,70.8,4,3,1,36.9
1296894.31,62.21,2,3,0,38.88
257522.41,38.14,3,2,0,15.59
336154.86,68.25,3,5,1,1.29
138376.69,64.87,7,4,1,6.54
360052.95,60.95,6,3,1,24.6
1121380.52,25.55,5,3,1,19.16
1080430.29,35.18,7,2,0,17.34
581515.41,94.27,5,3,1,29.01
1338900.76,46.81,2,5,1,8.16
96129.85,15.05,7,4,1,22.89
477244.13,86.42,3,1,0,10.25
411974.8,24.7,3,1,1,49.05
341532.14,44.3,4,5,1,2.53
298747.57,33.63,6,2,1,0.89
373417.1,91.93,4,3,1,28.25
151164.78,42.14,4,1,1,3.23
1552844.51,70.24,2,4,1,40.57
347229.73,60.86,3,1,1,41.0
572205.66,13.65,4,3,1,21.67
3441102.32,42.67,2,1,0,41.93
571044.3,43.15,2,2,1,37.05
86889.25,94.14,5,3,0,6.86
556701.9,79.01,3,1,1,42.99
767687.38,82.82,5,2,0,43.73
1284102.46,36.65,5,1,1,16.2
474076.07,37.97,2,1,1,38.77
667787.42,53.83,4,5,0,44.88
374939.28,63.64,4,3,0,37.31
930319.92,71.9,2,4,0,4.79
2422502.48,79.77,4,2,0,4.82
268231.45,84.22,3,1,1,49.12
384802.05,12.09,6,3,1,27.11
437510.7,77.67,6,1,1,32.26
543378.63,61.92,7,3,1,45.62
525705.02,55.23,4,1,1,0.47
795095.92,63.42,3,3,1,21.39
783764.35,84.96,2,4,1,28.36
776742.27,56.35,3,5,0,0.21
806885.82,23.79,2,3,0,31.26
719742.49,47.13,4,3,1,42.56
317678.74,88.58,5,1,1,2.84
497237.13,79.23,5,4,1,40.23
974125.21,27.26,2,5,1,48.88
1948329.64,70.7,2,3,1,46.02
320425.25,31.78,6,4,1,26.9
171079.93,39.63,4,4,1,43.04
4227633.34,49.86,1,4,1,38.55
127942.48,47.47,9,4,0,40.9
446470.19,12.49,3,2,0,19.96
231155.0,75.79,6,4,1,23.83
1130723.78,81.94,4,1,1,12.03
183502.43,55.13,3,4,1,2.67
1628561.35,24.7,8,1,0,29.9
3736403.54,31.07,1,5,1,15.55
566736.07,20.74,4,4,1,25.19
383703.61,24.41,5,3,0,48.14
470661.55,84.49,5,1,0,3.25
542116.14,50.81,5,4,1,43.69
324455.86,19.44,9,4,0,4.43
553448.93,31.65,5,3,0,32.71
697415.14,90.71,3,5,1,17.23
880680.13,53.29,2,1,0,5.1
603573.89,53.83,3,4,1,37.87
1763930.35,54.68,1,3,1,34.96
782950.02,19.49,5,1,0,32.05
707745.38,92.48,4,3,0,48.25
169841.28,17.18,2,4,1,1.28
734720.99,69.5,4,2,0,21.79
318357.92,14.91,7,4,1,28.18
392125.35,47.71,5,1,1,17.95
785237.7,86.47,2,3,0,33.51
1946065.99,75.32,2,4,1,44.97
875212.08,38.45,4,1,1,34.88
311756.91,56.86,4,3,1,28.51
316408.64,24.05,8,3,1,36.92
184470.8,91.27,6,3,0,5.57
108313.77,70.24,8,3,0,31.54
340331.46,41.81,4,2,1,20.42
1108838.68,37.02,3,2,1,16.01
702525.6,30.28,5,4,0,25.4
899180.4,76.85,3,2,1,40.26
437637.98,46.94,7,1,1,20.69
675637.93,38.07,4,1,0,35.15
674659.81,86.94,2,1,1,29.49
856441.45,22.77,3,1,0,45.82
457867.7,32.43,7,2,1,22.3
623520.48,39.31,5,2,1,41.01
1011609.98,32.09,4,2,0,42.11
606551.18,59.76,5,1,1,23.26
612053.25,61.09,4,1,1,24.48
753626.55,14.65,5,3,1,16.74
650485.94,22.28,3,4,1,24.83
146010.48,26.87,8,3,1,12.54
449488.46,15.98,4,3,1,42.93
253627.14,20.6,5,3,1,12.57
188901.86,30.37,7,3,1,12.96
363615.0,39.38,5,5,1,44.79
410830.4,77.26,3,3,0,26.65
235463.91,28.52,7,1,0,5.35
212186.08,66.95,3,3,1,17.35
563364.35,14.92,4,3,0,35.3
661397.96,65.95,3,3,0,20.35
242876.63,77.55,5,3,1,21.22
420684.01,61.41,7,3,1,24.98
1159999.11,27.12,3,1,1,11.2
251916.21,38.08,3,3,1,21.26
179235.34,78.44,7,4,1,10.85
416608.54,46.72,3,3,0,17.6
564057.21,31.69,2,1,1,26.67
465922.58,89.28,7,4,1,34.72
353015.2,64.18,5,5,1,31.73
338355.77,78.49,5,4,1,28.82
198604.42,12.08,3,2,0,29.82
1451493.58,38.84,2,3,1,25.6
188528.99,49.01,5,3,1,30.77
342559.32,59.93,6,4,0,18.84
390298.34,26.15,6,3,1,44.98
1495218.44,52.33,3,2,0,29.57
301370.44,68.28,3,4,0,46.84
80983.31,39.4,4,4,1,20.29
276749.54,68.77,8,3,0,19.79
1460095.42,43.12,4,1,0,48.25
694959.15,49.9,6,3,0,36.48
449709.79,21.41,5,2,1,25.99
492084.63,65.36,3,4,1,35.95
3218009.5,29.06,1,2,1,19.9
221114.15,80.45,5,2,1,37.96
2638746.79,57.04,1,4,1,10.56
1342621.92,57.62,2,3,1,47.55
1872862.87,87.56,2,1,0,23.1
1483457.21,24.23,7,3,1,4.74
836379.13,55.07,3,4,0,42.27
182623.2,42.49,8,2,1,44.73
390513.38,92.14,5,5,1,36.52
97992.31,77.38,7,2,1,31.52
217817.46,74.39,6,5,1,46.43
775515.58,27.35,2,2,0,31.14
289557.46,30.17,5,3,0,39.59
543137.92,12.48,4,3,0,23.62
201750.8,64.28,6,5,1,36.39
1942470.59,41.52,2,3,1,49.95
495751.4,36.52,4,2,0,19.19
328620.98,64.15,6,4,0,36.03
407162.97,80.44,4,1,1,7.53
2176251.39,21.31,1,4,0,31.79
1084301.62,88.09,3,1,1,16.21
392821.1,12.91,3,3,1,43.34
333979.78,18.08,4,4,0,18.05
330488.28,81.24,5,2,0,22.31
176846.88,51.88,5,4,0,49.02
303200.91,89.84,4,3,1,10.85
1489971.39,49.24,1,2,0,28.28
1116848.26,88.72,3,2,1,43.2
773688.42,30.37,3,1,1,15.81
222697.33,62.4,10,3,1,0.86
825912.75,94.53,4,2,1,44.83
304314.64,41.97,6,2,0,31.02
626550.43,10.12,4,5,1,11.6
372737.25,15.44,5,2,1,13.89
774989.78,83.02,3,4,0,40.0
1397708.69,51.81,1,5,1,32.14
229478.02,55.62,2,4,0,36.66
1829279.08,77.95,1,1,1,28.9
1551971.46,78.98,3,4,0,39.52
576061.54,50.58,6,2,0,41.07
884647.14,82.94,4,2,1,19.41
1040679.13,49.82,4,5,1,45.06
697028.98,67.38,3,3,0,25.31
1115978.6,12.84,2,3,1,8.09
342187.63,21.73,4,2,0,11.0
546748.39,82.37,3,2,1,36.72
956322.43,36.62,3,3,0,18.93
1020737.84,38.45,4,5,1,13.2
911808.3,66.35,2,2,0,30.28
1513425.89,60.37,1,2,1,39.14
495846.86,16.99,4,1,0,5.55
711001.41,75.09,4,2,0,22.51
138958.09,62.46,6,2,1,38.6
166654.68,82.7,3,1,1,45.19
356248.4,55.52,4,3,1,0.78
238298.22,45.22,4,1,0,32.84
487235.86,41.56,3,3,0,29.91
259217.22,10.38,7,2,0,25.94
251775.09,13.38,6,5,1,8.09
1184920.4,21.15,4,2,1,37.12
1206096.51,89.01,2,1,1,19.7
593617.38,84.86,4,4,0,11.81
576013.5,52.26,5,3,1,42.52
333730.09,25.32,3,4,1,15.42
1232869.31,22.42,3,2,0,10.0
473660.96,31.77,4,3,0,15.67
988235.28,87.24,3,3,1,9.13
521121.49,54.32,2,3,1,38.89
390271.36,78.34,2,3,1,9.19
809716.47,53.07,4,3,0,35.86
621288.83,61.8,4,3,0,8.21
288507.02,61.86,4,3,1,11.39
1176673.74,12.66,1,3,1,17.19
779044.12,47.85,5,4,1,47.51
242815.82,83.44,4,4,1,45.7
885443.83,51.57,6,3,1,4.35
128335.47,47.0,9,1,0,16.86
727042.92,54.76,4,4,0,17.38
542648.26,42.37,3,5,0,10.66
474564.58,53.81,6,3,0,21.84
357623.93,21.5,4,3,1,37.42
1798249.51,92.28,1,3,0,5.06
406408.3,12.9,5,3,1,33.62
543367.05,51.07,2,5,0,13.11
1546256.53,27.85,2,1,0,32.16
485754.96,14.96,3,1,0,34.13
864315.26,65.39,2,5,0,36.43
272964.22,93.74,4,3,0,43.1
71028.77,73.72,6,3,0,44.99
353608.42,31.59,5,4,1,37.98
2108052.07,51.94,4,4,0,24.11
793705.85,14.23,4,3,1,2.3
391995.59,55.19,5,3,1,46.86
423357.03,18.45,4,3,1,30.11
502416.72,77.54,4,4,0,26.78
917730.62,14.82,3,4,0,12.05
244071.86,10.8,4,1,1,34.24
773866.85,83.23,5,2,1,49.74
1015220.61,90.12,3,2,1,16.57
338976.77,17.36,9,3,0,40.0
859815.54,33.71,3,2,0,14.63
1003117.1,73.04,2,2,1,24.44
329882.62,55.87,9,1,1,10.74
942674.37,90.69,3,4,1,25.69
400825.4,43.08,4,3,0,23.02
702704.51,10.28,2,2,0,2.04
526928.12,11.68,4,3,1,19.15
717481.14,58.01,7,1,1,3.23
235682.63,73.93,4,2,1,22.59
273997.03,77.2,3,4,0,49.01
729594.53,87.48,3,4,0,14.72
681410.59,29.47,3,4,0,25.83
440016.32,72.76,5,3,1,6.6
573823.74,80.3,4,2,1,7.78
867118.97,81.08,2,4,0,17.84
807871.75,44.98,6,2,1,24.54
252924.25,63.21,3,4,1,35.1
301524.76,56.88,4,4,1,22.89
465912.34,60.79,4,2,1,1.32
123294.03,33.97,6,2,0,13.62
356842.38,68.07,5,3,1,1.34
767560.01,70.35,7,2,1,45.91
401552.67,26.66,5,4,0,1.55
1138558.29,47.71,2,2,1,2.57
186178.88,45.88,5,2,0,14.98
456603.59,73.66,3,4,1,31.65
527692.96,66.65,3,2,1,17.96
273104.96,50.48,6,4,0,3.17
1425985.89,65.47,3,2,1,41.83
923570.44,32.34,3,5,1,35.04
508885.36,29.75,2,2,1,19.88
459762.33,30.39,5,2,0,33.88
891196.98,12.51,3,3,1,13.8
785952.4,68.74,5,2,1,26.44
5118256.5,93.8,1,2,0,44.04
269587.72,36.27,4,2,1,5.47
174133.12,89.04,7,4,1,42.36
233085.11,61.56,4,4,1,39.45
861509.11,29.12,2,4,0,47.46
524592.53,11.01,5,4,1,25.74
3585472.1,71.52,1,1,0,13.82
631477.19,69.21,3,3,0,17.72
327306.91,29.49,5,2,0,32.03
1085886.88,38.28,2,1,1,7.13
300324.82,86.33,4,4,1,17.65
1157720.75,23.36,6,4,1,36.35
251900.92,81.01,3,4,1,28.73
1107590.14,24.38,2,4,1,3.23
1112815.96,50.95,6,3,1,24.89
995432.63,52.41,2,5,1,26.26
589697.1,50.13,3,3,1,35.07
533343.23,34.47,3,4,1,0.63
593120.41,31.54,3,1,1,21.48
1506194.45,72.32,3,1,1,44.34
262954.34,33.43,2,3,0,1.35
1658539.46,61.84,3,1,1,33.65
210940.49,81.96,4,1,1,11.24
422402.63,81.15,4,2,1,19.44
1532564.98,24.21,1,4,1,44.22
470415.91,65.65,6,5,0,18.19
95004.91,61.19,8,2,1,27.32
654095.89,33.97,4,5,1,4.57
3339857.15,43.27,2,4,1,16.3
218775.47,34.23,4,2,1,7.17
1110894.96,55.65,2,3,0,28.12
333206.05,78.31,4,5,0,23.04
640009.28,84.59,4,4,0,13.3
1002834.94,71.44,2,2,1,49.98
224885.89,51.09,6,2,1,7.75
531408.05,91.44,5,4,1,41.29
5853842.64,57.93,1,3,1,1.88
442043.41,50.68,4,2,0,42.36
1526835.09,82.83,2,2,1,23.9
76048.73,25.69,12,3,1,41.43
1116978.88,23.42,1,2,0,37.38
526499.6,76.52,5,3,1,28.67
1207635.96,84.0,4,4,0,18.64
613584.73,16.19,4,2,1,33.31
1643214.89,74.95,1,2,1,41.64
990958.23,46.08,2,5,0,25.21
187272.01,69.82,5,4,1,20.8
356207.13,21.47,8,4,1,7.23
1683276.34,92.71,2,3,1,44.82
1511700.6,84.91,1,2,0,13.44
498501.77,44.51,3,3,0,6.26
465137.82,85.94,5,4,1,3.4
508568.84,86.07,3,1,1,37.56
476406.17,49.21,4,1,1,33.78
1747223.85,90.49,4,3,1,6.11
854812.48,93.03,2,3,0,26.55
399792.74,28.46,4,5,1,7.72
448140.75,15.67,3,1,0,19.24
619753.61,38.15,5,2,0,39.17
355694.53,51.55,5,4,1,11.47
447648.63,17.88,3,3,0,1.48
2190488.72,21.96,2,3,1,9.75
1161784.15,92.59,4,4,1,20.08
460990.9,72.67,3,1,1,12.16
107830.58,84.37,6,5,0,36.14
907286.77,92.55,4,2,1,39.48
328708.87,42.14,4,1,1,12.1
398289.27,68.47,8,2,0,13.5
121600.92,25.64,5,4,1,28.05
1129116.6,56.89,3,2,1,37.65
191732.98,27.84,5,1,1,47.97
768475.61,23.64,4,1,1,15.1
499953.05,18.37,4,2,0,45.56
159807.65,59.28,7,1,1,9.17
517707.62,90.74,3,2,1,2.15
2993012.83,20.39,1,2,1,39.65
528206.36,52.7,4,2,1,23.98
703873.15,68.4,4,3,1,3.94
3245296.16,52.15,2,4,0,3.65
193912.18,87.5,4,2,1,0.78
5232122.29,24.14,1,3,1,15.39
703625.32,12.05,3,4,1,36.79
231258.56,42.57,5,5,0,33.3
127503.83,57.22,7,3,0,49.98
442516.67,31.63,4,3,1,29.74
861728.65,24.32,4,3,1,5.61
1836680.69,78.41,1,3,0,48.93
613693.82,26.03,8,2,0,34.68
207523.57,47.63,4,3,1,18.76
393685.92,91.13,5,5,0,12.43
155874.19,62.08,6,3,1,11.19
822058.5,52.31,3,2,1,47.82
3375764.7,40.62,1,5,1,21.03
770192.49,54.23,2,2,1,24.39
207798.58,72.42,2,2,1,41.86
744714.8,79.91,3,3,1,48.2
858919.81,65.24,3,3,1,0.32
631771.14,77.18,4,2,0,49.51
1387282.04,17.52,3,3,0,3.87
260686.4,11.22,4,2,1,41.86
745518.55,72.42,4,4,1,47.52
579310.78,32.24,7,1,1,28.1
136408.53,84.6,5,4,1,27.63
480389.82,55.55,5,2,1,33.48
732592.52,50.67,2,2,1,17.71
1888109.07,75.69,1,2,0,8.37
488535.77,72.99,5,5,1,3.41
493387.71,69.86,3,3,1,44.07
165236.59,68.64,8,4,0,27.41
505952.0,53.81,4,3,1,34.73
516332.0,88.75,2,5,0,16.67
516772.36,85.7,2,2,0,40.37
596113.32,38.0,5,3,0,17.56
248806.12,78.4,4,4,1,1.59
591460.15,85.74,5,3,1,16.91
654260.2,62.55,4,4,1,42.53
234662.52,57.22,3,3,0,43.81
1320421.03,67.11,1,4,1,46.74
2029537.44,23.86,2,2,1,25.02
275132.02,17.42,4,2,0,47.83
375143.19,79.71,4,3,1,25.01
654052.02,58.73,4,4,1,7.78
1586256.07,20.41,2,3,1,25.15
243571.67,45.39,7,3,1,43.44
461797.42,35.35,3,2,0,39.31
1551619.26,84.42,3,4,1,21.76
938070.45,53.11,6,2,1,10.71
713456.62,59.09,5,3,1,29.1
417380.26,30.0,5,3,1,46.57
406942.95,77.92,3,3,1,8.96
133854.51,89.06,9,4,1,41.37
452140.84,77.36,6,1,0,7.45
424759.95,51.89,6,4,1,45.99
574650.68,80.98,8,2,1,34.69
976429.44,25.98,3,4,0,5.55
268213.75,19.64,3,2,1,10.2
931800.68,47.25,4,2,1,46.35
155632.61,25.43,7,2,0,25.43
524921.99,32.03,3,4,1,22.73
329130.62,59.73,7,4,0,3.01
937986.04,44.33,7,3,1,4.29
2562549.5,83.6,5,5,1,34.61
475572.38,29.18,6,3,1,38.87
355273.83,94.73,5,2,1,43.36
910811.37,40.55,3,1,1,25.19
1125773.56,53.81,3,1,0,16.5
233675.64,21.25,7,2,1,31.31
970306.56,59.24,6,1,0,30.98
758751.93,91.71,3,3,1,1.83
890941.07,73.7,3,4,0,46.95
591322.39,30.74,5,3,1,32.16
638359.96,47.62,4,3,1,0.42
820008.46,46.16,4,2,1,47.99
195582.57,18.33,7,2,1,47.64
354592.52,85.3,4,2,0,47.3
204939.39,42.42,5,3,1,44.46
516206.84,52.01,5,3,1,9.31
632809.05,34.76,5,2,0,48.86
521897.15,22.95,5,2,1,38.12
902510.85,86.68,6,3,1,32.07
1976113.09,13.18,1,4,1,47.14
740403.53,43.99,4,2,0,19.12
514953.71,72.11,2,2,1,46.58
392953.21,36.25,4,4,1,30.32
273601.35,47.91,11,3,0,29.01
825023.3,57.98,4,4,0,32.33
415536.39,94.58,4,2,1,37.73
633128.17,74.46,3,4,0,22.3
265843.6,92.2,3,2,1,49.03
800214.66,68.92,2,3,0,4.52
676570.53,32.87,5,2,0,45.7
559996.1,34.44,5,1,0,32.91
446252.39,79.91,6,3,1,45.5
291837.98,46.36,7,3,0,18.5
663726.61,41.47,3,3,1,41.47
444717.72,90.33,3,3,1,30.84
1005187.61,11.12,3,2,0,41.57
850833.28,54.62,3,3,1,16.32
1331829.51,75.88,2,1,0,45.87
482032.49,72.57,3,4,1,46.22
108940.41,41.24,5,3,0,23.79
765935.86,55.53,5,3,1,20.08
371908.51,10.47,4,1,0,28.8
393848.76,55.46,3,2,0,10.09
1001966.43,60.18,3,2,1,24.86
522395.44,84.36,3,2,0,44.85
1872555.53,27.91,2,5,0,18.32
957031.21,80.14,3,5,0,36.83
747020.0,71.04,4,3,0,31.19
291214.18,66.61,3,2,1,13.14
1025685.81,43.52,4,5,0,26.64
386540.08,41.23,6,4,1,42.64
264785.21,69.78,6,1,1,27.79
1080447.54,94.17,2,3,1,34.87
170751.49,44.46,4,3,1,38.79
361957.3,88.08,7,1,1,2.57
267288.19,59.86,4,1,1,2.66
220158.6,83.79,4,3,1,5.84
397693.67,28.46,2,1,0,8.23
1288514.72,74.79,3,1,1,40.59
1359247.73,80.97,1,2,0,21.84
1658832.06,80.73,3,5,0,9.34
287529.63,76.7,5,4,1,26.64
118637.25,35.86,6,3,0,38.19
144954.5,54.37,7,3,1,7.09
594559.95,35.47,7,3,1,17.29
257957.71,39.15,7,3,1,9.8
356729.57,35.6,4,1,0,32.35
545641.02,34.16,4,4,0,6.93
446551.57,68.94,6,1,0,39.08
1292161.56,65.27,3,3,1,10.47
945681.99,27.36,5,4,1,3.02
319560.18,68.78,5,1,1,45.55
178962.84,34.74,5,4,1,16.73
257857.25,27.15,6,1,1,25.19
463578.21,73.52,5,5,1,5.14
158868.88,40.84,7,3,1,24.03
279125.03,58.39,4,5,1,11.21
2436986.34,27.01,1,3,1,42.03
641905.45,62.16,3,2,1,35.72
337027.14,27.68,6,5,1,33.2
628917.66,24.18,2,3,1,39.08
575587.93,42.85,3,3,1,14.76
142346.37,77.16,8,3,1,22.74
1127492.57,25.01,3,2,0,4.42
615007.74,19.95,6,3,1,3.48
130986.48,12.69,5,2,1,16.52
378390.19,45.36,3,4,1,41.15
269270.08,33.97,3,1,0,29.92
671210.76,34.83,2,3,1,21.28
1885940.55,93.47,1,4,0,48.35
276952.3,26.5,3,1,0,22.16
285098.43,48.97,4,2,1,23.5
271395.17,93.84,4,1,1,49.63
748441.34,12.6,3,3,0,6.65
516748.84,69.22,4,2,0,12.86
428628.21,41.54,3,5,1,22.72
367446.52,87.02,6,3,1,28.61
476098.32,87.52,3,3,0,7.49
421136.62,42.91,4,5,0,16.51
2705843.02,28.82,2,2,0,11.09
886324.77,46.38,5,3,1,42.51
909137.16,92.05,1,3,1,41.75
1630981.06,33.92,2,1,1,12.07
460896.04,93.41,7,5,1,21.8
248885.36,79.65,4,4,1,32.62
648118.4,32.73,5,4,1,2.5
831510.9,77.24,6,5,1,44.19
112335.87,14.23,9,3,1,25.6
142922.35,56.59,8,4,0,11.4
912827.79,40.37,4,3,0,19.9
583385.12,46.29,4,5,0,45.09
1380199.46,50.19,2,2,1,1.34
304039.22,52.73,8,1,1,7.23
278505.47,65.8,9,2,1,9.72
447293.18,69.23,2,1,1,3.1
619477.19,92.93,6,3,1,11.34
999949.08,74.84,4,1,1,40.88
287968.42,68.46,6,2,1,26.4
643901.82,43.36,3,1,0,30.31
197805.82,20.01,4,3,0,7.88
539886.89,15.0,5,2,0,13.99
399242.51,50.6,7,3,0,45.88
955068.37,66.8,2,1,1,10.6
486586.75,65.26,8,3,0,45.35
405655.4,90.99,4,1,1,33.19
556446.13,42.51,5,1,1,25.19
153628.29,63.36,7,2,1,8.78
651645.79,85.47,3,4,0,33.71
1785818.56,44.35,1,4,0,44.33
1134880.11,50.61,2,5,1,8.07
317694.63,88.45,5,3,0,0.41
458090.52,56.77,4,2,1,37.03
813689.35,77.97,4,5,1,30.06
305133.16,89.53,5,2,1,25.2
126032.4,58.54,6,1,1,22.86
2832309.92,19.28,2,4,1,24.93
567746.85,79.84,8,2,1,18.79
130448.3,79.51,7,4,1,4.21
999701.88,19.77,3,1,1,38.81
366561.2,56.59,4,1,1,23.44
464471.01,51.4,5,3,1,41.27
1182790.81,82.01,2,1,1,49.11
344523.44,33.34,5,4,1,8.67
154863.45,46.23,8,4,1,39.69
655090.18,61.41,2,2,1,48.88
286069.62,53.97,4,3,0,36.25
601847.57,91.18,2,4,0,12.37
380885.89,91.66,5,4,1,44.83
258100.96,16.93,5,2,1,39.68
995120.34,35.32,3,4,1,22.52
691374.93,10.64,7,5,1,28.67
349994.84,45.52,4,2,0,36.12
457807.83,66.28,5,5,1,6.31
891979.81,50.06,3,4,1,46.36
438643.33,15.71,6,4,0,49.37
518802.63,26.66,4,3,1,16.59
619192.53,24.73,5,3,1,35.78
662022.62,53.45,4,2,1,21.12
235887.01,67.6,4,4,0,1.48
477148.71,36.89,7,3,1,47.94
1688290.98,21.09,2,3,1,7.2
250844.98,77.88,5,3,0,3.84
1014204.91,82.96,2,3,1,41.88
1493824.57,33.5,2,4,1,1.79
349749.97,45.76,5,4,0,34.43
943632.88,16.96,4,4,1,46.51
4094586.59,29.35,2,2,0,20.37
412419.41,75.2,3,5,1,3.51
288589.62,41.04,3,3,1,10.99
793079.6,61.4,3,2,1,47.42
764244.58,90.43,4,1,0,23.32
345256.28,71.51,5,5,0,27.11
592742.21,48.54,8,3,1,7.89
296032.41,41.18,3,2,0,45.91
375611.12,26.19,8,3,1,25.9
1378468.29,74.27,1,2,1,26.49
1390720.31,19.56,4,5,1,28.84
936213.72,15.22,7,3,0,38.39
417230.36,18.91,3,3,1,10.23
712915.76,30.65,2,4,1,47.12
1106973.69,63.31,3,2,1,8.85
224540.52,83.21,7,2,0,9.95
482366.23,94.37,4,4,1,0.72
671064.65,72.18,3,5,1,1.08
89526.14,22.41,7,1,0,21.5
491591.32,33.6,4,4,1,9.23
655409.92,21.22,2,3,1,10.67
368734.42,19.82,4,2,1,49.4
942924.31,58.26,5,1,1,46.47
155489.95,87.07,6,2,0,16.19
538295.88,68.17,6,2,1,17.22
838588.22,78.06,2,1,0,14.68
558791.45,53.19,3,2,0,44.12
398228.64,50.4,8,4,1,5.0
607882.21,89.69,4,3,0,29.25
698069.14,71.37,4,4,1,9.4
1181503.7,49.04,3,2,1,37.93
541773.17,38.27,3,1,1,31.6
457734.99,17.92,3,3,1,19.45
206792.63,79.78,5,2,1,5.0
172619.24,24.39,7,4,1,38.39
1057651.44,53.78,11,3,1,3.94
1046030.82,64.17,4,5,0,13.76
220369.51,73.25,4,1,1,12.76
298914.52,17.08,3,2,1,28.97
882494.07,10.91,3,3,0,25.74
393347.5,70.01,7,1,1,14.06
1378054.28,48.62,2,3,0,21.58
340301.96,25.4,5,1,1,21.87
262712.96,93.47,7,4,1,28.72
804611.98,77.27,3,1,1,44.92
521905.31,59.17,4,4,1,7.18
261783.37,69.68,2,1,0,27.93
287897.78,23.18,6,3,0,1.02
594816.93,91.79,2,2,0,34.94
550637.78,94.69,4,1,1,32.06
2972342.86,65.12,4,4,0,34.73
494375.73,66.81,5,4,1,23.8
547583.31,69.88,3,4,0,9.42
1149075.9,66.59,3,3,1,22.46
529757.6,47.28,5,5,1,1.28
2551154.84,55.96,1,2,1,19.13
713413.16,34.03,4,2,1,41.94
1702539.94,47.98,4,5,1,17.0
125746.77,47.07,8,5,1,29.63
658608.72,34.49,4,3,1,13.13
379101.41,76.87,3,2,0,6.8
922364.07,44.82,3,2,1,26.09
571283.53,56.9,2,3,1,1.88
771762.96,23.27,2,4,1,45.23
415256.5,50.37,4,1,0,38.88
1186926.49,74.72,3,3,0,49.9
860077.95,47.78,4,1,1,49.66
134142.7,57.41,7,4,1,36.48
683066.96,69.65,3,3,1,38.86
323824.74,43.06,4,5,1,26.45
310607.32,40.03,3,4,1,11.01
435171.47,17.29,4,3,0,40.44
823865.98,59.49,2,1,1,13.56
4251926.41,70.09,2,3,1,32.53
1285461.96,59.41,2,1,1,36.57
433775.47,34.1,2,5,1,28.26
353218.19,32.3,4,2,0,33.17
522782.0,23.56,7,4,0,14.72
1156959.72,13.99,6,2,1,38.05
191399.02,46.28,4,2,0,47.18
160452.14,23.64,4,2,0,24.25
1218512.23,68.72,5,4,0,6.14
834974.29,91.75,3,3,1,31.02
294410.4,16.25,4,1,0,17.14
455439.42,85.9,6,1,1,21.01
58258.26,65.91,7,2,1,7.67
993389.51,83.12,2,2,1,31.33
482750.29,23.17,5,4,1,39.38
863084.36,87.05,4,3,1,38.35
215825.29,91.42,5,2,0,49.69
695787.8,87.07,3,1,1,10.69
189659.52,76.77,6,1,0,45.72
1155545.49,17.68,2,4,0,36.66
231736.05,28.76,5,4,0,35.4
258688.53,87.62,6,4,0,34.22
545448.45,29.5,2,4,1,26.96
1465247.26,39.56,2,2,0,18.99
663731.35,14.29,5,5,0,47.17
861198.65,63.39,2,1,0,7.64
405755.03,57.88,5,4,1,8.88
207845.6,91.75,4,1,1,0.93
331292.22,85.85,5,2,1,37.0
320653.94,53.01,6,3,1,44.71
1910810.28,61.79,5,1,0,9.38
254364.97,45.12,4,2,1,1.82
795516.5,21.26,6,2,1,12.28
515145.73,83.76,7,3,0,44.2
469274.86,56.71,5,4,1,0.91
1898472.17,46.16,3,1,0,5.15
1239372.92,15.82,2,1,0,1.35
1252119.58,66.56,2,4,1,47.16
960280.23,43.97,2,3,1,6.86
1377153.22,31.56,3,3,1,45.03
1276036.38,84.52,3,5,0,23.72
340543.88,25.61,4,3,1,19.8
149745.46,53.78,6,2,1,21.38
351081.51,77.64,5,3,1,20.99
408956.7,82.17,3,4,1,17.15
381721.8,79.59,5,3,1,40.56
1041495.81,86.21,4,3,1,25.45
753490.6,22.1,2,3,1,49.55
644154.37,89.94,3,3,0,25.94
1026500.97,10.92,2,1,0,40.94
824691.1,31.75,4,2,1,37.28
102994.25,17.14,5,3,1,20.12
172221.77,90.37,8,2,1,39.45
450148.27,46.03,5,4,0,7.83
1357879.82,36.8,3,1,1,10.25
492006.03,24.2,3,1,0,30.98
160777.07,23.24,4,1,0,35.61
718939.51,62.18,4,3,0,32.23
677141.4,14.0,2,3,1,25.52
242778.71,60.52,4,3,0,6.97
340816.13,75.85,4,2,0,18.7
443738.38,61.09,4,3,1,30.28
344847.94,80.26,4,4,1,11.38
131974.76,32.55,4,3,1,31.93
566074.09,16.56,6,3,1,11.79
1065154.76,71.28,4,1,0,4.98
977057.62,80.39,3,4,1,16.28
200375.96,52.64,5,3,0,13.71
439244.16,79.75,4,4,0,40.54
987508.15,48.92,2,3,1,24.23
1419946.07,26.87,2,2,1,3.3
592180.27,50.32,5,2,1,40.8
319081.35,28.36,4,3,0,13.51
694248.36,50.12,3,3,1,28.44
434785.8,22.54,6,4,1,27.12
593653.95,25.77,8,2,0,48.58
1512927.0,85.05,2,2,1,12.82
636663.22,19.85,5,2,0,7.34
695011.51,29.06,3,5,1,13.0
1155427.69,94.62,4,2,1,28.87
845129.7,58.96,3,2,1,10.96
1182743.45,59.79,1,3,0,17.09
1150523.51,81.82,4,3,0,32.94
602777.88,54.57,5,4,1,5.91
1519928.1,28.85,1,1,0,47.27
1487049.06,45.91,1,1,1,26.66
1184460.73,74.18,2,2,0,24.23
654493.23,84.16,4,3,1,18.22
1115962.9,33.22,2,2,1,12.36
796651.75,32.27,3,2,1,24.22
916406.16,37.85,6,4,1,24.36
942820.82,60.68,4,4,0,2.9
370504.88,33.67,6,4,0,42.38
871954.03,85.92,4,4,1,41.06
177855.41,93.13,6,1,0,22.45
503489.59,67.73,5,1,0,16.9
733910.43,92.48,8,4,0,25.0
579870.55,34.47,3,3,0,11.15
238465.93,79.29,5,3,1,0.14
446919.77,67.67,3,4,0,17.78
257796.51,32.37,4,5,1,1.0
412722.43,37.06,3,3,0,2.13
793769.15,51.53,2,2,0,1.57
94791.52,77.29,9,1,0,44.01
667142.34,84.14,3,3,1,7.27
1703540.22,63.89,2,4,0,12.79
191680.81,71.33,6,2,0,24.56
1233388.72,32.43,4,1,0,26.51
1346915.97,72.99,2,5,1,6.19
1839862.08,61.42,2,3,0,45.48
334036.29,28.95,4,2,1,11.63
551808.13,90.77,6,2,1,47.14
514881.72,53.59,2,4,0,12.92
1691288.66,77.53,2,4,0,0.23
439619.87,54.68,5,3,1,48.6
460556.7,89.3,6,3,0,24.24
163224.82,22.01,6,5,0,43.95
165553.21,56.42,7,2,1,36.74
567444.95,12.14,5,3,1,9.03
1122412.78,26.78,1,1,0,42.28
872668.89,33.89,3,3,1,2.65
218255.78,50.17,4,2,1,25.43
549709.4,79.71,6,5,1,12.78
473230.96,49.67,2,2,1,18.14
552352.69,57.7,5,4,1,37.88
721497.5,88.54,4,4,1,34.2
326322.86,74.31,4,1,1,22.06
351433.01,14.27,8,5,1,2.39
386352.67,25.0,6,3,1,2.09
717513.98,13.25,2,3,1,35.14
270647.58,15.87,4,1,1,47.45
101789.79,38.8,6,3,0,42.38
407595.51,71.87,6,1,1,6.2
110769.66,30.77,7,2,0,6.15
699831.05,43.34,3,1,1,30.57
338572.37,43.48,5,2,1,32.91
425736.34,60.18,7,4,1,30.86
827054.21,85.9,2,4,1,44.28
813567.48,93.57,2,1,1,11.63
1537972.03,61.39,2,4,1,8.7
606063.75,52.93,4,3,1,45.72
479383.25,67.96,5,1,0,36.14
875848.37,66.78,3,2,1,35.62
263035.54,54.54,3,4,1,16.84
780569.33,72.64,4,4,1,31.43
477214.72,51.76,6,2,1,36.36
179553.89,94.7,6,1,0,30.05
570882.92,14.16,3,2,1,36.84
322757.37,47.67,6,4,0,29.54
914520.12,43.75,2,5,1,49.1
1211256.49,75.48,2,3,0,24.65
936010.67,26.22,5,1,1,0.72
948621.99,46.9,4,3,1,8.25
180453.89,69.33,5,5,1,48.21
575966.1,61.27,5,5,0,23.53
733512.94,56.34,6,5,1,6.11
2500709.66,46.97,1,3,1,7.88
545074.69,73.92,7,3,1,1.54
1657909.3,64.95,4,4,0,11.39
732917.05,84.35,5,4,1,49.33
1151341.08,72.3,2,1,1,16.51
1855947.5,21.93,2,4,0,12.59
540709.98,62.66,4,5,1,33.41
287342.94,13.79,7,4,1,33.74
229404.32,42.93,7,4,1,48.39
1688642.87,45.01,3,3,0,36.51
151675.9,82.67,8,4,1,5.59
2486218.54,25.33,2,3,0,49.28
892075.62,64.7,3,2,0,37.54
171266.89,26.35,5,2,1,13.03
618031.81,90.64,4,3,0,13.13
70301.09,55.01,8,3,1,48.0
961925.73,70.2,3,3,1,9.71
1686206.2,64.96,2,2,1,11.46
694841.64,35.81,2,3,0,18.01
305046.18,86.6,7,3,1,34.01
3202195.67,63.32,2,4,0,21.54
731904.12,53.38,2,3,1,15.63
525186.26,54.91,2,4,1,13.45
1205860.14,85.71,4,2,1,6.34
1287373.18,15.03,5,1,1,27.36
662386.91,43.07,3,2,0,13.74
909439.23,81.54,4,4,0,16.64
886864.63,13.19,5,3,0,0.49
317494.29,64.33,4,3,1,26.61
370467.92,44.28,4,4,0,34.85
1383203.05,27.39,3,1,1,46.38
1362339.78,61.97,4,1,0,9.94
555870.48,80.64,5,2,1,45.98
292382.17,49.72,4,2,1,18.12
1633021.12,22.47,4,2,1,40.14
480607.0,36.02,3,5,1,44.85
324317.88,93.42,5,3,1,48.07
486973.4,19.44,5,3,1,16.34
1679293.9,23.66,3,3,1,13.1
472822.55,94.17,7,2,1,22.03
1271581.7,84.98,2,5,1,27.78
654533.96,70.11,4,5,1,34.56
508802.11,22.83,4,4,1,34.62
554291.39,30.45,5,2,0,5.92
86927.18,25.32,5,4,1,30.63
237073.47,63.63,7,1,1,8.48
1145837.06,43.9,2,3,0,35.6
198779.93,14.06,5,3,0,48.83
833327.25,34.76,3,1,0,38.57
350767.66,83.16,5,5,1,34.77
947446.69,77.66,6,5,0,3.97
1019042.4,64.66,5,5,1,9.31
499770.55,17.27,3,2,0,17.83
301865.82,85.04,6,2,1,46.68
632236.73,55.43,3,5,1,16.61
252015.24,52.04,6,1,1,40.71
1114445.81,89.4,2,3,1,5.28
419332.09,10.75,3,3,1,33.13
201227.8,57.25,5,2,1,38.98
960312.9,77.26,3,4,1,27.19
723187.2,15.41,4,1,1,38.37
611862.81,40.36,2,3,0,36.21
678592.0,93.09,5,2,0,23.9
678680.79,28.0,2,3,1,43.29
769338.9,55.15,3,2,0,17.15
3243639.01,73.42,1,3,1,21.33
971586.21,43.18,2,5,1,27.04
651185.73,44.67,4,4,0,6.62
290891.12,15.38,5,3,1,25.81
1762281.88,26.16,1,4,0,16.27
194708.68,84.85,9,4,0,12.91
316715.33,79.56,4,3,1,28.88
445806.88,35.89,4,3,0,16.55
195738.46,42.45,4,4,1,42.79
738340.64,47.43,2,3,1,20.56
334247.43,39.41,5,1,0,20.71
425065.17,65.58,4,4,0,49.1
428826.28,11.09,4,1,1,17.14
477656.49,84.81,4,4,1,6.66
660908.41,35.56,4,4,1,43.84
1116933.96,84.15,3,4,1,45.86
447543.3,48.62,3,1,0,11.4
240815.2,75.99,4,5,0,44.12
265263.51,80.19,4,3,1,24.78
246697.65,35.61,6,4,1,2.27
802670.87,64.43,2,3,1,27.49
624592.79,61.63,2,2,1,42.45
227757.25,50.46,4,2,1,19.89
502683.09,49.91,3,1,1,27.59
442156.01,35.94,5,3,1,7.12
708371.05,36.37,4,1,1,42.13
354779.52,56.59,4,3,0,5.43
773788.71,12.74,2,3,1,4.81
379029.28,89.36,3,3,1,46.68
324284.67,65.25,6,2,1,43.69
397253.75,47.69,3,3,1,28.79
699123.25,15.25,4,4,1,5.4
226356.8,63.55,3,3,1,27.34
399483.54,11.51,4,2,1,46.04
1187685.75,67.79,2,3,1,30.66
442795.27,16.16,5,3,0,9.99
3325757.11,65.77,3,1,0,45.3
611448.28,44.5,4,2,1,43.29
542758.67,66.32,2,3,0,27.37
936190.51,21.77,2,2,0,42.63
341500.7,19.98,2,2,1,2.91
472288.73,31.03,4,3,0,23.11
1202804.37,44.98,1,2,0,8.99
1144664.2,31.51,3,2,1,41.89
475281.98,16.97,3,4,1,48.56
462150.6,37.63,4,3,1,46.54
225687.33,69.99,6,4,1,25.22
1407064.88,59.56,4,5,1,25.6
272527.52,91.88,6,5,0,45.42
992294.04,47.05,6,2,0,36.12
1615805.06,38.29,2,3,1,3.82
441300.16,68.96,6,3,1,6.5
618433.86,45.02,4,4,0,47.59
2511217.82,62.56,1,3,1,18.36
124736.47,90.43,5,2,1,9.45
559085.49,52.43,3,3,0,36.8
470327.54,52.34,7,1,0,44.0
962716.74,75.89,2,4,0,10.41
284438.92,74.27,3,3,1,12.65
960692.97,53.88,2,3,0,45.01
1837379.67,15.5,3,2,1,0.76
837936.09,93.37,5,3,1,45.41
318391.85,42.07,6,3,0,2.06
1754548.97,36.92,2,3,1,4.86
227336.29,93.43,7,4,1,43.13
89164.25,84.13,8,4,1,12.5
379537.28,38.07,3,3,1,11.31
1688111.44,36.21,3,4,0,42.22
240312.15,71.28,7,2,1,27.16
342672.93,38.42,5,3,1,17.6
276050.09,31.37,6,3,1,35.74
2071678.41,93.27,3,3,1,40.51
2629825.81,58.09,2,2,1,43.15
1251068.66,74.81,6,1,1,6.06
257471.09,70.61,7,3,1,29.17
591892.51,74.22,4,2,0,33.94
266040.06,86.79,3,1,0,5.91
1603258.0,52.57,3,2,1,30.55
196790.38,74.04,5,3,1,1.69
376361.68,77.73,6,1,0,17.14
205290.34,90.44,5,5,1,8.68
174074.45,70.61,8,4,1,28.1
399924.18,85.87,3,2,1,9.64
344200.8,18.08,4,3,1,39.48
286957.23,20.72,5,1,1,6.15
475644.7,23.46,3,4,1,37.92
1089672.84,22.31,3,2,0,5.04
255451.53,17.44,4,1,0,22.18
1131639.11,20.42,2,4,0,34.96
1372525.74,94.65,3,2,1,8.16
364319.98,33.14,4,3,0,37.64
322208.56,50.63,4,4,1,47.68
345327.08,79.84,5,4,1,18.73
574884.81,20.06,7,2,1,0.11
742555.05,36.98,3,4,1,23.89
240268.41,23.54,6,2,0,45.13
883559.31,15.32,3,3,0,33.28
341127.78,91.66,3,3,1,35.19
746030.19,82.96,4,1,1,39.64
506726.39,84.74,5,3,1,45.42
412099.69,83.84,4,3,1,6.33
239764.05,23.14,5,4,1,29.55
232944.04,76.72,5,2,1,44.5
455490.86,71.87,6,2,1,38.82
1036224.05,88.66,4,3,0,12.52
450900.99,28.64,3,3,1,43.74
435074.5,45.19,6,3,1,14.78
113362.49,35.07,5,1,1,20.6
698075.25,31.92,2,2,1,9.36
1946151.99,65.45,1,1,0,44.27
287188.94,23.94,4,4,1,4.74
188402.65,49.51,6,4,1,49.71
265639.22,64.96,5,1,1,16.5
236270.01,21.08,10,3,0,35.57
885985.1,31.84,2,3,0,6.52
172551.15,92.23,3,3,0,24.44
138868.89,77.61,4,3,1,2.1
172204.73,67.54,8,4,0,43.93
521870.13,82.76,5,3,1,22.38
54479.89,11.19,7,5,0,37.16
367275.5,10.52,4,3,1,44.74
289182.53,23.09,5,1,1,3.52
1520257.64,52.1,3,5,1,25.62
786886.84,58.45,2,1,1,9.56
1247492.64,19.66,2,4,0,3.54
719377.83,16.14,3,3,0,31.14
276098.49,80.41,2,4,1,5.79
785935.47,49.48,4,3,1,24.65
1128151.18,94.36,2,1,1,9.93
896585.46,29.49,3,2,1,9.97
6970031.73,65.01,3,3,1,26.2
189268.13,78.37,3,3,1,27.81
930110.36,84.17,6,5,1,0.27
556220.01,36.04,3,3,1,25.09
392635.85,26.43,6,2,1,33.52
321557.99,29.22,6,1,1,33.96
384294.26,66.67,4,4,0,42.51
281718.14,54.4,5,4,1,44.78
805398.89,60.91,3,3,0,31.18
797865.87,11.74,1,3,1,24.14
1555333.14,43.23,2,4,1,10.28
257435.35,36.36,6,2,0,6.43
167744.78,83.42,6,2,1,30.49
252264.35,75.98,6,3,1,47.33
1405181.79,46.51,3,1,1,13.98
130731.87,63.6,11,3,0,5.06
2458525.09,14.05,1,2,1,21.25
255758.35,64.17,5,2,1,0.12
1562200.45,18.26,2,3,0,27.72
747889.32,70.69,4,3,0,2.57
1502845.6,58.78,4,1,1,46.56
356904.57,35.54,5,2,1,43.51
1480729.9,41.52,2,2,1,5.83
2102926.54,17.66,1,1,1,7.43
862926.81,37.44,5,3,1,47.68
322032.0,92.18,4,2,1,40.7
516713.44,51.33,6,2,1,47.11
352830.73,50.31,5,4,1,16.79
635949.73,63.48,3,1,0,5.64
418994.71,51.18,5,5,0,30.81
2306736.33,40.22,1,3,1,48.34
924598.99,21.86,2,2,1,6.59
451075.49,63.58,5,2,0,40.96
5110822.12,73.66,1,5,1,18.04
511631.37,88.46,7,3,1,5.86
668007.61,10.26,5,3,1,23.01
215510.76,15.67,7,3,0,24.49
232586.53,86.45,5,3,1,0.55
703443.21,63.65,5,2,1,23.78
3353878.77,91.42,1,2,1,32.41
1599161.71,46.62,3,3,1,38.26
345006.06,45.42,4,4,0,5.02
863823.4,39.26,2,2,1,43.84
247136.78,22.14,3,3,1,8.47
391688.82,42.18,4,5,0,32.95
1201798.83,11.25,3,2,0,27.68
374672.81,53.29,4,2,0,44.01
1455908.55,82.01,2,2,0,2.03
353719.75,37.3,5,1,1,9.66
802768.72,18.04,3,3,1,6.19
497941.55,92.77,2,2,1,16.44
417353.04,20.96,5,1,0,17.01
164747.82,54.94,2,4,1,4.52
253204.35,78.78,7,4,1,25.76
186357.41,31.45,4,4,1,5.9
1022030.97,81.53,4,5,0,3.81
526857.26,57.35,6,4,1,1.76
655863.67,38.21,4,1,1,46.46
823109.29,83.58,6,2,1,19.9
374009.99,62.87,3,1,1,14.26
1414269.3,62.31,4,2,0,24.17
495540.71,52.84,7,1,0,7.97
245771.29,33.35,7,3,0,20.37
979774.5,35.91,4,4,1,9.61
255232.34,17.49,4,2,1,15.29
302246.18,30.72,4,3,1,46.22
688106.56,33.62,2,1,0,7.52
240591.06,14.99,6,3,1,23.74
262963.64,19.38,4,2,1,33.08
826051.11,32.97,5,5,0,45.91
848767.16,67.57,2,5,1,46.16
612441.45,25.66,4,1,1,12.44
234692.1,54.36,6,5,1,47.16
166265.91,53.17,4,3,0,16.64
1165764.01,80.89,2,3,1,44.76
157369.63,61.78,4,3,1,4.75
475691.69,87.94,4,4,1,10.0
174481.34,63.39,5,2,0,4.04
2177642.25,12.17,3,1,0,15.02
489386.32,42.43,7,3,1,43.71
704215.7,69.42,3,3,0,8.05
846432.8,50.39,5,3,1,11.32
397757.63,45.65,3,4,0,10.89
343398.23,67.08,8,1,1,13.81
279412.57,34.29,8,5,1,1.03
774365.88,87.26,3,5,1,21.25
709029.65,45.12,6,1,1,48.82
769272.78,63.65,4,2,1,22.46
589446.85,93.5,4,3,0,40.69
367294.9,76.77,2,2,1,28.61
371520.73,55.19,3,3,1,0.84
368404.47,83.05,5,2,0,29.32
349501.79,57.64,6,4,1,47.33
335462.51,47.54,3,2,1,27.72
2809153.41,84.24,3,3,1,26.44
4925007.88,12.31,1,3,1,33.54
474260.26,44.63,6,5,0,43.56
690112.45,39.15,3,3,0,28.28
581904.91,70.7,3,1,0,20.38
224002.17,11.07,5,2,1,1.95
296730.07,66.17,7,3,0,5.64
1157189.0,39.44,2,4,1,32.47
313743.6,18.32,3,3,1,30.99
1211486.49,93.33,2,3,1,12.03
602132.19,28.04,3,4,1,35.97
210386.83,39.68,3,1,1,14.06
591621.18,27.6,2,4,0,15.32
309402.65,66.27,5,4,1,3.16
2051332.84,76.51,3,4,0,27.56
922940.07,83.15,3,5,1,14.46
889763.57,36.43,1,2,0,40.97
884704.96,54.59,3,3,1,40.09
156714.3,66.38,5,2,0,6.51
949148.24,63.51,4,2,0,8.08
747267.15,70.86,2,2,0,16.12
234304.48,75.43,8,4,0,29.08
1464267.54,18.29,3,1,1,17.19
228984.02,24.31,4,2,1,17.58
214364.85,72.42,4,3,0,7.09
232833.98,50.52,6,4,0,16.85
1848490.89,46.3,2,3,1,23.57
199206.65,48.71,4,1,1,49.24
181236.75,41.62,2,3,1,41.91
378136.43,60.24,4,2,1,39.67
690209.27,37.48,4,5,1,28.04
679014.38,64.13,6,5,0,18.07
250282.04,27.22,6,1,1,42.86
516345.68,74.4,3,3,0,17.44
1981160.34,76.44,2,4,1,29.68
215247.26,59.17,3,2,1,12.93
785236.6,41.39,2,3,0,38.84
444549.38,11.22,5,2,0,25.78
432687.81,20.33,6,1,1,44.77
243374.46,16.77,6,5,1,28.49
2024158.48,10.87,1,3,1,8.3
74253.79,71.39,6,4,1,49.65
667906.7,91.27,2,3,0,25.15
867605.97,10.95,3,2,1,12.61
366594.38,19.58,3,2,1,16.53
2054186.64,83.16,1,4,1,6.15
648118.7,68.52,4,1,0,3.79
807197.22,44.4,2,2,1,22.58
439257.18,94.39,5,2,1,47.6
278191.8,58.76,4,2,1,6.24
437896.94,66.92,4,1,0,45.15
476570.16,65.52,6,4,0,39.86
544644.96,28.93,4,2,1,40.34
278909.69,51.49,5,4,1,35.53
1134137.11,28.39,2,2,1,29.63
1522126.14,53.3,2,3,0,6.16
115913.25,12.62,5,3,1,28.83
1324879.61,42.47,3,4,1,17.66
405125.75,41.64,4,4,0,5.35
1279713.5,34.79,2,3,0,40.21
1016680.83,16.73,4,4,1,27.37
174130.08,75.53,5,1,1,37.27
431802.29,45.74,3,3,1,24.03
333511.58,79.19,5,3,1,27.63
123891.67,81.04,10,2,1,35.65
1123011.0,28.16,5,3,1,12.42
395270.04,45.81,3,3,1,42.37
236786.1,71.28,6,3,1,21.11
2241449.74,52.46,1,1,1,35.45
321289.54,82.68,3,3,1,16.37
521246.99,58.58,3,4,0,35.15
479756.54,63.51,5,3,1,2.27
811903.34,76.9,2,3,0,46.47
468679.07,20.39,4,5,0,39.37
180404.93,59.66,8,4,0,33.27
399580.54,17.26,2,5,1,16.26
601187.15,32.15,4,1,1,42.15
1420707.41,28.07,4,3,1,38.41
501193.04,58.2,4,2,1,22.71
1134850.28,81.73,2,3,0,9.95
1502267.92,21.29,2,3,1,8.86
308596.36,75.31,3,3,1,24.46
688360.01,22.16,8,3,1,39.19
373113.45,26.12,6,4,1,35.75
879716.23,87.94,6,3,1,24.73
425733.1,10.83,3,4,1,10.3
655800.94,26.76,9,5,1,12.04
526145.9,28.32,6,4,1,2.98
552598.04,33.96,5,2,1,8.92
570415.49,40.89,4,2,0,0.74
284680.67,18.77,6,2,1,33.76
1358248.7,49.82,3,2,1,29.45
431394.39,43.94,5,4,1,49.4
609112.45,63.12,1,1,0,38.16
338092.85,83.74,3,4,1,12.39
443386.97,35.31,4,4,1,35.42
298509.74,56.45,8,3,1,0.71
319428.08,41.57,6,2,0,49.31
686679.54,13.42,6,1,1,30.76
153744.06,79.79,4,2,0,6.07
1080576.85,63.91,2,1,0,24.98
222037.19,10.18,3,4,0,47.04
1042586.38,31.21,3,3,0,42.5
312251.83,36.26,6,2,0,15.02
1275206.65,78.98,2,1,1,19.87
295190.4,74.66,4,3,1,42.69
1424122.9,43.67,3,4,0,45.01
1234803.63,23.37,3,4,1,45.74
703506.38,42.81,4,2,1,47.4
305752.18,78.86,6,5,1,25.08
701951.79,48.45,4,3,0,43.09
648694.58,19.85,2,2,0,17.41
828224.09,13.28,4,2,1,41.92
2667204.17,38.33,2,1,1,17.44
942293.4,22.61,4,3,1,30.46
426610.3,73.33,3,4,1,23.48
410483.46,33.69,6,3,1,44.66
182531.34,84.58,5,4,0,3.42
465875.97,62.47,6,3,1,47.44
1299142.34,43.46,2,5,1,23.16
322856.43,61.85,2,4,0,24.12
493748.97,35.09,2,1,0,41.41
557659.8,22.01,3,1,1,33.34
551761.88,91.96,3,4,0,47.69
479820.17,57.87,2,2,1,27.38
1251984.01,10.62,2,2,1,27.98
461135.06,36.38,5,4,1,48.59
252086.7,23.56,7,5,1,46.33
314969.39,31.95,4,4,1,10.51
1859981.49,14.74,2,4,1,15.42
764772.83,30.83,7,1,1,31.3
494474.48,68.06,3,1,1,46.97
343315.62,79.75,4,3,0,28.21
332795.36,39.53,8,3,1,36.67
399867.3,54.41,4,1,1,4.79
303945.05,13.55,6,4,1,26.18
618068.13,17.72,5,3,1,7.47
126114.87,56.91,5,3,0,13.11
874618.86,81.45,5,3,1,8.4
295876.72,17.48,7,1,0,8.38
387243.8,45.58,4,3,1,49.59
469848.3,92.49,4,4,1,14.98
387712.63,72.8,5,2,1,28.32
87714.08,26.8,8,4,1,1.1
1620670.72,34.24,3,2,1,40.34
1016268.56,90.57,2,3,1,34.04
862153.83,28.78,3,3,0,11.52
877327.38,47.48,4,2,0,1.9
358143.93,40.23,3,3,1,13.8
658545.42,51.65,4,4,0,31.47
337721.69,30.11,5,4,1,0.86
3295480.25,66.81,1,5,1,3.86
92217.4,29.94,6,4,1,20.53
1868307.35,61.18,1,5,1,8.88
230164.17,40.41,6,3,0,31.63
513969.84,31.38,5,3,0,8.82
525753.95,69.08,5,2,1,49.68
259363.69,92.05,5,2,1,21.85
431094.84,83.9,3,2,0,7.5
927690.64,17.38,2,4,0,3.78
385926.56,48.63,3,3,1,21.09
547671.4,69.06,6,2,1,40.47
529592.64,57.82,3,4,0,22.0
173279.28,71.74,2,3,0,7.14
263905.75,92.89,6,1,0,24.49
265821.24,39.09,4,1,1,16.93
372535.39,75.52,2,1,1,25.14
943681.52,18.0,1,2,1,19.62
352880.8,83.93,6,4,0,32.43
1100076.34,76.17,4,4,0,40.2
598161.66,54.28,4,2,0,44.33
459312.31,79.79,3,2,1,37.09
868853.87,66.66,3,3,1,17.82
376341.2,56.94,4,4,1,22.48
435664.4,90.41,3,2,1,32.12
165317.46,21.07,6,3,0,11.07
173270.35,94.4,4,4,0,35.12
313830.36,23.13,5,4,1,32.52
544998.18,50.81,4,4,1,32.86
311846.49,29.67,6,2,1,16.73
772411.46,33.11,2,3,1,30.12
281041.61,63.71,4,1,0,9.97
571208.63,12.95,5,3,1,9.57
299871.27,89.96,3,2,0,38.45
1579264.15,33.77,2,4,1,19.04
543357.42,33.17,2,1,1,27.28
315604.3,83.4,4,3,1,14.71
205589.04,75.01,4,4,0,11.87
733814.49,67.1,2,4,0,39.02
508528.9,22.44,7,3,0,39.73
900553.24,75.42,3,3,1,41.83
1783175.08,40.67,2,4,1,42.74
387462.9,94.48,7,2,1,20.63
255634.44,67.06,4,3,1,40.47
812912.93,81.05,2,4,1,17.36
413853.88,72.37,3,2,0,2.72
1468471.55,60.51,3,5,0,34.5
193394.79,70.89,5,2,1,10.03
847396.73,60.79,4,1,0,22.63
847018.62,14.35,4,2,0,8.28
990547.06,39.37,6,1,0,19.64
775327.55,36.9,2,2,0,44.25
760019.17,70.69,4,1,1,30.7
1299164.12,58.97,6,3,0,7.49
342189.73,61.89,4,4,1,36.3
197339.62,81.99,4,1,1,42.41
213925.2,54.65,3,3,1,8.4
608157.58,28.55,5,1,0,37.23
128113.51,11.06,5,4,1,27.5
317162.85,23.56,5,5,1,30.25
2577648.0,12.6,1,3,1,46.96
443151.69,30.15,5,4,1,1.92
853119.26,63.97,3,3,0,31.98
755217.92,22.87,3,2,0,4.17
711805.53,16.96,6,2,1,39.5
279935.87,92.52,4,4,0,44.82
440290.77,94.74,3,3,0,4.42
207865.16,64.15,6,5,1,1.39
1087620.45,19.23,3,5,1,47.79
1701621.15,79.83,2,2,0,46.33
649813.6,55.83,4,3,0,46.19
1008325.75,25.48,4,3,0,46.99
488956.25,58.93,2,4,0,25.05
1347875.36,13.35,4,3,1,48.85
2472637.6,92.66,2,3,1,44.63
616575.02,80.21,5,3,1,4.97
1443794.08,32.17,4,2,1,40.65
146765.03,45.61,5,5,1,35.65
361868.71,43.6,4,1,1,6.79
182208.66,83.23,7,1,0,36.92
1528412.87,40.14,2,3,0,24.3
263978.04,14.08,4,2,0,42.71
520600.18,28.25,6,3,0,40.96
1504106.21,28.32,3,1,0,47.12
752252.55,90.69,4,3,1,3.86
783587.74,88.54,3,2,0,35.54
182684.61,35.55,6,2,1,18.92
1192889.91,10.24,1,3,1,38.82
2098270.86,53.94,2,4,1,30.17
791207.11,77.77,4,3,0,24.83
484219.66,32.83,4,2,0,0.31
308604.67,47.32,5,3,1,30.4
117603.89,24.69,5,5,1,21.08
208574.31,37.83,5,3,1,16.69
1040375.21,74.5,6,3,1,49.44
229907.49,46.4,4,5,0,35.05
444297.64,48.02,5,1,1,27.04
3628995.27,77.11,1,4,0,43.45
186765.39,74.85,5,2,1,11.43
443028.05,25.91,5,4,1,31.03
1740359.3,45.3,2,1,1,43.06
332947.51,82.15,6,5,1,6.27
3694772.51,48.82,3,4,1,11.88
242857.02,66.25,3,2,1,4.22
935599.48,36.01,4,4,1,49.62
357496.57,15.06,5,5,0,29.09
630150.64,24.02,5,1,1,24.53
861277.48,44.15,3,5,1,16.99
638552.45,40.04,2,2,1,22.53
379131.49,86.13,6,1,1,38.82
130069.11,56.38,5,1,0,45.84
474581.68,63.31,6,4,0,5.34
592793.1,68.54,4,5,1,15.05
727159.95,55.19,4,4,1,9.54
1247009.33,75.42,3,3,1,21.83
618020.89,76.56,4,5,1,26.57
1083499.32,39.87,2,3,1,36.09
389549.69,17.21,3,1,1,43.8
258649.63,93.84,5,2,1,27.15
1347051.22,64.62,3,5,0,24.49
782337.71,70.26,6,3,1,28.83
343758.9,74.32,5,2,1,44.43
679416.32,62.1,3,3,1,32.46
230450.98,50.03,5,3,1,39.39
2003701.8,93.7,2,1,0,36.0
591142.38,71.85,5,2,1,46.18
2118286.73,81.9,3,1,1,40.87
146321.95,47.37,8,2,1,17.13
395102.66,86.91,4,4,1,42.73
759378.23,72.23,3,2,0,23.43
417476.52,73.42,7,3,0,42.38
871047.89,17.39,2,4,1,45.3
391449.21,62.48,3,3,1,34.29
672936.74,38.49,5,1,0,35.97
382024.37,66.87,8,2,1,7.14
190703.68,58.3,6,3,1,16.26
1490546.5,19.45,3,2,1,27.93
800251.48,55.05,5,3,1,0.28
358189.85,48.36,6,3,1,42.38
693250.32,76.0,3,2,1,18.54
921559.27,52.72,3,4,1,36.2
591153.49,50.9,2,2,1,38.49
1009405.1,71.16,2,3,1,27.45
136253.92,66.83,4,4,1,39.53
670940.32,94.31,5,3,0,34.15
258976.29,39.92,3,3,0,18.06
2443408.91,68.51,2,4,1,40.83
813239.36,24.22,2,4,1,31.84
291047.09,78.39,6,2,1,8.09
680247.84,76.82,2,4,1,38.66
556022.69,71.69,3,1,1,33.84
1548049.82,20.12,3,2,1,14.3
222830.71,93.94,2,3,0,42.11
853193.22,90.12,5,4,1,18.76
809524.08,41.46,3,2,1,27.68
320351.7,59.07,3,3,1,17.22
346694.85,85.56,3,1,1,36.25
1084248.74,52.04,5,2,1,29.1
124925.31,60.93,9,2,0,23.57
330835.78,61.28,3,4,1,1.11
980771.09,65.19,4,1,1,30.4
607335.94,58.92,4,1,0,31.16
1129453.74,44.51,1,3,1,9.14
564491.51,55.86,4,3,1,16.68
267869.19,84.07,4,2,1,43.95
479764.82,83.45,8,2,1,27.5
937084.01,75.67,4,5,1,21.81
909446.48,45.2,3,3,1,46.8
2463260.99,76.81,1,1,1,40.62
950699.59,42.97,6,1,1,4.96
660795.38,66.45,3,1,1,42.96
325221.98,58.23,3,2,0,7.57
649131.11,35.5,4,4,1,8.82
2310595.73,48.49,3,4,1,3.86
539283.74,80.58,2,2,1,24.12
266029.6,87.58,6,4,1,32.27
848525.43,27.45,3,4,1,37.71
639885.67,48.78,3,3,0,1.43
219955.37,46.85,5,3,1,8.98
1943434.9,51.57,2,2,0,31.1
3988306.46,93.01,2,2,0,26.33
557592.96,54.09,4,2,0,2.66
576316.26,80.56,2,4,0,46.78
260931.03,66.43,3,3,1,37.95
385781.38,19.11,6,2,0,18.0
961290.61,69.13,4,1,0,26.87
878954.45,65.0,3,3,1,18.78
989950.79,74.47,2,3,1,22.82
278451.48,16.33,5,4,0,29.85
171603.58,30.51,6,4,0,19.98
817949.96,75.39,4,4,1,31.07
490094.16,41.5,7,3,0,23.31
130718.66,87.42,6,4,1,32.9
1029378.19,54.0,5,3,1,13.18
559615.28,10.09,5,2,1,8.64
1530560.4,69.4,3,2,0,0.78
221555.63,53.64,4,2,1,30.14
124815.93,36.95,7,2,1,49.04
453306.63,11.74,4,3,1,21.08
1340460.11,26.89,2,3,0,10.71
970975.99,23.74,6,2,0,0.75
757177.5,59.54,4,2,1,25.69
857043.58,75.41,2,3,1,49.64
357026.82,29.94,3,1,1,49.19
1382477.94,69.31,3,3,0,5.16
555725.4,86.49,2,2,1,40.84
1053515.5,62.83,5,4,1,8.75
417932.35,75.93,4,3,0,40.49
858197.7,27.36,6,2,1,42.69
993258.75,16.37,3,3,1,0.49
608766.72,41.06,3,3,0,11.94
725934.45,70.27,2,2,1,2.92
269330.84,68.32,6,4,1,25.0
512754.32,91.18,5,3,1,1.43
519176.68,63.55,4,2,1,31.34
231411.71,44.96,6,4,1,27.96
598396.51,77.76,3,1,0,19.03
415695.5,23.01,5,5,1,23.14
276402.21,79.11,2,3,0,49.51
2610104.64,41.1,1,4,1,8.47
275370.54,23.09,4,3,0,36.58
248129.53,23.78,4,2,1,32.3
102917.53,93.61,7,4,1,33.22
225269.38,62.97,3,2,1,17.35
175833.64,24.81,5,3,1,10.9
431911.13,32.83,3,2,0,32.58
3200470.22,41.63,2,2,0,45.64
241038.69,14.75,6,3,1,48.8
441181.73,19.22,5,4,0,24.1
1260654.58,74.75,2,3,1,21.34
714992.14,76.88,3,1,1,17.51
315455.99,94.0,6,4,1,40.52
483920.81,15.75,2,3,1,12.84
1183826.05,85.58,4,3,1,25.7
977309.35,36.96,6,2,1,17.32
240816.98,37.87,3,3,1,43.8
357528.57,20.82,3,2,1,14.21
419080.97,93.84,4,1,1,34.36
370520.86,93.38,3,4,1,29.48
671510.53,83.51,4,3,1,16.49
426950.94,17.72,3,3,1,12.81
1453660.95,81.54,5,2,1,40.21
1012602.99,63.94,4,3,0,25.57
450496.91,20.95,5,2,1,30.61
611966.17,32.25,6,3,1,48.11
962458.18,68.58,4,2,1,19.96
706786.79,78.29,2,2,1,40.73
607509.12,82.09,2,5,1,31.97
692645.46,56.23,3,1,1,29.72
831251.2,55.44,4,4,1,2.82
359215.14,68.16,6,1,1,45.63
256578.47,76.11,3,3,1,11.51
612410.54,24.5,2,1,1,23.71
237085.17,72.89,8,3,0,37.63
315792.67,39.04,6,2,0,26.16
2158476.09,42.62,3,4,0,0.32
287734.93,16.61,3,3,1,47.46
895145.23,60.02,3,1,1,1.12
1615016.25,17.94,3,3,1,4.59
3873707.69,87.62,2,3,1,11.28
388895.98,62.78,4,4,0,29.99
887572.41,94.17,3,3,1,48.56
398692.64,30.88,7,3,0,46.14
318500.36,67.77,7,3,1,32.6
622862.2,91.98,3,4,1,37.11
429263.3,35.38,6,3,1,35.62
216968.0,18.19,2,3,0,34.38
746348.06,63.89,4,4,0,40.64
356449.29,41.12,6,5,1,17.06
578331.65,33.21,3,4,0,11.13
2256905.15,94.45,3,5,1,17.45
1322506.81,74.1,1,2,1,2.53
389204.44,51.26,4,2,1,48.36
1091619.04,14.25,6,2,1,37.0
401174.16,26.29,3,4,1,10.75
285070.82,35.4,5,4,1,12.86
907671.28,51.41,2,3,1,49.63
656713.27,52.27,5,1,0,38.43
561511.28,12.1,4,2,1,21.34
152156.57,90.19,6,4,1,10.41
240130.88,56.14,6,2,1,2.12
1377233.51,11.68,1,3,1,33.5
946494.27,69.61,2,3,1,39.02
639992.56,16.06,4,2,1,5.48
637066.35,71.3,4,5,1,0.22
97585.36,69.63,7,2,1,17.94
3754120.49,93.72,1,4,1,33.41
461438.19,39.07,5,3,0,46.2
758395.09,22.27,6,1,0,43.99
1294159.25,17.81,2,4,1,34.46
639878.96,16.1,6,4,0,40.72
524651.38,78.88,5,4,0,17.86
1482326.19,71.08,3,3,1,12.33
339052.02,92.95,8,4,0,6.3
623209.84,36.28,3,5,0,9.16
2583998.45,78.26,3,1,0,48.15
1126707.23,17.91,3,1,1,46.5
932509.26,86.83,3,1,1,2.44
153653.89,14.41,6,4,0,23.55
228826.89,76.97,4,3,1,18.73
2363441.29,36.13,1,2,0,32.62
2163662.01,25.4,1,1,1,16.49
685826.03,69.88,2,3,0,14.1
359629.69,86.15,6,4,0,40.48
857191.55,74.95,6,4,1,47.36
1504685.26,36.61,2,4,1,10.22
166647.39,40.05,6,4,1,11.84
463610.64,26.09,4,1,0,21.01
203874.65,80.05,6,4,1,35.34
261874.48,19.1,6,3,1,8.44
515667.94,86.77,3,4,1,23.45
297739.65,61.1,5,3,0,42.06
466853.88,60.05,2,3,1,11.78
612188.12,81.21,3,1,1,2.48
283281.82,66.74,5,5,0,45.35
56986.59,35.86,6,2,1,39.4
3397790.87,39.71,2,3,1,34.97
1905232.51,24.71,2,2,0,4.46
791015.14,49.45,2,2,0,44.98
1002637.16,19.36,2,4,1,15.33
490833.48,65.51,2,2,1,10.65
1828161.62,24.38,3,2,1,24.43
2063183.9,83.43,3,2,1,46.15
363035.81,69.54,6,3,1,49.73
1221397.31,85.78,3,3,1,30.74
367108.45,17.4,6,2,0,47.78
177819.95,77.87,5,3,0,22.72
221238.33,84.87,7,5,0,1.58
306583.87,13.79,7,2,1,13.86
215639.05,94.92,7,3,1,15.16
869488.91,35.55,2,3,1,39.16
625650.99,28.0,3,2,1,6.3
314806.5,45.27,6,3,0,8.83
340985.63,10.73,6,2,1,30.75
349767.76,85.3,3,4,1,6.62
214922.08,32.82,6,1,1,24.83
183470.93,54.34,5,3,0,1.85
891263.12,63.0,4,2,1,33.48
186838.44,77.24,3,4,1,45.43
1320527.61,31.27,3,3,0,43.76
1518445.01,70.96,3,4,1,3.77
551324.78,20.0,3,5,1,29.59
103966.44,69.86,4,2,0,5.28
228046.2,88.14,7,4,1,2.77
953926.9,17.23,2,4,0,30.56
216252.75,19.92,5,1,1,28.67
727756.49,57.36,2,1,1,4.78
1655319.88,13.94,3,4,1,18.06
590968.73,25.93,5,3,1,15.9
379514.94,26.17,3,3,1,17.19
253426.27,50.91,3,4,1,16.73
232787.07,31.12,7,5,1,41.25
348881.65,50.42,5,1,0,17.75
1335174.2,54.3,2,2,1,16.59
719033.19,72.1,2,4,0,1.58
673743.92,90.41,4,4,0,39.54
1582945.74,52.82,4,4,1,33.03
808556.83,40.18,4,1,0,17.14
385273.59,31.99,5,3,0,22.65
1776418.32,63.95,1,3,1,39.72
400192.82,90.15,4,2,1,17.28
1006601.32,75.0,4,4,1,23.72
453612.98,27.52,3,2,1,1.09
339549.21,85.93,6,3,1,45.92
681537.43,72.52,3,2,1,18.62
293458.52,20.88,5,1,1,14.89
217559.21,70.59,4,3,1,30.5
1203371.21,34.6,2,2,1,26.38
955748.84,51.77,2,1,0,20.11
669207.81,35.52,4,2,1,46.13
719774.06,17.15,2,3,1,18.21
1031163.59,75.33,4,1,1,49.92
146458.03,80.44,8,1,1,39.48
1846148.03,29.72,3,5,1,45.18
138965.39,30.37,5,1,0,14.21
857905.94,46.55,3,2,1,3.6
879093.13,78.97,3,1,1,21.02
410057.83,16.57,3,5,0,15.74
1278872.24,78.74,2,3,0,3.13
1424168.81,88.43,3,1,1,3.67
104869.37,57.73,5,4,0,8.8
893618.83,15.13,3,4,1,18.95
148067.75,32.91,3,5,1,46.77
1110811.2,19.47,1,4,1,32.92
2634891.7,32.04,2,1,0,19.98
349631.99,79.0,4,3,1,39.99
196071.39,14.73,5,2,1,28.47
440181.76,34.13,4,4,1,20.93
1371349.56,53.94,5,3,0,7.3
165164.35,84.29,4,4,0,46.36
131896.46,31.25,8,2,1,31.23
2434645.77,76.16,2,3,0,22.02
1511067.7,59.6,4,3,1,21.97
1863452.05,67.49,1,5,0,38.28
235690.32,83.25,4,1,0,9.05
1394530.26,12.25,5,4,0,20.94
1720375.51,55.03,3,1,1,3.24
1489902.16,73.51,2,1,1,4.09
304450.63,85.19,4,2,0,26.36
320880.14,21.28,6,4,0,19.1
257268.05,39.02,7,3,1,36.0
483628.76,16.68,5,3,0,49.34
4735514.15,80.97,1,4,0,42.99
672133.53,82.88,5,2,0,22.15
346265.83,51.1,3,3,0,18.96
1509494.8,11.77,3,3,1,29.29
797523.83,18.69,3,3,1,4.67
748588.8,63.07,4,3,0,49.38
1194968.23,93.52,4,2,0,49.05
203539.21,81.3,5,5,1,46.16
970296.98,77.82,2,5,0,33.14
720701.33,45.53,2,3,1,25.21
257988.96,93.74,3,3,0,35.36
610315.69,80.12,4,3,0,15.79
2236985.08,38.53,4,1,1,42.63
109556.3,73.62,6,2,1,6.82
486181.49,46.76,4,5,1,40.19
2911927.41,66.14,1,3,1,43.39
355786.98,92.45,6,3,0,8.59
926320.89,30.95,2,5,1,23.98
303112.07,77.58,3,4,0,44.59
379994.7,60.18,6,3,1,47.97
251828.53,90.75,5,2,1,40.59
266438.79,21.43,2,1,1,47.05
812050.18,71.18,5,4,1,46.86
320339.36,13.16,11,5,1,48.99
511295.11,30.96,4,3,1,20.73
568723.95,37.27,4,1,1,14.42
472195.92,46.74,8,3,1,31.68
453688.39,92.05,5,2,0,9.52
1136880.02,15.75,3,2,1,27.9
276440.59,24.36,6,5,0,29.01
1089136.66,27.26,4,2,1,40.34
801194.6,46.04,3,4,1,18.15
371265.12,15.16,6,3,1,30.13
231345.83,92.06,4,4,0,45.17
392547.98,57.59,6,4,1,21.15
240719.86,79.13,5,1,0,28.63
450637.3,75.66,3,3,1,39.39
303907.99,66.17,4,2,0,12.56
348588.27,86.87,3,4,1,5.26
1418946.04,86.7,5,3,1,34.12
1101858.74,20.86,4,2,1,18.59
2091952.11,86.66,3,2,0,19.14
237986.36,54.53,4,1,0,46.51
689788.26,32.79,3,2,0,20.45
228114.06,61.72,4,4,1,47.69
435378.39,33.88,3,3,1,5.41
285737.68,50.72,4,2,0,17.21
834270.1,79.4,5,4,0,34.68
521075.33,12.74,3,3,0,6.39
3764131.07,25.56,1,4,1,19.41
2848982.68,91.31,1,4,1,42.6
3949249.31,47.83,2,4,0,38.11
272044.57,35.78,3,4,1,14.18
2110409.92,88.48,2,3,1,17.89
1972312.64,87.45,2,4,1,25.3
221136.36,13.76,5,4,0,36.59
3628318.96,40.81,1,2,1,7.68
606459.13,87.59,4,2,1,26.43
432449.09,25.28,4,1,0,3.76
604702.29,59.15,2,2,1,19.95
429304.63,37.27,3,4,0,9.63
2260903.27,72.61,3,5,0,15.52
1983571.75,23.45,1,3,1,16.64
792528.42,60.66,4,4,1,38.53
308404.04,10.0,4,2,0,13.33
310454.88,31.47,4,4,0,33.22
948746.13,23.78,4,2,1,26.71
441135.38,27.84,2,4,0,40.23
386380.29,83.14,4,4,0,16.15
404731.25,87.76,5,5,0,49.73
706593.82,74.18,3,4,1,14.86
593582.65,60.16,3,2,1,29.02
314283.38,29.62,8,1,0,31.65
1502387.81,33.35,2,4,0,26.95
280095.88,36.34,11,3,1,42.96
548734.79,76.05,2,4,1,5.74
1671959.65,31.5,1,2,1,29.9
1015166.66,92.74,4,1,0,25.37
847879.62,77.7,4,1,0,20.92
217507.8,94.98,4,3,0,17.38
612064.89,49.03,4,1,0,7.73
121009.82,60.09,5,4,0,32.53
1019694.63,33.83,2,3,1,5.97
1547832.08,61.32,4,3,0,41.48
187119.91,92.78,6,4,1,22.44
400630.12,12.58,3,2,1,30.31
783968.02,34.59,4,3,1,3.98
261897.06,33.91,3,4,0,4.76
678201.56,93.5,2,5,0,11.87
945295.06,21.28,3,2,0,39.01
225859.64,79.05,6,3,1,24.34
430250.83,33.34,4,5,0,15.61
1549378.2,83.15,2,3,1,42.49
1276688.88,51.46,2,4,1,9.68
387833.56,30.59,6,5,1,13.05
539239.1,70.33,3,5,1,38.86
618926.81,81.53,4,4,0,1.45
306815.21,49.96,6,3,0,11.09
2609536.99,70.69,1,1,1,26.11
245261.76,25.43,6,2,0,45.76
444259.56,89.7,4,2,1,13.37
547368.84,18.2,2,1,1,10.73
647182.2,28.87,3,1,1,48.75
304706.75,34.51,4,2,1,26.27
203238.25,22.98,5,1,1,3.22
463128.01,44.57,5,2,1,13.9
563177.15,48.91,4,1,1,26.73
1057176.2,54.08,3,3,0,3.69
765418.08,13.47,2,4,1,34.66
361827.03,28.62,7,4,1,26.17
459879.18,78.66,6,5,1,35.52
2589212.37,78.9,1,4,0,17.15
604079.21,38.05,2,2,0,21.06
542163.95,49.2,4,4,1,46.41
411154.65,25.59,6,4,1,10.61
995658.79,79.88,2,3,1,2.07
141749.83,91.32,4,4,1,49.11
363863.58,34.76,6,1,1,0.47
3739159.62,76.46,2,3,0,44.42
399385.37,39.95,4,3,0,41.32
427000.92,10.22,3,4,1,24.43
413432.55,60.98,6,1,1,35.3
478297.89,44.88,5,2,0,5.34
2027864.69,74.47,2,3,0,38.21
133168.29,73.64,7,5,1,39.21
1025013.01,90.41,3,1,0,2.66
941887.34,47.21,3,4,1,24.91
364132.89,51.01,5,2,0,47.41
1214769.87,44.03,2,1,1,47.56
919311.34,35.24,4,2,1,49.23
836594.59,64.22,4,3,1,32.87
249669.68,80.38,4,4,1,7.14
810819.34,23.41,4,3,1,20.7
381455.29,93.46,5,3,0,36.37
414275.52,68.12,5,2,1,14.26
517944.74,76.31,4,2,1,40.53
452960.34,94.9,4,4,0,43.08
810645.88,52.84,5,1,1,38.2
471405.94,16.06,4,1,1,17.17
337614.51,77.17,3,4,1,37.1
391440.08,84.02,4,5,0,3.71
551789.81,23.8,4,1,1,16.83
1381826.29,12.05,3,3,1,38.3
711807.26,21.55,4,2,1,39.76
297563.96,37.54,4,1,1,16.01
1761499.58,88.56,5,4,1,48.02
290518.82,10.21,8,3,1,13.74
1065484.39,78.32,4,1,0,33.03
362048.49,82.66,5,4,1,43.96
682638.82,78.94,4,3,1,27.61
656214.63,16.99,5,4,1,20.68
823631.84,67.73,5,3,0,10.65
1246448.29,91.08,3,2,0,9.9
836535.17,20.23,4,3,0,8.03
410303.99,12.69,4,2,1,22.21
703487.36,84.26,2,2,0,27.44
1210346.6,64.82,2,3,0,41.97
1156911.55,64.95,3,1,0,10.95
578246.36,91.98,3,2,1,37.78
751378.85,75.43,5,3,1,34.74
1580035.32,43.78,3,4,1,31.76
381396.64,47.05,3,3,1,17.03
300004.64,22.3,4,4,1,15.97
607533.55,35.84,3,5,1,37.97
1192330.58,47.86,2,5,1,13.8
361842.9,32.19,4,4,0,16.55
1487651.59,87.85,3,3,1,48.26
852414.19,11.0,3,1,0,49.92
676749.14,59.9,3,3,1,0.19
139622.11,75.59,6,3,1,34.37
300108.16,72.23,3,3,0,26.82
782299.75,64.72,3,2,1,23.06
137881.27,44.88,4,3,1,13.86
910080.27,88.07,4,5,0,25.41
360652.36,37.96,5,2,0,22.88
3469640.07,73.76,4,2,1,20.13
1583759.23,88.77,5,3,1,42.51
444558.17,20.91,4,2,1,13.61
930103.01,90.5,2,4,0,29.91
900814.42,75.96,4,3,0,43.22
1377263.62,62.41,4,2,0,48.95
371028.96,41.74,2,4,0,30.18
169715.77,86.86,4,2,1,26.05
455051.93,13.74,3,4,0,42.04
2812663.76,46.71,1,1,0,9.5
2671429.16,74.31,1,3,1,31.54
1255758.82,78.95,3,2,1,3.3
193057.54,27.19,5,4,0,33.03
164670.44,14.05,3,4,1,39.81
663557.38,78.24,5,4,1,3.24
603158.36,45.86,2,3,0,42.44
147651.92,22.2,4,4,1,6.26
540767.06,17.27,4,3,1,8.87
3191193.09,64.45,1,3,1,41.84
921371.45,59.54,2,1,1,6.32
301297.39,82.59,5,4,1,33.73
450488.71,12.68,4,3,1,14.81
793733.6,83.82,2,4,1,12.49
441540.29,85.42,2,4,0,32.54
258268.15,47.94,5,2,1,5.43
677709.21,16.52,4,2,1,28.77
343553.1,90.47,7,4,0,46.23
365520.05,16.12,6,2,0,42.59
272833.38,60.21,4,1,1,42.57
444543.74,51.92,4,1,1,15.22
179001.36,80.98,3,2,1,35.09
735623.49,52.72,3,1,0,39.03
2336506.55,49.88,2,4,1,45.08
818739.07,84.86,1,3,1,13.28
199293.37,91.94,7,2,1,38.07
1207807.01,56.69,2,3,1,11.69
840933.34,48.65,5,1,1,1.49
303042.19,80.64,5,4,0,24.14
654418.69,80.64,2,3,1,38.32
101405.91,37.15,6,1,0,10.8
703237.95,58.98,3,2,0,2.52
1350259.98,23.1,5,4,1,18.75
1170882.03,64.02,2,2,1,10.22
489107.83,80.89,4,5,1,19.17
267272.71,25.94,9,4,1,46.05
393921.48,37.46,5,4,1,37.22
1217355.42,48.16,1,1,1,18.71
649871.57,81.83,5,2,0,16.32
324339.72,72.17,7,2,1,46.07
667941.36,36.93,3,1,1,44.45
220872.85,30.66,5,5,0,30.24
2167223.86,69.13,2,1,1,17.94
1477222.9,50.79,2,2,1,39.64
474318.92,60.45,3,4,0,33.22
1205593.61,65.14,3,1,0,28.28
294201.32,57.49,5,3,1,36.95
310054.55,62.11,4,5,0,6.81
628462.07,85.44,2,2,1,46.51
114187.76,83.8,6,4,1,48.65
375876.26,22.67,7,1,0,17.79
165217.61,59.85,4,3,1,47.35
237195.35,47.34,4,2,1,39.81
142679.03,34.27,4,3,1,47.06
313827.49,63.65,6,3,1,45.88
603919.04,53.43,3,2,1,10.13
407455.87,75.87,4,3,1,13.08
212142.92,17.94,5,1,1,13.1
245331.44,35.73,4,4,0,4.81
654958.76,12.19,4,4,1,19.94
356245.18,73.41,4,3,0,18.19
2397207.3,87.56,1,2,1,17.26
1165721.53,59.93,1,5,0,17.51
552574.36,62.44,4,3,1,3.2
619121.41,13.95,7,2,1,9.38
402636.45,52.82,7,4,1,14.87
516039.93,54.78,3,3,1,44.46
385601.57,13.31,6,1,1,46.33
572053.96,76.5,3,1,1,14.33
498039.04,33.66,4,5,1,34.74
1630885.0,71.49,1,2,1,42.55
598862.07,44.25,3,3,0,25.36
450367.01,94.63,5,1,1,37.8
273126.52,28.04,4,3,1,48.8
153977.62,14.95,7,2,1,8.19
172376.54,93.29,5,1,1,3.61
151812.19,30.73,5,4,0,32.04
159192.73,64.0,6,4,1,25.47
363639.41,41.84,6,4,0,14.9
1160460.53,64.37,1,1,1,45.84
539679.52,60.66,5,2,1,42.31
674829.92,70.12,3,2,1,13.29
152147.1,11.57,4,3,0,38.73
489542.17,81.08,6,4,0,41.44
1075038.36,50.69,3,3,1,16.33
273043.95,54.1,4,4,1,5.05
850434.47,44.94,3,3,0,42.54
169429.28,94.1,7,3,1,4.93
1051212.74,78.13,2,1,1,23.98
309492.35,36.47,3,3,0,9.8
169031.74,76.56,4,3,1,46.38
315171.36,47.14,5,3,1,5.45
920447.69,83.95,2,2,0,5.93
520622.19,12.62,3,2,1,35.12
324801.46,40.21,3,2,0,10.36
519929.38,46.53,3,1,1,6.7
582615.36,73.26,4,4,1,8.49
482516.22,25.5,4,3,1,29.84
2212205.67,34.33,1,3,1,11.21
221056.02,71.53,6,3,0,18.92
800981.27,16.53,5,2,1,42.5
195801.78,27.1,5,4,1,8.87
2656542.91,74.04,1,5,0,41.33
1007356.66,84.42,4,3,0,38.79
529192.18,71.95,5,3,0,41.58
585296.11,54.81,3,2,1,17.42
722068.0,18.42,2,3,0,23.67
1230634.32,80.31,3,3,1,35.38
168851.88,20.54,5,5,1,1.97
276960.75,42.73,4,3,1,33.22
520660.28,14.29,3,2,1,6.09
1388840.75,70.32,3,3,1,14.47
622541.9,52.8,4,5,1,40.51
369741.82,87.15,3,4,0,31.81
411482.19,21.79,4,1,1,31.13
685743.5,79.63,2,2,1,11.42
215856.07,53.41,6,2,0,33.43
1783675.27,41.12,2,4,1,6.67
217653.53,64.7,4,3,1,48.24
1301429.91,77.19,4,4,1,12.71
1086340.78,47.42,3,2,1,41.35
1271750.32,29.79,3,5,0,46.02
375473.03,87.84,4,1,1,8.67
362434.0,36.6,5,2,1,0.59
209779.98,94.85,4,1,1,43.73
1447288.78,75.22,1,2,0,38.22
888758.32,68.46,3,5,0,7.8
2157564.63,11.05,2,1,0,41.54
510200.33,48.13,2,1,1,40.54
398077.53,52.71,4,5,1,23.12
603564.49,41.99,3,4,1,47.35
286047.79,22.75,3,3,1,29.15
706808.6,41.23,4,1,1,22.2
428049.24,16.37,3,4,1,0.76
440855.06,34.73,4,3,0,47.64
377957.11,17.11,4,2,1,6.51
411590.67,73.96,3,2,1,14.88
394879.17,67.05,5,3,0,36.5
580718.82,89.89,3,3,0,0.37
396563.28,42.29,4,4,1,27.18
426902.42,76.83,3,4,1,8.03
800588.62,59.95,3,4,0,1.22
1782554.62,64.92,3,4,1,32.12
539090.09,56.53,4,4,1,30.19
901104.55,76.23,4,3,0,36.74
215253.67,13.57,4,4,0,30.95
726536.92,16.84,3,3,1,22.16
256602.8,18.15,4,3,0,23.98
408684.14,34.54,2,4,1,11.08
254470.26,60.25,5,2,1,4.28
810739.19,64.88,5,4,1,43.06
1168693.72,70.57,3,5,1,34.6
1146994.56,33.86,2,2,1,6.23
197616.84,65.27,4,3,0,13.29
440619.62,20.0,4,1,1,43.18
792072.11,10.85,3,4,0,48.0
440596.08,69.05,5,3,1,39.58
131174.78,70.83,5,3,1,28.54
387393.79,62.88,3,1,0,43.47
381595.12,32.0,5,4,1,31.38
683840.64,88.83,4,2,1,35.0
265448.5,84.43,2,3,1,41.36
359794.28,53.82,5,3,1,17.76
2160454.69,94.08,1,3,1,39.25
550183.82,35.38,6,1,0,10.43
1502389.46,51.75,2,4,1,9.79
562476.64,88.87,5,4,1,40.59
408980.77,49.28,3,3,0,28.23
315543.41,50.04,2,3,1,20.75
261034.76,16.75,6,2,0,26.22
904090.49,27.96,4,5,1,48.9
1524932.08,23.42,3,4,1,44.72
1012281.42,58.05,3,3,1,25.43
320668.43,37.07,8,5,1,27.4
497995.28,16.55,5,2,1,30.75
473409.7,53.35,3,3,0,39.56
1833915.44,66.88,1,3,0,43.7
1799158.16,72.6,3,5,1,7.41
563159.41,81.19,2,3,0,31.45
1741495.85,50.97,3,3,1,11.44
408598.69,43.2,4,1,1,31.13
1097960.48,68.15,4,1,1,8.65
213121.27,11.14,4,3,0,40.42
563602.56,63.85,5,2,1,33.08
637169.34,44.48,2,1,1,43.31
169634.56,48.49,5,5,0,47.23
452110.78,35.18,5,5,0,46.7
1211137.77,20.82,3,2,1,7.34
238851.48,44.12,5,4,1,18.9
115229.41,36.2,7,4,0,24.21
268064.52,91.61,7,3,1,39.47
627140.9,90.2,3,2,1,0.84
918391.9,64.73,3,1,0,46.28
3505195.11,86.81,1,1,1,20.42
478330.18,73.86,4,4,1,31.59
3018150.57,39.4,2,2,1,49.03
378049.86,61.33,6,3,0,44.14
268440.52,28.73,6,3,1,18.17
188483.4,68.41,4,2,1,24.28
564554.38,13.81,3,1,1,38.52
405093.62,80.66,4,2,0,37.2
705558.5,59.57,5,4,1,35.27
872290.58,14.97,3,4,1,0.63
244283.37,84.1,4,1,1,10.03
732882.26,84.6,3,1,1,11.16
988858.39,82.49,3,4,1,12.61
2479758.25,75.82,2,2,0,4.9
1688506.89,67.62,2,3,1,40.35
521648.11,43.74,6,3,0,17.13
685181.68,21.59,3,3,0,38.8
417161.09,34.55,6,1,0,46.58
1398751.56,39.5,3,5,1,15.72
445604.19,40.44,2,1,1,22.74
267955.7,58.07,6,1,1,4.47
249451.76,27.71,5,2,0,14.81
622312.41,26.12,4,5,1,27.36
2073992.65,70.94,2,1,1,9.09
197976.83,10.64,7,4,1,26.9
157503.84,22.71,3,2,1,15.71
387074.78,46.97,4,1,1,49.5
3430046.03,22.67,1,4,1,18.85
684390.25,91.58,4,4,1,2.05
512714.19,66.96,5,4,1,23.7
335227.98,46.79,5,2,1,16.77
184083.3,19.54,5,4,1,18.56
2701118.74,42.74,1,1,1,18.59
240384.02,65.3,5,2,1,44.07
1225302.82,92.35,6,3,0,24.96
698024.84,50.18,4,1,1,12.72
466493.2,68.86,3,3,0,39.65
343476.68,26.61,4,3,0,22.23
312535.71,63.01,6,5,1,7.35
1717360.1,30.32,1,3,1,49.93
775034.14,26.84,5,2,1,1.47
1108704.22,53.28,2,4,1,35.49
182610.51,27.99,7,2,1,42.39
1541043.05,71.31,4,3,1,17.76
408459.11,89.67,5,1,1,7.95
1572467.54,43.46,2,2,1,21.88
275302.61,37.41,5,3,1,24.18
352201.67,24.95,7,4,0,49.99
796556.79,43.18,3,1,1,1.07
91153.51,57.57,7,4,0,32.83
1328720.7,41.7,5,5,1,40.24
860224.57,62.96,5,2,1,30.93
390580.14,66.31,4,4,1,31.53
255849.28,18.32,4,2,0,43.78
814170.17,69.31,3,3,1,28.3
522157.35,86.53,4,4,1,44.09
613605.2,12.23,4,2,0,10.59
556071.45,56.86,4,1,1,25.85
895495.35,61.33,3,3,1,1.78
1575008.35,70.33,3,4,0,40.19
464679.15,42.79,6,1,0,38.89
528109.81,79.59,2,1,0,27.0
1496927.79,55.89,3,4,0,19.85
758015.1,44.76,7,2,0,18.57
2628164.18,71.14,5,2,1,10.14
505223.61,88.83,2,1,1,21.45
573455.06,79.02,4,1,1,15.27
142122.75,89.11,4,3,0,28.93
921057.0,32.6,3,3,0,39.35
713496.38,20.07,2,2,0,34.74
1257491.68,55.42,5,3,0,25.75
207621.41,13.78,6,2,1,47.44
239876.12,67.34,3,3,1,9.95
747204.79,30.4,2,4,0,32.03
121208.74,48.62,5,4,0,4.49
777909.37,65.72,4,1,1,33.68
95720.78,51.06,6,1,1,36.29
672301.55,30.07,3,3,1,39.15
284977.56,84.83,2,4,1,33.22
545364.16,74.99,3,2,1,6.22
2657455.68,61.09,2,4,1,2.31
307720.5,69.38,8,1,0,35.74
393679.16,45.3,3,1,1,39.93
277997.6,41.95,7,5,1,1.73
501077.35,23.61,4,2,1,7.58
1316425.97,78.31,2,3,1,39.54
174633.9,42.39,5,2,0,48.39
353662.67,68.85,8,1,1,26.07
391352.91,35.5,1,3,0,7.75
226456.87,77.66,6,5,0,16.13
369808.78,18.95,4,3,0,39.09
483224.5,63.13,6,2,1,27.21
502466.45,78.65,4,4,1,2.98
284375.23,66.12,3,1,0,15.49
274500.88,69.17,4,3,1,37.66
744594.99,54.71,3,3,1,16.36
315148.78,57.52,6,2,1,21.67
350190.01,15.6,4,4,0,45.26
297170.64,31.32,5,1,1,49.23
1003584.36,71.36,3,3,0,37.88
726676.93,90.36,2,4,0,12.08
313447.07,56.05,6,2,0,12.23
1457923.97,71.68,5,2,1,15.28
140650.16,68.1,6,3,1,8.11
108785.67,94.95,6,4,0,9.02
793222.81,77.58,4,2,1,12.87
219927.82,63.35,6,2,1,33.03
546038.73,19.79,3,4,0,30.66
620424.37,40.83,2,2,0,17.11
424142.84,31.31,4,3,0,9.91
739117.89,82.56,7,2,1,31.24
641676.24,47.92,5,3,1,6.63
1663088.42,55.5,2,3,1,7.4
121097.78,92.01,7,3,0,19.23
248454.1,81.12,4,1,1,28.41
120323.65,77.13,3,3,1,36.44
1220012.31,22.09,1,2,0,34.38
704035.46,11.94,5,1,1,18.98
1351898.87,20.67,2,1,0,32.77
347199.26,72.92,5,1,1,10.65
652135.43,44.91,3,5,0,24.74
187354.63,19.98,7,4,0,30.8
747315.73,72.82,3,5,1,37.25
1046450.67,26.54,3,1,1,4.07
107426.03,60.07,7,3,0,5.15
395548.68,73.03,6,1,1,3.79
1734645.7,61.69,2,1,1,27.37
309125.28,94.46,5,3,1,28.55
1509476.09,46.9,2,3,1,0.65
2146511.99,36.5,5,1,0,32.87
465608.28,27.1,4,2,1,38.19
627619.81,52.82,4,1,1,5.92
318338.76,82.46,4,2,1,16.93
1105273.66,90.49,2,3,0,42.51
653350.24,92.62,4,2,0,34.39
742882.46,55.17,3,3,0,15.3
268844.51,61.45,4,3,1,37.14
561026.1,59.43,4,2,1,44.37
2383714.12,49.61,2,2,0,15.54
648804.75,22.94,4,3,1,34.25
706271.07,15.56,5,2,1,4.76
429981.93,47.11,4,4,1,3.03
621879.88,25.82,5,1,0,29.35
468889.68,85.37,5,4,0,24.67
373562.75,74.74,3,2,0,40.52
800106.65,62.56,3,4,0,39.04
1093596.1,14.03,1,4,0,14.41
452100.39,62.89,3,4,0,25.66
444257.25,62.79,5,3,0,37.81
592468.04,47.33,4,2,1,13.62
323789.29,65.91,3,3,1,18.16
533109.07,82.92,7,2,1,3.09
1397305.9,74.43,2,4,0,6.61
433024.96,50.24,3,4,0,30.55
112593.47,32.29,7,4,1,24.89
908827.03,50.62,2,3,1,8.51
505762.0,90.41,3,3,1,0.46
353671.86,79.7,6,1,1,8.53
398648.61,12.3,4,3,1,37.51
74316.21,76.55,8,3,1,4.77
523545.67,24.5,3,3,1,20.18
550188.51,58.54,3,4,1,12.02
1449964.21,78.55,2,4,0,27.51
1304173.67,57.71,1,3,1,25.63
1809556.81,44.33,3,2,0,49.15
209903.54,37.31,3,3,1,38.67
870882.71,35.93,5,2,1,46.92
866538.17,81.18,2,2,1,28.94
474416.44,80.13,7,3,0,36.92
520001.27,79.99,4,3,0,44.76
561194.69,34.03,7,5,0,2.15
261927.59,77.91,6,3,0,45.78
512820.19,13.11,2,5,0,10.67
1162412.58,27.55,4,2,1,35.28
308708.31,53.73,6,3,1,38.69
1132329.87,44.57,2,5,0,5.56
831854.84,19.51,5,3,1,47.66
266874.15,13.55,4,3,0,46.34
1417134.39,61.95,2,3,0,32.76
463912.32,36.65,3,4,1,7.85
457899.05,11.36,4,5,1,28.35
690212.7,46.63,3,3,1,17.27
201505.61,36.08,4,4,1,46.55
310644.18,59.01,4,5,1,20.39
1114982.62,89.03,4,2,1,34.72
843588.72,36.17,4,3,1,31.89
636540.91,94.76,3,5,0,13.62
1147076.28,17.31,2,2,1,26.82
830935.39,17.5,2,3,1,20.56
894940.15,70.6,5,3,1,18.79
586059.25,73.63,3,2,1,43.21
1139338.14,45.94,2,4,1,7.07
1314551.1,34.31,3,3,1,20.58
248733.97,77.49,5,3,1,0.44
2525946.32,91.28,2,3,1,13.17
158306.01,94.14,5,3,1,31.13
1317821.98,63.93,4,2,1,4.47
396368.77,72.91,4,3,1,13.63
571356.4,79.89,3,2,0,44.02
318968.21,77.9,2,3,0,34.62
377312.41,94.44,4,1,0,3.61
1062479.71,78.89,1,4,0,49.62
458997.44,66.32,3,3,1,47.26
365190.9,41.98,5,1,1,7.17
1761238.46,60.83,2,4,1,46.1
2245776.75,84.83,1,1,1,27.54
2384752.71,35.97,1,3,1,46.48
205510.1,12.61,5,4,0,48.41
584434.72,37.81,2,2,0,34.71
1458531.48,91.62,4,1,1,14.64
255107.8,77.5,5,1,0,46.24
2677991.87,25.91,2,5,0,28.72
428424.12,11.02,4,4,0,17.14
661827.66,66.88,3,2,0,23.06
942154.67,59.22,4,2,1,20.37
1417667.06,17.05,3,3,1,46.77
618405.81,92.11,3,3,0,41.01
523578.31,62.51,3,2,1,1.67
639112.29,65.38,3,1,0,0.59
485695.23,82.56,5,4,0,3.56
846180.4,38.65,4,4,1,30.56
662599.24,57.45,3,2,1,40.74
718583.66,58.98,4,1,0,25.8
1059786.39,92.23,5,1,1,26.78
498494.51,21.18,5,3,1,12.1
597612.21,74.51,4,2,1,23.02
132839.12,58.89,6,1,1,12.92
409037.42,81.86,1,3,0,13.77
1251531.12,80.72,2,2,1,19.62
624366.72,11.02,3,1,0,2.47
291178.71,31.8,5,3,0,47.75
573678.13,25.37,4,3,1,45.72
382437.24,49.25,5,4,1,39.83
1300235.37,86.95,3,2,0,28.47
2087894.13,10.43,1,1,0,40.67
633299.57,51.5,2,2,1,48.71
718313.82,85.21,5,4,1,14.25
580188.93,88.73,3,2,1,18.28
679850.13,65.87,4,2,1,36.48
212701.15,80.53,7,1,1,32.18
335645.06,37.55,4,5,1,41.26
695153.98,34.31,3,5,1,17.41
666026.61,14.18,3,3,1,15.6
881415.07,52.77,3,2,1,29.31
281265.14,48.75,6,4,1,7.38
164701.46,41.61,4,3,1,2.07
764661.47,19.63,2,4,1,12.28
532070.68,29.61,6,4,1,8.0
414687.29,27.31,4,2,1,0.43
427570.98,90.24,4,5,0,38.92
1194470.58,92.15,3,4,1,27.21
431146.74,10.29,3,3,1,33.48
157138.08,24.5,5,3,0,8.24
450145.87,85.55,4,3,1,12.91
211839.77,13.26,7,3,0,3.1
1110423.7,90.19,1,3,1,49.87
446180.37,42.31,4,2,1,5.24
532567.79,55.79,5,2,1,4.61
657246.6,74.92,3,3,0,30.75
794585.88,30.73,3,5,0,16.66
1961916.44,18.56,3,2,0,44.39
538025.05,78.85,3,2,0,41.59
1171577.86,93.69,2,4,0,43.42
243461.11,66.0,6,1,1,36.78
397747.19,80.14,3,5,0,6.68
465302.55,90.01,3,3,1,3.27
743852.23,29.43,2,5,1,3.33
351433.34,39.78,7,4,1,40.11
2705597.09,28.62,3,4,1,32.89
430095.11,15.25,3,1,1,49.05
386053.2,72.24,4,3,1,32.21
318178.15,22.38,6,2,1,12.54
1257117.71,17.88,2,4,1,4.57
331777.66,40.4,7,3,1,18.34
714042.67,15.15,6,1,1,10.06
66055.77,25.26,7,2,1,31.46
78911.53,15.95,6,1,1,4.89
368125.33,84.57,4,4,0,38.65
957504.55,76.28,4,3,1,34.86
258331.49,83.06,3,2,1,36.84
81562.61,83.81,4,3,0,48.28
399032.24,90.28,7,1,0,32.56
382481.23,25.87,6,2,1,39.45
343610.03,86.5,3,2,1,4.36
548821.79,54.63,2,5,0,47.16
138512.0,24.13,8,2,1,11.01
423743.36,65.74,5,3,1,24.7
453884.73,37.8,3,3,1,47.86
666732.36,13.95,4,3,0,9.05
59603.2,16.69,6,2,1,1.87
395251.12,46.02,3,1,1,14.92
336298.8,80.25,3,1,1,7.9
425024.13,36.44,4,2,1,33.43
239285.31,75.12,6,3,1,13.99
800035.92,14.74,4,2,1,3.24
162446.43,43.47,4,3,1,44.66
679207.94,20.83,3,1,1,2.57
554356.88,83.4,5,3,0,13.64
755055.79,92.27,8,4,1,12.09
742511.2,37.68,2,1,1,1.27
602221.62,94.05,4,2,1,8.35
167944.35,73.95,4,2,1,40.76
118010.86,10.1,4,2,1,1.97
1097178.38,51.25,3,1,1,1.26
988077.73,80.9,2,1,1,31.74
804253.42,55.38,5,5,0,4.54
173949.51,56.75,5,4,1,18.64
386942.4,48.05,7,5,0,0.21
1521179.14,43.58,4,3,1,18.18
637639.91,12.33,4,4,1,15.97
585168.16,62.85,4,4,0,30.67
498241.06,75.17,4,4,0,25.0
110366.4,77.17,7,1,1,33.96
745331.45,63.09,6,3,1,46.8
229056.95,39.01,6,3,1,39.78
670913.57,11.92,4,3,1,46.68
155242.16,86.14,5,3,1,2.81
325693.46,46.47,3,4,1,49.52
2345256.32,61.1,2,5,1,16.17
804898.49,26.54,2,4,1,13.91
1185494.95,22.07,4,4,0,20.24
1891842.17,17.38,1,3,1,39.19
131324.08,77.9,5,3,0,47.72
1128757.77,64.95,3,3,1,27.76
198819.86,62.8,7,2,0,7.8
603062.05,88.15,5,4,1,10.78
670993.17,23.49,3,5,0,20.33
130923.65,24.47,6,3,1,18.35
1094085.79,26.1,2,4,1,11.99
925687.83,45.99,8,2,0,42.53
888401.97,84.31,3,3,1,14.08
957750.1,84.93,2,4,0,29.68
629982.03,60.2,6,2,1,24.02
562477.67,65.94,4,1,1,46.18
1124190.03,86.31,2,2,0,31.48
147136.31,63.06,7,2,0,16.67
380236.74,29.53,6,2,1,31.97
738095.23,69.92,5,2,1,16.01
240127.38,75.44,5,5,0,4.63
1165199.8,64.0,4,4,0,24.31
375321.58,33.25,5,3,1,43.02
387986.57,43.99,3,4,0,45.47
901923.41,50.0,4,2,1,27.23
1669314.23,22.35,1,4,1,35.01
781847.17,48.44,4,3,1,30.57
416087.34,23.7,4,4,0,40.56
637616.33,52.45,3,3,0,5.25
666530.89,14.32,4,2,1,20.13
590216.01,90.63,4,4,1,12.73
299399.4,30.94,2,3,1,0.43
505906.21,49.7,2,4,1,41.51
1731500.29,12.78,2,1,1,6.8
610544.07,26.38,3,3,1,16.24
482699.18,68.93,3,2,1,43.36
438760.25,19.5,2,4,0,36.09
259331.86,63.39,4,5,0,28.43
147358.91,10.18,4,1,0,15.58
1865858.02,49.53,1,4,0,25.81
461540.54,71.31,3,1,0,2.91
370065.38,88.73,3,4,0,36.39
271907.11,51.89,7,1,0,11.94
493335.36,81.45,5,2,1,24.01
2320530.71,78.22,3,2,1,4.81
133400.41,35.14,6,4,1,35.57
1325123.65,84.35,3,2,0,44.8
592497.22,64.42,6,3,1,22.85
310596.52,18.86,4,3,1,4.25
746633.18,89.82,3,3,1,47.26
502227.14,25.02,3,3,1,22.41
443288.13,49.98,5,1,0,4.11
1225898.06,49.64,4,4,0,9.5
570304.57,63.15,5,2,1,6.08
336288.09,66.52,8,4,0,9.96
306317.22,29.8,5,3,1,7.87
135646.37,39.96,6,3,0,46.15
874818.66,22.29,2,2,0,10.53
1363209.77,20.71,3,2,0,22.15
158619.16,80.13,5,3,0,36.52
1052781.62,73.81,1,2,1,33.88
534702.76,47.63,4,3,1,47.83
549113.23,18.15,2,3,0,48.3
410804.88,48.24,3,2,1,28.58
512588.45,35.03,3,2,0,37.64
218454.97,76.12,4,5,0,19.36
276297.24,18.21,4,3,0,21.52
755974.1,48.37,4,4,1,5.31
226224.64,60.27,4,1,1,33.7
253384.77,93.79,3,1,1,13.6
339656.69,17.62,4,3,0,4.09
1538050.28,19.69,2,4,1,5.0
440450.15,93.98,4,3,1,36.15
375103.4,44.48,4,3,1,11.52
339373.25,73.22,6,1,0,38.52
99375.95,76.6,7,5,1,45.31
1333978.26,36.74,2,3,1,17.11
831884.37,28.22,3,1,0,39.71
258501.16,33.47,6,3,0,21.49
906422.08,74.97,4,1,1,38.63
252005.95,81.44,4,3,1,15.41
975251.86,69.46,4,4,0,46.58
2175341.45,47.5,1,2,0,49.36
1620213.43,32.32,1,2,0,19.37
979628.44,46.15,2,3,1,10.03
464792.7,87.73,4,3,0,34.3
824664.43,83.37,5,3,1,29.22
259808.0,37.49,4,3,1,49.57
418267.38,37.87,3,1,1,40.6
923094.95,76.3,4,3,1,41.77
693517.57,46.26,2,5,1,36.35
1701758.47,58.68,2,4,1,17.6
2748358.57,45.9,2,2,1,46.8
389503.69,30.6,4,3,0,23.34
746031.45,26.05,4,2,1,20.03
248075.96,21.86,4,2,0,9.79
519738.2,10.97,6,4,1,15.27
372463.72,33.85,6,2,1,0.21
438916.07,24.57,6,4,1,33.03
336503.02,31.93,4,2,1,30.31
365931.99,16.44,2,4,1,20.21
893890.85,39.03,3,2,1,48.36
191634.62,54.2,3,3,0,34.69
1638988.28,90.29,1,2,1,12.21
1162515.59,39.5,3,1,1,19.0
741571.12,12.64,3,4,0,25.84
3191043.08,40.8,2,4,1,27.31
1222554.65,79.46,3,4,1,13.85
446434.82,38.91,3,1,1,12.55
403104.1,34.8,5,4,1,15.04
963598.89,88.11,2,4,0,48.17
95918.33,35.26,8,2,1,18.04
187963.14,92.47,6,3,0,18.77
472092.95,80.77,3,3,0,36.04
292178.59,68.16,2,3,1,8.22
680024.29,60.86,3,4,1,32.19
341505.47,29.11,5,3,1,33.34
363348.05,72.08,2,2,1,3.32
631740.1,39.51,4,1,1,9.58
338506.67,51.28,9,3,0,23.38
757370.92,18.85,3,1,1,41.79
408098.86,35.17,4,1,1,36.64
942464.0,54.98,3,3,1,43.69
994027.28,49.78,3,3,1,42.57
476872.4,39.2,5,2,1,25.62
120891.36,50.11,10,5,0,31.15
585174.92,73.32,4,4,1,46.05
677069.31,49.04,6,3,0,37.08
346531.22,53.02,4,4,1,17.96
3490712.48,69.6,2,3,1,17.58
482149.33,81.54,3,3,1,18.39
673896.57,54.78,3,4,0,24.81
220741.84,90.59,6,1,1,18.19
377831.28,40.04,6,4,1,9.46
232362.68,31.47,3,3,0,29.79
476280.68,68.91,3,3,0,43.47
147092.53,24.94,7,2,0,24.68
716827.65,86.5,3,3,1,11.04
514400.94,42.86,7,3,1,40.67
730372.06,69.34,4,2,1,37.81
159275.72,58.47,3,3,0,35.04
1687818.51,14.62,4,3,0,33.77
789026.89,70.27,3,4,0,39.14
207386.82,77.15,6,3,1,41.53
1089391.21,93.51,2,3,1,44.92
440768.9,45.37,5,3,1,30.54
265787.62,52.75,5,3,1,19.74
372127.02,84.36,6,5,0,4.59
275427.22,32.88,5,2,0,36.15
388904.25,26.08,4,1,0,7.15
328383.74,21.3,4,3,0,43.44
279787.3,93.15,3,3,1,20.35
1082035.67,32.98,2,5,1,43.82
938996.82,74.38,3,1,1,25.97
450075.53,48.22,6,3,0,22.73
648564.82,30.45,5,2,0,18.24
802905.13,87.63,3,3,1,3.16
360075.98,49.42,4,4,0,0.68
1093819.25,58.11,3,4,1,25.48
125439.56,28.91,7,4,0,45.07
230996.83,37.55,5,3,0,29.35
158826.84,73.55,7,3,1,43.13
947648.82,39.16,4,3,1,49.99
3490910.36,53.01,1,3,0,9.01
885378.8,19.72,3,4,1,33.01
628693.07,82.26,6,2,0,20.9
233980.35,72.69,5,3,0,10.52
814675.2,74.66,3,3,1,12.12
919649.74,25.15,2,4,1,12.31
659140.08,52.09,5,4,0,36.51
264330.45,12.34,7,1,0,17.81
174872.02,36.78,9,2,1,12.86
914317.19,39.58,3,5,0,44.31
1677062.52,87.66,2,2,1,1.81
331936.35,94.39,4,1,0,36.81
637138.48,62.51,3,2,0,48.03
210133.37,53.93,5,5,1,31.32
147642.8,47.41,3,2,1,27.45
319453.06,11.56,7,3,0,3.17
952390.98,78.01,3,4,1,25.2
2320376.66,67.11,1,3,0,18.13
123108.96,65.19,5,2,1,38.93
401593.63,78.77,4,3,0,40.61
130966.52,88.88,4,4,1,8.46
2255029.21,43.11,2,3,1,26.16
172233.74,46.24,6,1,1,43.01
842226.49,92.89,5,2,1,31.26
1165789.97,66.48,3,2,0,24.1
231008.06,82.36,5,2,1,44.91
200966.02,28.83,5,3,0,48.33
815543.34,36.95,3,2,0,11.84
238939.98,43.29,5,4,1,9.22
527126.81,36.94,4,3,1,43.26
371019.2,85.16,4,3,0,12.22
340495.7,53.48,2,3,1,42.41
104014.05,91.06,5,2,1,15.13
567908.84,37.31,4,4,1,1.06
471867.29,13.17,3,2,1,21.15
355703.13,21.74,4,3,0,2.11
752550.92,28.45,4,3,1,10.48
1336350.67,64.4,3,1,0,24.02
336729.51,25.39,5,1,1,2.02
1616284.86,42.43,1,2,1,1.76
1338337.38,77.61,2,4,1,7.84
175676.72,20.6,5,2,1,23.19
755609.17,16.84,3,4,0,48.7
460179.59,55.9,6,3,1,4.76
745524.86,69.34,4,1,1,31.14
88613.39,87.43,7,4,1,24.9
313919.69,66.27,4,5,0,3.1
292654.41,90.43,4,1,1,1.8
526305.86,30.78,4,2,0,11.17
881900.45,39.05,3,4,1,34.27
1216796.18,81.34,4,5,0,48.12
736653.96,78.94,2,4,0,27.85
245167.53,66.52,6,1,1,2.38
1317426.7,53.01,3,3,1,12.97
2368923.44,11.51,1,3,1,47.12
424219.3,33.84,10,3,1,0.72
589448.39,23.46,4,3,0,30.15
165044.52,14.35,6,2,0,9.03
445510.37,75.97,2,3,0,3.4
156319.1,21.16,5,4,1,12.8
589950.07,40.38,5,3,1,46.86
1011417.87,93.08,4,3,1,38.11
1202820.02,44.78,5,2,1,8.64
1096080.19,22.03,3,3,1,3.38
995906.63,68.63,4,1,1,24.71
233335.06,78.85,6,1,1,2.73
330227.87,33.73,3,4,1,20.26
825507.18,78.79,4,3,0,40.03
849154.28,33.08,3,3,0,25.08
422958.23,68.91,5,5,1,44.85
1250777.24,20.61,2,2,1,39.58
1203523.56,46.36,2,2,1,27.81
1070884.77,54.24,4,3,1,39.54
1437446.83,71.65,3,3,0,4.83
687101.88,65.25,4,3,0,10.15
548927.83,82.53,6,4,1,35.05
899707.73,25.66,3,2,1,0.39
751743.9,66.21,2,3,1,0.33
624371.54,20.86,5,3,1,19.08
214702.49,50.64,4,2,0,43.37
533078.93,54.59,7,4,1,49.04
242072.34,12.32,4,1,1,32.53
470731.93,15.98,5,3,0,47.52
597052.57,81.34,2,2,0,42.4
394795.52,34.38,7,1,1,10.15
388561.58,39.42,5,2,0,20.26
152315.38,64.43,5,3,0,31.23
510416.26,28.76,5,4,1,7.65
280354.35,26.39,5,3,1,15.72
1682078.61,45.83,2,5,0,37.84
661445.67,15.01,3,4,1,17.3
418944.24,87.94,6,2,1,46.3
372073.37,89.91,3,2,1,20.4
232034.46,48.1,6,2,1,11.07
501924.27,27.79,3,2,0,10.58
3315176.72,50.0,1,3,0,34.39
1356111.39,18.49,4,1,0,18.47
244619.45,43.81,5,3,1,11.94
1891653.19,16.26,2,3,0,34.72
269694.84,70.02,2,3,1,21.13
193696.63,33.44,5,3,1,42.32
278852.59,54.26,4,4,1,27.49
220179.95,11.15,4,3,1,48.61
191674.25,54.59,4,5,0,18.79
846772.26,10.28,3,4,1,14.18
581256.31,88.64,3,3,1,32.26
622406.61,52.6,4,2,1,35.45
1000160.78,18.51,3,1,0,0.95
465064.92,38.99,5,1,1,33.5
980723.28,13.92,3,2,0,9.13
475435.39,55.13,4,2,0,47.95
486336.86,20.4,2,4,0,28.84
748069.07,50.21,5,2,1,6.42
464130.22,35.97,3,2,1,2.73
226206.67,74.73,5,1,1,43.99
445501.06,50.99,4,3,0,42.55
229320.42,82.1,5,3,0,21.76
257244.51,90.01,6,4,1,4.47
406229.23,92.41,6,3,0,19.56
610913.52,32.12,4,1,1,38.05
385651.61,75.24,3,1,0,33.11
493246.58,47.24,3,2,1,43.27
1888800.68,46.22,2,1,1,37.58
667667.59,83.8,4,4,0,16.57
1721565.59,22.38,4,1,0,17.12
2012583.39,50.61,2,2,0,32.42
3939545.19,60.4,1,3,1,15.58
287410.44,15.62,3,2,1,43.4
1567776.66,83.48,2,5,1,16.45
320096.07,36.72,6,4,1,24.5
284922.65,65.83,5,4,1,2.26
548265.45,88.89,4,2,0,5.99
499427.03,71.18,7,1,1,6.68
446296.8,85.31,6,2,1,17.27
292617.44,15.91,4,2,1,5.92
442221.07,51.88,7,1,1,22.91
270495.18,58.01,5,1,1,13.53
1129022.41,68.57,2,3,1,13.7
275469.03,19.93,6,2,0,22.33
193195.07,65.83,9,3,0,42.71
1046679.67,22.41,3,3,1,38.11
354077.64,15.75,3,5,1,44.2
1274008.94,49.89,5,4,1,49.51
132974.21,61.03,5,2,0,0.65
692630.68,91.44,2,3,1,34.66
2475931.22,69.38,1,3,1,6.08
703831.41,60.27,4,4,1,46.85
622253.15,28.24,3,3,0,11.42
273663.75,22.92,7,1,0,17.56
845529.01,61.62,3,2,1,48.95
575357.02,28.95,3,3,1,43.37
1143511.55,70.06,4,5,1,2.46
656167.62,19.73,5,4,1,2.44
669480.09,38.87,5,2,1,40.96
555241.7,75.71,2,4,1,3.61
630176.15,80.64,3,3,1,42.6
183964.09,39.35,9,3,1,46.24
271127.59,27.57,4,2,1,1.29
615262.42,91.45,4,3,1,11.08
359014.55,74.69,4,3,1,1.26
979335.94,78.6,3,2,1,3.73
347761.71,28.93,3,4,1,26.75
1853918.53,46.08,3,2,1,36.54
578997.38,15.8,2,3,1,24.03
376932.7,19.3,6,2,1,19.36
455524.8,28.78,7,1,1,10.42
351977.09,35.77,4,2,1,11.91
472395.12,94.76,7,3,0,29.16
316120.12,45.88,3,4,1,42.8
1184671.71,69.32,4,3,1,20.29
666554.56,86.88,3,2,1,46.99
346576.48,30.91,4,2,1,2.7
276158.83,22.3,6,3,1,41.48
805370.1,30.68,4,3,0,17.0
349071.64,85.01,4,1,0,43.45
316187.61,66.58,4,4,0,45.98
289328.67,48.36,6,1,0,35.05
195709.13,79.72,5,3,1,17.82
1477751.13,30.12,4,2,1,22.9
705749.8,30.33,2,3,1,27.63
653130.45,58.21,5,4,0,23.16
1124146.76,77.16,2,2,1,39.58
137288.25,32.06,8,4,1,38.6
329281.31,27.85,6,1,1,0.73
634735.56,50.29,5,5,1,7.67
221372.41,21.41,8,2,1,18.24
811329.76,73.56,5,4,0,33.65
457470.51,59.07,8,1,1,11.56
688252.46,53.57,5,2,1,16.21
376213.31,84.14,4,3,1,23.16
518630.7,72.27,2,3,1,29.52
343023.1,22.69,4,3,1,45.1
1115259.18,45.74,2,2,1,40.25
550198.34,37.31,5,3,1,18.02
134694.27,78.18,4,3,1,38.42
493282.7,71.12,4,3,1,41.65
545009.86,50.12,4,3,0,26.16
559534.89,80.01,3,2,1,14.87
860549.48,44.86,5,4,1,47.16
364819.47,78.3,7,4,1,48.12
2175932.71,12.73,2,2,1,11.31
248827.1,21.44,7,3,1,39.27
434975.49,74.26,8,3,0,2.18
1762823.86,19.72,3,3,1,0.22
1088946.97,68.12,4,1,0,17.64
514817.56,71.5,2,4,1,23.18
567605.59,66.29,3,4,1,27.36
537287.65,79.55,3,1,0,18.98
664811.19,53.49,4,4,1,6.53
748268.97,86.25,4,4,1,17.31
239719.91,58.41,5,3,1,41.11
2065128.7,53.17,1,2,0,16.85
196699.27,53.3,3,2,1,29.66
1177462.95,87.53,4,3,1,34.08
291599.79,30.71,5,3,0,36.65
1025172.23,69.08,2,3,1,24.45
823289.34,30.62,2,4,1,6.37
985911.81,17.83,4,5,1,45.04
90327.91,91.07,4,4,1,13.09
490774.21,21.03,4,5,0,17.01
372156.91,68.33,5,3,0,38.71
503432.98,46.09,3,1,0,38.2
1117157.44,81.15,5,1,0,44.83
194044.51,75.72,6,2,1,1.78
525086.47,22.22,6,3,1,43.74
409213.46,49.76,6,2,1,39.63
2113306.56,12.34,2,2,1,26.3
664333.37,46.51,2,4,0,8.06
638624.22,69.52,2,5,1,27.3
637865.34,29.73,6,1,1,9.78
426528.01,78.85,6,1,1,48.25
130780.83,14.52,6,3,1,35.47
717314.61,12.94,2,2,0,29.85
833356.92,12.33,3,4,0,40.69
819429.93,33.8,4,3,0,26.67
329775.45,49.7,4,1,1,3.11
86262.65,19.13,4,3,1,13.03
678499.86,94.72,4,2,1,49.09
476708.47,94.96,2,5,0,42.56
197005.01,54.18,3,3,0,46.38
181218.23,58.28,2,5,1,4.98
807819.69,88.78,4,1,1,12.48
305975.5,75.43,7,1,1,3.26
346337.24,24.28,5,2,1,41.13
760442.02,77.36,6,4,1,8.78
726577.51,29.63,4,3,1,20.56
2614629.19,46.57,2,4,1,13.55
286572.38,55.26,3,2,1,46.52
323679.84,70.94,6,1,1,30.46
93951.17,22.76,8,2,0,40.0
287969.87,16.47,6,3,1,30.15
426998.65,83.62,4,4,0,30.67
577538.43,80.28,5,3,0,19.21
679237.44,54.48,3,2,0,12.03
720535.47,66.3,4,3,1,17.48
604783.71,71.14,5,2,0,14.81
3612136.65,50.51,2,3,1,34.59
328201.85,31.86,5,1,1,21.19
225471.37,50.92,5,4,1,27.55
1149115.4,90.82,2,4,0,38.57
1225221.23,81.22,1,3,1,13.4
1608100.41,49.57,3,1,0,21.24
418224.99,29.17,4,2,1,26.02
282438.55,85.62,5,1,1,2.78
373590.74,64.25,4,3,0,7.69
762803.77,44.4,4,1,1,3.27
601234.02,19.49,3,4,0,37.64
337292.42,73.9,4,4,1,15.07
1077089.7,36.94,5,2,1,21.19
169462.67,61.54,7,3,1,33.65
506381.33,58.42,4,3,1,48.33
488758.72,69.47,6,2,1,40.57
186261.07,55.7,4,2,1,2.98
661233.26,63.58,4,1,1,15.36
350923.35,16.93,3,4,1,2.55
812097.19,66.55,4,2,1,3.18
370940.56,26.51,3,3,0,6.46
1001539.76,43.32,3,4,1,16.12
641612.85,53.57,6,3,0,11.65
664921.32,68.38,5,5,0,17.67
2305458.17,73.11,1,3,1,41.12
575277.12,69.92,3,2,0,39.9
280606.99,18.08,5,4,0,17.6
798796.38,42.89,6,2,1,33.03
434386.76,33.86,3,5,0,18.7
354742.72,43.87,3,3,1,19.36
591125.4,64.98,5,5,1,33.82
307436.41,26.4,4,2,0,19.28
224251.62,52.68,5,1,1,27.51
277957.96,85.21,3,2,1,5.85
296800.71,72.15,5,1,1,26.99
628919.59,71.66,3,4,0,37.13
2294108.88,82.14,1,2,1,44.43
877199.2,43.94,4,3,1,7.45
679997.49,74.56,4,3,1,20.59
294701.19,14.99,6,3,0,24.36
251493.51,14.8,7,4,0,45.25
897602.14,38.2,3,1,1,12.94
386793.73,26.73,11,1,1,8.37
534717.67,54.08,4,1,0,7.16
748161.62,25.57,2,1,1,7.83
182138.18,92.92,6,2,0,43.49
208268.31,82.34,4,5,1,31.03
985741.58,93.52,3,2,0,21.09
934881.28,78.66,3,3,1,43.35
400515.59,90.84,7,4,1,14.97
917728.75,41.29,2,5,0,46.4
1537315.94,52.32,3,5,0,37.97
247154.63,30.38,6,4,1,1.13
1172383.31,64.04,3,3,1,23.19
387440.03,77.0,5,2,0,42.14
344102.61,52.39,4,3,1,19.87
707309.65,35.19,4,2,1,49.36
633799.1,53.15,4,1,0,42.34
1228170.81,15.35,2,5,1,37.68
1040924.56,71.3,2,3,1,6.86
387637.63,48.39,5,3,1,5.48
1662088.14,86.35,5,3,1,32.1
1345049.94,88.48,3,3,1,33.11
611859.66,20.67,5,3,1,7.46
706774.69,94.67,3,5,0,42.71
1209456.97,92.43,3,4,1,43.7
676374.71,63.31,4,2,1,20.89
503545.06,80.16,4,2,1,30.43
550867.24,11.57,3,3,0,25.59
629598.32,92.48,3,3,1,1.88
98630.15,48.79,3,4,1,4.61
1124909.7,87.32,2,4,0,39.01
493018.54,42.74,3,4,1,24.47
1288910.23,76.99,4,4,0,30.58
1002953.06,45.53,2,4,1,30.68
242881.17,40.83,4,2,1,19.04
962149.12,90.48,2,4,1,1.57
529230.94,69.42,2,2,1,39.37
658519.95,81.41,4,5,1,23.48
472187.06,56.19,5,4,0,7.03
440322.3,88.06,8,1,1,1.15
411209.72,72.9,3,4,1,0.97
505908.19,16.13,4,3,0,1.76
291377.41,75.18,3,5,1,7.84
604078.21,11.59,5,3,1,11.65
1353460.94,80.47,2,1,1,12.43
667429.24,38.21,4,2,1,31.64
283526.61,60.85,7,3,0,12.15
1271511.05,73.7,2,3,0,33.73
1038372.93,64.14,5,2,1,41.19
417754.44,67.15,4,3,1,19.3
538688.49,85.88,4,3,0,35.95
344452.66,41.79,3,4,1,5.3
294416.01,56.51,4,2,1,16.46
420521.15,24.87,5,3,1,34.16
1922646.05,49.74,2,2,0,46.6
425039.4,22.75,4,3,0,30.82
344211.71,63.85,5,4,0,18.26
310652.73,37.56,5,3,1,15.75
359637.42,83.02,4,3,1,19.64
788880.86,39.2,3,3,0,32.68
161491.45,34.38,5,2,1,16.42
610878.64,51.76,7,1,1,23.55
332518.99,24.9,4,2,0,37.97
382200.47,27.32,8,3,1,11.97
231354.51,76.57,4,3,0,35.85
987263.04,52.26,3,4,1,38.1
989103.72,27.54,3,5,0,43.2
416133.66,12.68,6,2,1,1.29
218361.01,49.65,5,1,0,5.78
1151506.6,73.12,2,1,0,47.75
243743.55,39.85,4,1,1,6.38
851874.82,31.08,2,5,1,24.44
612857.91,43.69,6,5,1,8.43
639590.4,91.53,5,1,1,40.61
2000904.26,45.97,1,2,0,4.92
368245.0,32.07,3,3,0,4.37
973584.93,58.39,3,2,1,25.28
501487.71,78.91,4,3,1,11.99
70396.62,11.9,7,4,1,33.11
792766.13,57.44,4,4,1,34.27
488534.78,81.09,4,4,1,29.34
1019860.48,28.33,4,1,0,41.75
256925.99,88.34,4,2,1,34.9
98259.32,59.1,3,5,1,9.46
1172094.8,53.92,2,2,1,4.01
1180904.26,91.91,2,3,0,37.41
239661.97,21.02,3,2,0,37.03
551144.93,72.91,2,2,0,42.53
2071311.9,79.58,5,2,1,10.2
275095.66,51.53,6,2,0,11.24
512376.98,10.55,6,4,1,28.88
447303.14,54.57,3,2,1,7.87
113139.9,23.05,5,3,1,14.89
596737.6,57.82,3,5,0,40.64
338134.61,72.78,5,5,0,16.78
311961.53,55.14,5,3,1,0.67
231370.12,63.62,8,2,1,32.58
774481.21,18.84,3,2,1,9.11
603992.79,18.25,3,4,1,9.87
92875.13,82.33,10,5,0,0.92
530870.27,14.19,5,1,1,28.94
102602.49,34.17,6,4,1,28.14
289710.77,89.7,2,1,1,4.91
3089464.39,49.0,1,2,1,2.62
537548.49,67.34,5,3,1,24.59
478910.22,28.84,4,2,1,39.09
429159.41,32.99,2,3,0,47.69
185228.09,53.27,7,3,1,3.85
846787.26,64.24,2,2,0,35.44
761057.06,91.64,1,3,1,9.65
636306.49,58.83,2,1,1,1.8
1466297.42,18.16,2,4,1,16.81
666951.81,41.19,7,3,0,28.74
385402.99,30.75,4,5,1,30.11
1040571.59,31.62,3,1,1,2.56
78599.64,52.96,8,4,0,46.4
589030.26,36.92,5,2,0,2.82
407998.45,34.59,3,2,0,10.94
794759.7,92.28,3,2,1,21.68
427219.92,59.64,4,2,1,47.29
2189319.29,32.25,2,3,1,49.56
586654.55,33.45,2,1,1,0.12
963137.53,78.94,3,4,1,11.3
419157.14,85.35,4,4,1,25.12
450774.44,67.72,4,1,1,34.75
253666.96,46.67,7,4,0,32.87
132637.03,74.99,9,1,1,12.65
655352.36,89.68,3,4,0,9.96
636537.61,24.13,3,3,1,0.81
763853.93,83.24,3,2,1,42.16
1042941.77,82.15,2,3,1,19.0
800108.3,41.15,4,3,0,43.23
1725380.2,34.8,2,3,1,16.25
211121.29,58.05,5,3,1,37.83
667854.48,33.14,5,4,0,3.58
194611.44,22.36,5,1,1,40.59
940438.23,91.01,3,2,0,44.56
1437902.61,51.77,2,3,1,13.32
209944.31,50.14,3,3,1,7.18
698838.72,20.72,3,2,1,9.89
249482.2,52.85,6,1,1,43.4
314407.91,73.14,4,1,1,14.38
1486446.77,31.08,3,3,1,11.64
191354.38,41.36,7,2,1,48.95
244442.63,25.21,5,3,1,33.53
414977.28,40.18,5,3,1,41.63
997234.83,83.21,3,2,1,37.38
910604.25,30.15,2,4,1,18.76
1330692.5,12.51,3,3,1,43.15
454442.16,55.58,6,3,1,29.45
134158.72,59.26,4,2,0,32.9
288624.53,37.96,5,4,1,16.37
707680.19,64.53,2,2,1,49.06
528701.17,13.22,5,3,0,42.74
68415.2,38.95,6,1,1,7.49
2287823.45,22.29,4,1,1,10.27
1363367.74,29.53,2,1,0,37.45
542005.66,42.52,4,3,1,1.39
1342881.64,51.94,3,3,0,16.84
1348404.99,17.92,6,2,1,26.67
835807.52,18.61,4,1,1,10.33
1167850.65,67.29,3,4,1,43.67
536123.41,44.35,4,2,0,44.47
910671.36,25.0,2,4,1,47.85
745175.88,29.97,2,1,1,7.4
241565.25,71.2,5,2,1,4.06
218825.98,14.4,6,3,1,27.85
440876.13,53.24,2,4,1,39.64
473630.5,40.63,4,4,0,14.62
180395.17,78.95,4,3,0,12.12
741134.67,77.16,3,4,0,25.93
646668.67,68.58,3,3,0,24.15
433099.71,42.71,5,4,1,24.03
289897.63,63.66,5,4,1,20.32
6280555.82,64.39,2,5,0,36.38
1494731.65,38.24,3,1,1,30.77
234915.26,84.8,4,2,0,24.44
2280079.46,93.71,1,2,1,36.06
688347.54,36.73,2,3,1,13.16
134843.57,78.1,8,3,1,44.6
221829.07,52.58,4,2,0,19.27
856592.62,49.41,3,3,0,16.45
164675.2,42.86,8,3,0,27.16
708749.69,34.82,5,3,0,13.59
1799684.89,88.16,2,1,1,13.51
1130368.53,72.97,4,5,0,3.99
396311.44,47.46,3,1,0,32.63
659294.11,73.88,4,5,0,45.65
241485.78,71.08,12,2,1,34.29
298359.73,32.72,5,2,1,28.43
623927.62,24.97,2,3,0,35.62
1736010.31,81.09,3,3,1,48.33
568185.46,78.97,4,2,1,16.89
967981.6,94.73,3,2,0,21.59
403584.88,11.65,3,5,1,14.38
318003.3,55.93,3,4,0,0.93
469638.18,69.61,3,2,1,17.44
613524.13,59.52,3,3,0,3.67
130878.73,70.39,8,2,1,42.93
492770.46,21.67,4,3,0,35.81
719921.09,10.13,1,2,1,15.27
168756.49,17.91,6,2,1,16.46
988490.65,42.31,3,3,1,28.52
569683.6,37.96,5,2,1,39.92
522438.03,84.29,3,3,0,35.96
269156.17,17.1,4,5,0,1.54
267603.99,47.63,4,4,0,39.29
176101.26,91.41,9,2,1,44.08
486480.27,52.75,6,2,1,4.59
432572.78,21.25,8,3,0,38.53
367981.0,34.76,4,4,1,12.66
330807.61,63.28,3,4,1,8.77
465686.65,11.02,5,3,0,27.24
241939.05,92.29,5,3,1,27.68
363216.39,58.19,4,4,1,23.6
1097857.7,69.85,4,2,0,45.1
3256844.23,52.41,1,4,1,12.16
544972.29,91.42,4,1,1,30.17
462176.17,60.08,2,3,0,20.55
1125446.9,66.27,2,3,1,43.7
937807.53,83.17,4,2,1,6.73
527554.53,83.23,3,1,0,4.24
1115010.18,12.39,4,4,1,49.64
1076636.96,34.08,4,1,1,28.9
2690109.67,30.94,2,2,0,45.61
595318.31,10.56,4,3,0,20.47
705132.25,84.53,4,5,1,30.25
926412.11,36.96,5,1,1,34.74
1296643.01,39.49,2,3,1,49.31
733888.48,18.47,2,2,0,5.73
504973.89,94.13,3,3,1,6.33
762624.22,80.23,3,5,1,26.21
304690.22,58.61,3,2,1,2.88
454862.43,75.61,4,5,1,36.4
3828288.03,76.05,1,4,1,49.54
76064.55,65.82,7,3,1,40.59
1659583.08,24.79,3,4,0,13.36
648012.37,71.23,6,4,0,40.0
1504755.87,58.42,1,4,1,31.43
915679.97,71.55,3,2,0,6.06
331084.59,56.19,6,4,1,28.34
829481.68,91.29,5,2,1,44.85
1191826.54,63.3,3,4,1,14.57
285313.91,58.76,3,2,1,32.99
705077.56,81.64,4,3,0,2.17
876310.81,42.24,2,3,1,41.73
520947.83,36.84,4,3,1,10.38
182989.99,52.77,7,4,1,30.47
1886568.17,59.68,3,5,0,26.26
925179.2,28.74,4,2,1,27.45
636023.07,67.99,2,1,0,12.76
890228.67,78.2,1,3,1,28.0
524386.42,59.07,3,3,0,30.18
643326.23,54.45,4,2,1,21.33
327162.86,35.04,7,4,0,31.7
2102699.42,87.31,2,4,1,9.66
1061654.97,74.13,3,2,0,25.68
709491.29,50.82,5,3,0,35.87
603088.29,66.02,4,3,1,18.46
123070.25,38.63,7,2,1,20.62
587698.06,15.08,3,5,1,8.29
749091.14,27.33,5,2,1,30.86
274628.92,16.76,7,3,0,6.26
893804.13,53.19,3,2,1,25.09
409403.56,62.88,4,1,0,10.6
534435.17,42.34,2,1,1,9.79
263045.79,55.06,7,2,0,4.88
477342.98,17.26,5,4,1,17.93
445955.78,75.45,3,3,1,43.38
344254.1,12.79,5,3,1,30.29
225682.44,63.93,5,5,1,38.98
1293593.63,46.83,3,1,1,5.82
276943.02,25.62,6,4,1,15.73
1580166.91,54.46,3,2,1,19.49
1653883.01,76.38,3,2,1,43.01
472162.3,45.15,4,3,1,33.25
216531.83,41.26,5,4,1,24.57
189065.54,22.11,3,2,1,15.09
204942.23,60.54,4,4,1,38.02
144920.36,80.38,6,1,1,44.43
906769.77,57.71,5,3,1,26.89
708483.79,24.03,3,3,1,2.27
500981.67,66.2,5,3,1,13.67
174404.94,12.56,3,5,1,37.32
241572.71,81.23,4,5,1,19.44
1125384.8,88.33,3,2,0,31.33
785010.35,60.75,3,3,1,26.27
363029.33,84.95,5,4,0,45.4
2782625.36,17.18,1,4,1,15.42
2645396.46,29.41,2,3,1,22.36
248069.54,36.97,7,2,1,3.33
516756.74,75.72,4,4,1,40.27
445129.37,51.16,5,2,1,16.36
1189871.21,39.61,7,3,1,36.12
112526.98,23.44,5,1,1,0.25
746864.79,78.9,4,3,1,43.38
616927.23,11.74,3,2,1,48.6
397978.35,38.67,7,3,1,23.55
148501.73,30.64,9,3,0,24.18
320892.52,20.97,6,4,0,30.86
1012804.79,24.62,3,2,1,48.76
6417883.45,51.97,2,2,1,27.97
459967.71,46.21,7,4,0,3.79
298005.22,54.06,4,2,1,28.3
768808.36,71.85,2,3,0,21.01
503500.13,85.85,3,5,0,38.07
337549.32,20.07,2,3,1,15.24
271084.65,17.03,6,2,1,46.23
769428.33,37.23,4,3,0,40.02
307690.12,56.44,3,3,0,16.4
743892.4,18.49,5,4,1,17.66
442814.14,70.86,6,2,0,25.94
319069.95,57.27,4,2,0,5.07
607112.83,73.62,3,1,0,34.54
739021.97,40.42,7,4,1,30.5
3079040.83,44.09,1,4,1,16.0
664412.12,78.64,3,3,0,31.94
245605.01,32.7,7,3,0,5.0
519006.19,42.42,4,4,1,47.61
291706.65,11.15,5,2,1,3.44
280408.6,57.2,2,3,0,16.51
1350342.52,82.37,5,5,0,48.53
725475.59,12.37,3,3,0,19.98
1258890.3,62.17,2,1,0,44.29
638350.68,81.86,3,2,1,7.63
318900.86,51.98,4,3,1,3.43
443366.03,36.61,4,1,1,5.5
189865.04,94.71,4,3,1,48.61
1554732.38,15.51,5,3,1,4.53
236333.32,27.89,4,4,1,32.62
213497.91,85.25,5,3,1,22.09
380617.46,35.27,4,3,1,43.05
2147249.45,79.69,2,2,1,14.79
1000047.66,38.32,2,1,0,1.54
472206.35,79.02,2,2,1,37.46
841688.36,68.29,5,1,0,29.48
768584.67,49.82,4,3,1,21.78
342360.46,54.45,8,3,0,16.22
380788.36,25.1,8,3,0,44.98
1668072.34,19.85,5,1,1,6.18
1471244.24,70.94,5,2,1,7.15
328297.81,82.13,4,4,1,0.84
477555.53,71.37,11,3,1,3.72
623813.39,87.59,4,1,0,42.88
534998.69,85.66,5,4,0,39.7
239432.12,76.15,3,3,1,5.21
298345.97,86.34,6,2,0,39.01
405831.59,24.21,3,2,1,32.09
814672.06,72.17,4,3,0,19.44
1256745.51,74.06,3,3,0,4.3
142773.37,23.09,4,4,0,30.16
391343.58,87.31,5,2,1,42.0
1295626.1,10.75,3,3,1,21.09
295443.58,46.94,6,3,1,21.28
767691.95,11.83,4,3,0,41.35
611949.43,54.49,4,1,1,10.61
486775.46,45.03,5,3,1,8.71
336978.06,62.96,5,2,0,34.81
191111.75,75.15,5,5,1,32.86
1011638.56,75.33,1,3,1,45.62
1011554.91,71.39,3,3,0,16.78
286577.65,18.66,7,3,0,10.18
608212.96,45.48,3,5,0,21.5
307499.29,79.36,5,3,1,19.25
412747.92,65.62,4,2,1,46.91
743191.6,67.89,5,5,1,45.89
405371.49,29.29,4,5,0,21.46
295595.98,37.63,3,2,1,20.68
1032587.94,91.24,3,2,0,22.31
876705.86,81.99,2,5,1,36.57
505115.89,24.02,4,3,1,27.55
2600982.47,56.3,2,3,1,14.47
279778.51,51.69,7,2,0,38.46
1179219.13,47.71,2,2,1,45.2
977394.76,50.0,1,3,0,35.92
347583.57,64.65,5,1,1,9.81
1429118.6,92.21,2,1,0,39.61
155957.35,84.4,5,1,1,49.45
1118344.33,84.39,2,2,1,34.29
526591.45,69.79,4,2,1,12.27
508122.64,11.49,4,4,1,0.38
1231425.56,47.44,3,2,1,19.33
484670.81,53.45,5,3,0,23.57
802176.29,81.61,6,1,1,45.49
546177.4,88.44,2,3,0,31.02
537809.87,48.38,4,3,1,14.15
297976.51,35.54,7,3,1,34.62
521935.93,38.68,2,4,1,4.7
879828.82,59.19,4,2,1,10.75
3999407.58,33.37,2,3,1,37.25
490657.69,87.41,4,4,1,14.93
536904.08,45.59,5,4,0,1.65
417180.05,94.16,5,5,1,24.89
323047.56,19.31,4,1,1,32.94
166250.25,25.97,4,4,0,39.47
324565.14,53.49,4,3,0,15.37
430059.04,83.81,2,1,1,21.29
1837375.88,40.09,3,3,1,27.87
370088.07,81.18,5,4,1,3.83
537044.43,46.16,3,2,1,9.96
563393.07,82.5,6,3,0,18.53
1011504.45,33.58,1,1,0,13.43
312883.82,50.11,4,4,1,23.34
688472.79,33.69,3,3,0,32.57
612621.11,28.29,6,1,1,27.03
382736.05,45.8,7,1,0,38.73
575330.95,38.45,4,4,1,31.35
1038952.41,76.91,2,1,0,14.67
504187.55,73.55,5,2,0,6.09
1118886.51,40.48,2,3,1,32.02
213753.49,94.34,5,2,1,10.68
1019171.25,92.78,2,2,0,16.0
208219.67,88.02,5,4,1,39.78
1040802.23,59.85,2,2,1,11.07
247669.82,45.05,6,1,0,26.94
3032860.18,36.61,3,4,1,4.83
322643.7,11.28,6,5,0,20.89
284601.14,63.7,3,4,0,49.02
457346.92,57.02,4,3,1,47.72
902571.29,63.54,3,3,1,47.34
2705699.92,58.96,2,5,1,29.8
174013.3,21.71,8,4,1,14.81
153446.2,69.11,5,3,1,17.81
809205.23,40.64,4,4,0,10.38
123714.36,53.89,7,3,0,4.97
763111.59,41.08,2,5,1,8.53
424697.89,11.87,4,4,1,23.42
316937.69,84.51,6,3,1,1.45
749532.02,22.64,4,5,1,46.97
328905.27,59.48,4,2,1,28.12
841225.7,85.07,2,4,1,8.76
393170.99,28.81,5,2,1,20.88
433792.19,45.02,5,4,0,18.88
350437.21,42.11,6,2,1,41.78
858542.25,17.58,3,5,1,6.11
1096563.13,46.0,3,1,1,21.55
836488.61,50.76,3,3,1,35.59
650734.47,12.26,4,2,0,18.72
191831.32,51.49,4,4,1,17.94
681140.81,17.98,3,3,1,17.09
881246.13,85.86,3,5,0,38.12
1023514.07,65.26,3,4,1,6.05
218126.42,14.8,6,4,1,42.85
445059.89,80.3,3,1,0,3.64
351247.1,40.74,4,1,0,16.02
547112.88,29.18,5,4,0,19.51
1229006.09,31.58,3,2,0,19.74
776364.0,60.81,2,4,1,9.46
569787.02,16.93,6,1,1,30.2
427047.26,14.99,5,2,0,22.73
368056.09,63.34,5,5,0,28.42
436644.7,93.46,4,4,0,30.78
775817.4,51.09,4,1,1,9.65
344357.81,45.13,7,3,1,46.02
3883891.12,90.51,2,5,0,41.52
198175.0,30.48,6,1,1,41.44
450945.4,30.45,6,1,1,26.63
240558.82,86.93,6,3,1,41.02
168134.18,64.99,7,1,0,31.41
656624.39,14.57,3,3,0,22.58
538270.84,67.29,4,3,0,37.65
1631473.23,79.7,7,4,0,30.04
887678.88,33.29,2,5,0,0.2
335467.54,42.55,3,3,1,49.85
467132.64,26.8,5,3,0,21.55
285520.41,63.83,2,4,1,28.63
625441.85,66.46,3,2,0,20.36
500478.94,15.83,4,5,0,5.11
3193922.14,67.6,1,1,1,41.72
889023.54,65.97,4,1,0,34.16
488573.86,12.99,3,3,1,41.44
1811438.05,57.21,1,2,0,24.25
417364.5,62.18,3,2,0,39.61
251920.31,46.56,4,2,1,39.91
2387928.63,86.61,1,3,1,16.88
307809.51,37.91,3,4,1,0.3
386516.37,15.71,4,3,1,43.0
545658.41,67.11,2,1,1,9.31
393918.68,61.44,7,1,1,43.45
1460900.67,94.07,4,3,0,30.95
454021.59,29.66,2,4,1,31.77
217417.91,43.62,3,3,1,12.44
367923.37,49.2,5,4,1,20.19
1000761.23,83.23,2,1,0,15.67
376787.3,45.24,6,3,1,9.6
252823.84,75.63,6,4,1,36.25
878937.65,23.34,2,5,1,4.88
823973.76,44.83,3,1,0,25.65
1233845.47,23.17,3,2,0,26.85
122704.32,90.72,5,2,1,47.77
529677.73,25.11,3,3,1,43.48
751384.65,45.62,3,3,1,24.64
285763.54,16.99,4,4,0,42.22
800339.77,88.32,7,5,0,39.55
451414.73,63.02,3,1,1,1.49
483559.68,91.81,4,3,1,46.11
691984.54,13.59,4,1,0,34.43
347644.18,24.87,4,4,0,33.63
163695.26,42.3,4,1,1,35.7
306621.5,62.82,5,5,1,11.32
1838604.01,38.01,2,3,1,1.56
539960.16,70.51,3,2,1,11.67
1193188.17,24.04,1,3,1,39.75
1151747.64,61.05,3,2,0,29.91
232262.83,43.83,7,2,1,18.13
291987.3,53.2,5,3,1,12.15
542194.08,58.42,4,4,1,40.01
629708.45,15.09,5,5,0,22.95
2759102.02,88.54,3,3,1,30.63
3257080.06,76.82,1,4,0,0.73
994116.44,47.61,4,4,1,21.55
1463615.47,56.53,1,4,1,0.87
357134.18,12.77,3,1,1,39.39
514579.04,52.33,4,2,1,12.54
528610.73,46.24,4,1,0,8.44
259522.32,41.83,4,3,1,46.33
254973.05,79.3,7,4,0,1.0
839849.74,25.46,3,4,1,9.97
410231.36,24.99,6,4,0,12.1
383334.23,54.34,7,2,1,41.16
472191.98,68.41,5,1,1,35.53
365675.07,11.91,4,2,0,48.37
364166.06,56.4,4,3,1,34.77
321906.65,35.39,3,1,1,11.89
1157099.63,74.33,5,1,0,8.43
285546.47,49.85,7,2,0,37.79
433130.27,80.9,4,1,1,45.06
283915.06,43.74,4,2,0,45.59
3846916.41,80.3,3,5,1,38.58
148760.52,70.9,7,1,1,39.74
510976.54,80.4,3,4,0,33.15
636161.5,79.06,4,5,0,36.82
710577.59,51.34,4,3,1,5.89
1761386.87,41.29,2,5,0,16.53
2932652.68,75.04,2,2,0,22.96
895450.57,40.73,3,5,0,33.25
526093.56,17.6,2,4,1,20.94
283246.68,83.0,6,4,0,18.81
2384975.53,43.76,1,1,1,28.22
1714515.8,21.27,4,4,1,19.78
142850.98,64.95,6,5,0,3.72
1359916.17,85.63,3,4,0,48.47
552193.75,83.18,4,1,1,46.32
655570.03,57.13,5,1,1,2.05
466264.71,17.49,4,2,1,26.51
398685.49,69.21,3,4,1,35.67
622242.87,61.75,5,1,0,30.53
1468146.73,27.86,2,5,1,17.73
1776377.97,86.55,2,3,1,40.18
393398.87,17.37,5,2,1,30.78
461157.31,41.71,3,3,0,12.02
155638.28,18.04,5,4,0,30.6
1080583.44,87.52,3,2,0,13.81
1278485.21,13.01,2,2,0,29.83
277683.17,46.19,4,3,1,38.24
478419.63,83.25,3,3,0,15.2
499484.79,31.37,3,4,1,14.2
162880.39,18.93,5,2,0,36.36
173421.52,20.8,7,2,1,25.47
200840.0,44.42,5,3,1,7.03
387014.81,46.43,4,3,0,27.33
318216.47,71.04,4,3,0,33.19
186745.63,30.22,4,3,1,24.62
3336413.41,69.66,2,2,1,31.25
4203905.11,94.91,1,2,0,18.31
414146.92,83.46,3,2,0,43.9
1167418.73,64.02,2,3,0,12.07
636783.3,89.89,4,3,1,14.14
2025858.93,94.24,2,1,0,38.71
173325.54,58.47,7,1,1,2.99
1272700.76,33.26,3,1,0,49.37
356811.34,87.77,4,4,1,31.49
222390.07,81.76,4,3,1,40.39
3061703.25,17.19,1,3,1,29.24
1075354.24,89.59,4,5,0,39.34
2341848.24,41.13,4,1,1,21.77
321757.22,37.38,3,3,1,28.88
753931.99,39.18,4,3,1,33.13
775274.22,37.2,2,4,1,45.11
793112.9,53.86,4,5,1,1.84
205132.61,59.28,4,4,1,5.53
116180.07,46.18,8,3,0,34.56
1244787.15,45.07,1,5,0,17.28
296994.32,72.67,7,4,0,33.92
269928.75,10.26,5,4,1,11.46
588890.0,90.49,5,1,1,31.45
917898.79,70.73,4,3,1,23.96
355153.36,70.12,8,4,1,6.23
1309267.3,45.87,4,2,1,46.48
848210.14,92.09,3,4,1,39.63
136482.52,10.03,7,1,0,39.08
1497658.76,16.5,3,3,1,34.88
459683.72,78.35,3,4,1,1.17
570627.34,72.79,6,3,0,25.28
1699132.26,33.07,3,4,1,37.57
1303893.86,60.55,2,3,0,10.92
134664.97,55.22,6,3,0,30.8
1142892.29,54.8,1,3,1,46.48
1096191.35,60.62,4,3,0,37.67
895716.48,94.47,2,4,1,27.43
519930.15,93.92,4,1,0,15.57
781523.34,93.44,4,3,1,31.86
752758.21,56.64,4,1,0,35.75
781263.37,37.04,3,3,1,31.92
291571.2,57.61,6,5,1,37.8
234799.86,62.93,7,1,1,14.03
552926.2,36.47,6,3,1,25.44
921289.35,63.79,3,4,1,27.48
566372.75,62.87,3,2,1,4.59
474409.35,86.8,8,3,1,8.91
458761.24,30.2,4,1,1,15.4
237890.27,69.3,5,2,0,2.48
419158.87,48.31,3,3,1,11.76
367376.77,21.04,3,4,0,26.16
561261.22,36.88,3,3,0,27.13
519588.81,14.87,8,4,1,12.55
1223153.47,37.14,1,3,0,47.33
246683.37,15.87,9,4,0,23.41
222843.93,88.66,6,5,1,31.9
339210.68,18.65,5,1,0,1.62
114469.66,79.47,7,3,1,20.02
579004.06,87.02,3,2,1,27.15
294200.65,49.75,6,3,1,15.68
685482.61,14.58,4,3,1,8.65
755667.13,60.64,3,3,1,10.14
138006.29,29.96,7,3,1,23.38
633337.97,25.02,6,2,1,3.64
374902.91,58.17,6,1,0,11.8
558350.26,40.29,4,1,1,36.0
492966.37,72.08,4,2,0,10.82
363324.32,60.26,4,3,1,5.94
451912.34,80.49,5,3,1,4.28
659382.26,14.96,4,2,0,49.44
231711.95,29.97,3,4,1,4.43
478365.9,58.19,3,3,1,21.73
850759.4,84.84,2,2,1,25.6
1156091.16,79.14,2,4,0,48.23
1014282.72,67.76,4,5,1,44.57
207979.76,58.8,6,2,0,11.96
490220.52,63.67,3,2,1,4.33
364464.77,28.16,4,5,1,21.95
204295.75,60.59,6,1,0,5.14
536636.27,51.97,3,1,1,43.57
1049546.84,42.68,3,3,0,35.22
263393.49,85.46,4,3,1,47.19
640749.76,80.5,4,1,1,28.52
357078.7,16.52,2,2,1,18.28
235964.76,93.79,6,3,0,25.08
271182.4,29.55,6,4,1,8.12
2708129.2,28.3,2,4,0,23.21
336273.7,90.22,5,5,1,49.94
88211.66,47.81,6,2,0,34.56
149398.47,78.46,4,2,1,3.21
1011829.43,34.5,2,3,1,36.31
477587.68,84.22,6,1,1,5.12
413955.62,80.75,6,2,1,19.59
438495.2,54.16,5,2,1,39.33
995560.72,69.93,4,1,0,6.49
358595.72,91.94,4,3,0,14.71
848013.62,48.42,4,5,1,9.84
248246.82,52.01,3,1,0,43.52
384008.13,71.44,3,3,1,7.48
134099.49,42.85,5,4,1,26.84
840662.57,91.7,2,1,0,13.84
642827.04,13.44,3,5,1,25.41
530813.78,44.29,4,4,1,8.45
2057762.97,70.68,1,2,1,37.9
378834.88,46.5,3,5,1,32.19
589625.7,32.04,3,4,1,2.27
269121.9,45.14,3,1,0,47.38
898515.71,84.93,5,4,1,44.66
413135.12,56.5,4,3,1,14.96
739345.89,38.48,2,4,0,14.66
857352.75,67.08,6,3,0,25.01
188191.28,62.01,5,2,1,30.99
168196.51,57.64,6,3,0,14.62
256779.61,43.25,4,3,0,39.79
475909.41,16.14,4,4,1,4.02
856291.97,62.76,3,4,0,19.95
1030127.35,45.68,3,3,0,27.83
2319594.23,46.44,4,5,0,40.0
257093.05,29.9,2,4,1,43.6
952293.98,31.2,3,5,1,12.3
177420.89,76.93,8,2,1,12.13
464881.88,50.75,3,2,1,18.48
341752.6,19.29,4,2,1,21.44
287346.43,13.9,4,3,0,42.44
1089551.81,29.1,5,5,1,0.48
821661.7,51.43,4,1,1,34.28
502636.85,62.47,4,3,0,11.08
743296.26,22.21,6,2,0,44.13
400046.25,46.88,2,4,1,15.94
297439.06,16.17,3,1,1,26.92
178904.44,13.21,3,3,0,16.52
260644.68,83.38,5,2,1,21.32
1092382.81,65.96,2,1,1,26.16
702993.45,76.39,3,2,1,37.4
1084313.87,25.46,2,4,1,6.13
212579.55,37.38,4,1,1,17.68
1070119.15,47.72,3,5,1,32.02
1144672.73,65.93,2,1,1,29.48
615625.84,55.46,5,2,1,39.06
127376.78,56.87,5,4,1,44.46
1195108.26,23.34,2,2,1,4.79
972223.36,50.36,1,3,1,35.72
781100.32,80.02,2,2,1,14.27
910734.46,53.3,3,4,0,24.12
698048.51,26.98,3,2,1,31.43
297384.64,45.14,4,4,0,7.62
497559.06,74.16,4,3,0,17.39
158204.04,21.47,5,3,1,48.81
988423.05,59.34,4,5,1,6.9
584327.74,92.05,3,4,0,4.26
1293054.33,42.33,3,4,1,41.86
361416.61,13.71,4,4,0,21.59
362058.13,63.81,4,1,0,33.77
156693.41,14.0,8,4,0,15.36
1118044.87,26.29,3,2,1,10.0
431804.84,14.11,3,2,1,10.7
583803.27,24.51,5,1,0,9.86
525400.59,82.67,3,4,1,12.42
100978.46,72.46,6,4,1,11.14
352046.02,39.06,4,1,1,40.7
195457.29,86.26,5,2,1,26.71
674501.61,66.54,3,3,0,14.9
194136.63,48.06,5,3,1,17.32
1151956.98,15.81,3,3,1,47.89
469329.39,72.11,4,3,1,9.28
445587.11,41.92,4,3,1,44.35
734717.18,35.74,4,4,1,36.87
441928.16,34.5,8,2,1,30.71
652997.42,10.66,3,4,1,31.24
178326.19,73.12,7,2,0,21.2
683935.05,22.35,1,1,1,22.0
328428.94,54.25,4,2,1,39.82
273822.33,11.37,5,2,0,40.56
704766.76,63.37,3,5,1,28.6
537293.39,41.41,3,2,1,38.45
748978.4,63.61,4,3,1,40.52
274518.0,17.64,5,3,1,16.67
383209.6,32.64,5,3,1,31.21
4034498.1,19.38,1,2,1,21.85
2434118.24,64.92,1,3,0,5.0
382521.28,19.23,5,3,1,32.46
230285.21,62.45,6,5,1,29.42
271203.1,21.45,5,3,1,5.22
238040.03,90.19,5,5,1,3.63
204737.86,45.39,7,3,1,12.56
1040058.18,20.76,3,1,1,41.69
433901.43,13.55,4,2,0,3.28
294055.52,38.0,3,4,1,23.07
2864070.42,85.77,2,3,1,9.03
300300.1,22.22,8,1,1,12.75
213104.85,77.22,4,1,0,38.52
507006.12,45.48,3,2,1,42.55
353193.86,78.25,6,3,1,29.06
1102749.7,84.31,5,4,1,43.18
169969.29,94.81,6,3,1,42.86
1187086.02,15.8,3,4,1,11.15
1147845.76,77.69,4,3,0,32.29
1359744.56,15.92,1,3,1,38.94
209829.44,36.76,8,2,1,28.1
133088.94,64.93,8,4,0,40.31
584967.18,48.02,3,2,0,31.48
646568.05,58.05,3,2,0,14.29
736375.63,92.13,4,2,1,34.31
762739.75,79.59,5,1,0,29.44
421902.73,40.91,3,3,0,31.29
101503.19,61.0,6,2,0,4.86
978822.85,14.12,2,3,1,6.37
2364607.3,48.5,1,3,0,40.75
460566.58,61.71,5,3,1,21.62
814922.97,70.75,2,2,1,10.84
1068433.46,86.63,2,4,1,4.72
1640734.55,34.06,3,3,1,13.22
1246553.77,86.68,2,2,1,14.83
792408.06,66.23,2,5,0,49.15
734344.93,16.6,2,1,1,41.74
447662.21,42.33,4,4,1,4.02
1058756.92,50.51,5,3,0,37.45
444064.55,39.96,4,1,1,28.24
653116.7,19.85,3,5,1,11.5
371133.64,56.88,4,2,0,37.35
1277962.7,21.2,3,4,1,1.61
1606563.51,87.78,4,2,1,36.6
866099.9,83.55,3,3,0,44.77
416743.34,50.39,5,5,1,44.14
675668.2,15.76,3,3,1,38.64
94842.99,56.94,5,2,1,46.74
1550275.69,60.34,2,3,1,35.4
716323.79,85.52,3,3,0,34.37
512762.12,15.74,5,3,0,1.41
258767.38,68.83,5,5,0,8.79
524769.07,57.84,3,4,1,39.09
193676.3,24.86,8,1,0,49.88
1220000.1,20.35,3,4,0,36.02
789848.88,68.99,2,5,1,29.03
6917715.85,38.88,1,2,0,9.25
641922.65,94.99,4,2,0,47.4
307422.44,85.99,3,1,0,32.52
611860.71,58.09,3,1,1,24.5
268218.44,64.55,5,5,1,43.08
265726.63,23.51,2,2,1,47.67
1725573.95,85.99,3,2,0,18.62
1007792.89,49.01,3,2,1,25.84
682576.6,54.32,4,2,0,5.84
1094813.97,84.22,2,3,1,48.0
216315.9,10.53,4,4,1,6.12
494457.97,52.02,3,3,0,46.46
469375.48,63.28,7,1,1,9.63
211045.72,23.54,5,4,1,45.45
86812.03,15.81,5,5,1,22.67
576726.89,55.47,3,3,1,29.64
910544.71,56.54,2,2,0,1.88
215077.34,38.07,10,2,1,19.78
438537.69,84.99,7,2,0,24.72
726700.08,35.59,4,3,0,0.57
463158.21,53.9,5,4,0,33.08
1015634.88,25.87,4,2,0,41.96
159401.3,10.95,5,2,0,1.34
447302.16,46.21,6,3,0,24.68
962520.58,54.79,3,2,1,1.78
314157.69,75.0,3,5,0,43.68
160948.5,48.15,5,4,1,8.12
633672.5,33.69,2,3,1,3.02
166647.09,61.36,8,1,1,42.9
1038657.31,42.4,3,4,1,22.28
228551.59,29.84,6,3,0,4.86
197685.25,87.38,6,4,1,32.43
228950.31,55.62,6,1,1,35.31
1939677.38,27.04,2,2,0,28.46
333056.21,67.03,6,3,0,16.67
296763.24,78.26,6,3,0,21.28
618705.34,74.48,3,2,1,47.75
860955.66,60.96,5,2,1,26.76
210815.26,54.17,6,2,1,19.91
623681.33,76.07,7,4,1,35.44
562419.57,70.19,4,2,1,3.9
450203.06,58.58,4,3,0,14.58
1778182.59,65.91,5,3,0,11.4
526217.09,24.33,2,4,0,34.04
534547.7,11.69,3,2,0,30.24
86046.75,89.15,11,2,1,38.0
585205.13,89.5,6,2,1,21.4
1365756.44,76.98,4,2,1,8.78
1350059.61,41.65,4,3,0,9.22
1377467.14,22.81,3,3,0,44.62
440265.56,40.37,4,5,1,3.84
530854.43,71.73,3,3,1,29.75
121241.37,38.49,6,1,0,11.66
2242073.87,77.65,3,3,1,10.79
437848.12,67.21,6,4,1,5.01
368992.46,63.55,4,4,0,48.97
1466254.64,89.07,3,5,1,3.14
221217.88,85.94,5,4,0,7.47
632653.94,70.49,4,2,1,18.32
357533.59,26.94,5,1,1,22.84
727167.35,89.81,4,3,1,47.54
636184.3,29.31,3,4,1,12.17
138369.62,41.67,6,1,1,36.08
691579.6,80.28,3,2,1,32.85
1860156.73,27.74,2,5,1,25.92
389660.94,64.28,5,5,1,13.38
1052266.31,48.92,3,2,1,7.92
176472.94,63.04,6,2,0,8.91
487940.7,91.43,4,4,1,17.37
272625.9,78.71,5,3,1,6.94
1034652.54,35.14,3,4,1,49.93
1010289.78,14.87,2,2,1,22.35
749941.02,92.2,4,4,0,27.0
952011.02,59.74,4,2,1,30.86
500424.33,24.71,6,4,1,9.87
389302.36,63.3,6,2,1,24.14
544664.6,13.59,2,3,1,3.24
659815.84,25.94,3,3,1,48.46
205712.66,63.77,7,3,0,23.69
806463.93,44.21,2,2,1,1.58
395927.01,37.63,4,3,1,29.99
275336.78,65.72,4,1,1,5.1
122535.85,83.64,5,4,1,39.52
265581.29,67.68,5,1,1,47.67
371115.35,49.39,6,4,0,45.84
294337.25,66.0,3,3,0,21.45
1000751.89,69.13,2,2,1,35.66
3100313.75,75.88,2,2,1,7.87
915787.45,36.1,4,5,0,3.88
1063086.46,19.73,5,2,0,41.07
417866.49,67.96,6,4,1,34.79
570686.75,20.29,7,2,1,45.36
214027.91,49.27,6,5,0,45.74
449002.42,29.61,3,4,1,17.43
76655.6,38.23,5,5,1,16.0
1009931.36,50.0,4,4,1,22.15
1249057.75,86.18,4,3,1,33.32
284547.57,67.84,5,2,1,0.35
851267.59,24.59,2,2,1,26.78
630668.44,84.75,2,2,1,1.08
356354.74,52.55,7,2,0,22.59
1947023.49,27.36,2,3,0,4.21
232285.97,54.83,3,4,1,28.15
844965.29,26.23,3,1,0,15.78
559827.87,41.22,3,2,1,24.0
424470.9,78.47,5,3,1,47.89
373056.91,65.98,7,4,0,17.11
295173.64,50.63,6,2,0,35.99
621092.68,29.25,3,2,1,34.2
435992.6,33.98,4,2,0,43.46
709809.43,93.15,5,2,1,16.79
849704.3,39.15,3,3,0,2.9
452667.08,62.37,5,3,1,48.53
462444.48,52.48,2,4,1,18.18
1579868.47,11.96,1,5,1,9.77
849928.18,90.3,4,5,0,45.71
405623.24,17.47,5,3,1,9.61
1472646.53,65.99,2,2,0,26.48
953741.18,78.94,6,2,1,37.8
1232495.28,73.64,3,3,1,36.58
1048370.72,78.79,2,5,1,1.57
486403.7,72.88,3,3,1,10.2
85684.94,47.87,5,5,1,44.44
597408.71,86.18,3,2,1,27.7
1630492.22,87.56,1,1,1,34.39
1253026.69,47.14,2,4,1,20.17
602621.49,51.21,3,4,0,37.29
272667.8,51.28,6,3,1,14.53
170427.67,33.71,4,1,1,11.68
225614.12,19.77,5,1,1,49.86
879737.05,32.27,3,1,0,7.97
1387827.62,81.75,4,3,1,49.07
935033.46,56.16,2,2,1,46.33
2413736.8,82.27,1,3,1,35.76
3511264.88,73.34,1,3,1,29.14
304726.3,39.63,4,3,1,0.33
1235444.33,25.75,2,3,1,31.8
254299.51,58.21,5,3,1,38.64
1665685.79,89.55,2,2,1,36.67
434262.26,81.35,5,2,0,8.69
790529.93,74.93,3,2,0,27.27
619887.73,74.95,2,1,1,27.55
1515221.57,54.86,2,2,1,32.68
1731560.17,24.41,4,2,1,41.56
541504.04,34.27,2,2,0,34.94
323419.88,59.12,5,4,1,7.15
569588.88,36.89,4,5,1,1.05
529709.62,76.43,6,5,1,6.92
708655.68,41.72,2,4,0,2.11
60380.55,19.68,6,4,0,21.89
1120425.78,76.52,4,5,1,14.26
521541.54,69.34,6,4,1,0.46
232261.51,31.52,3,3,1,4.11
196722.34,93.39,7,3,0,19.94
1693481.74,44.27,3,2,0,46.99
1181604.11,67.84,4,1,0,49.74
1160743.99,87.39,3,2,1,2.6
297322.61,23.26,6,3,1,41.55
694661.64,84.72,3,4,1,24.06
458240.83,69.83,4,4,1,31.09
780356.35,24.24,5,5,0,25.35
195386.53,66.48,6,2,1,46.23
611318.28,84.34,2,5,1,23.98
727032.78,77.92,5,4,1,8.48
482670.14,74.65,4,1,1,39.01
566730.34,23.71,8,3,1,25.74
331306.2,26.2,4,2,1,5.94
383730.23,56.56,5,1,0,23.13
285003.82,59.31,4,3,1,34.4
284505.38,90.21,7,3,1,14.86
204143.3,49.84,4,2,0,45.61
739901.81,35.71,2,5,0,42.51
279186.53,26.22,3,3,1,28.44
751675.19,14.6,4,2,0,2.81
1523935.09,15.84,2,4,0,29.2
140421.58,58.8,5,3,0,20.84
1471391.57,24.98,3,3,1,36.23
2957446.51,82.39,3,4,1,13.42
407650.68,60.7,5,1,1,30.33
449872.35,83.52,3,3,0,27.77
3598350.36,46.33,3,4,0,26.39
224655.76,60.64,4,3,0,5.88
1003411.95,54.66,2,1,1,24.55
2208387.93,93.87,1,4,1,27.58
555512.86,77.73,8,5,1,46.39
492084.37,60.61,5,4,1,23.1
245011.44,61.56,6,4,0,32.03
280126.07,31.15,4,2,1,28.51
403774.79,72.45,4,2,1,9.84
1083647.89,93.54,1,2,1,9.3
1020239.55,21.0,2,4,0,37.0
706681.33,64.17,2,5,1,26.2
115574.1,54.02,7,4,0,44.81
842096.22,82.28,5,2,1,45.42
490305.62,10.0,3,3,1,14.92
231613.09,21.61,4,5,1,5.17
358472.28,13.15,5,2,1,17.27
413157.86,23.85,5,3,1,3.45
347657.4,70.17,2,5,0,39.08
604824.88,21.87,4,4,1,7.39
264450.96,62.9,4,2,0,43.33
790726.27,83.8,7,1,1,20.82
1357600.18,12.94,2,3,0,14.0
519929.09,12.28,3,5,1,25.13
316983.49,94.14,4,3,1,30.31
620578.31,67.23,3,3,1,35.11
477306.91,21.96,6,4,0,16.98
488165.2,36.07,4,3,1,49.15
870268.91,93.73,2,3,0,21.17
513357.53,29.31,4,2,1,41.74
460041.67,73.99,3,2,0,1.84
403439.61,30.5,4,2,1,38.92
189077.5,43.87,3,1,1,27.61
711263.2,84.86,5,4,0,32.02
790694.05,12.42,3,2,0,18.71
415531.71,36.11,3,1,1,27.29
1032487.52,51.41,6,3,1,46.62
522257.23,63.17,4,3,1,19.36
532408.68,12.4,2,3,0,5.38
663049.24,44.91,5,3,0,36.05
629407.74,39.26,4,1,1,25.31
628099.35,12.28,4,1,1,21.3
767888.22,40.21,2,1,1,38.91
649529.2,89.19,4,5,1,28.15
282429.87,33.34,6,3,0,31.61
922601.41,59.78,3,2,1,46.31
632245.68,35.34,1,3,0,3.02
382078.58,19.07,4,3,1,13.19
1114431.7,34.63,5,2,1,44.92
312845.63,50.01,4,4,0,39.66
345035.52,35.18,4,2,1,9.51
252575.05,63.05,6,2,1,8.54
318858.92,90.67,3,5,1,41.27
175679.97,15.89,3,2,0,27.69
575523.81,70.95,3,3,1,43.03
537788.85,10.11,4,2,0,45.89
640423.32,10.09,3,3,1,3.57
363536.49,21.3,5,1,0,48.49
508657.49,50.79,4,2,1,35.85
1831338.54,14.08,2,1,0,41.74
442164.79,71.38,4,4,1,31.55
234167.27,12.49,6,5,0,15.33
279166.94,52.11,6,1,1,30.01
701736.81,67.47,4,1,0,25.84
925212.03,30.19,5,3,0,46.61
226693.53,59.24,6,3,0,27.8
526004.95,32.25,4,3,1,1.49
607264.73,28.2,4,4,1,34.34
1093017.96,79.56,1,4,1,2.62
401439.61,38.3,5,1,1,47.21
205726.18,79.19,4,1,0,24.38
171489.18,28.44,4,4,1,48.4
1235394.2,40.25,2,3,0,1.39
787428.6,18.73,2,5,1,26.69
559653.93,52.2,4,3,0,11.39
490396.07,42.44,4,3,1,32.07
551839.65,10.51,2,3,1,24.96
321607.76,49.51,6,2,1,28.35
236533.44,16.33,4,2,1,18.05
1522662.68,81.14,3,5,1,2.67
292964.14,51.96,3,2,1,5.39
251857.49,68.65,7,2,1,42.94
265227.36,79.8,4,3,1,35.17
1395977.61,14.35,2,3,1,38.49
406299.89,38.66,4,1,1,6.22
1452504.65,12.14,1,3,1,2.56
827055.07,14.22,4,2,0,0.96
504520.62,13.22,4,4,1,26.14
675826.93,50.62,4,4,1,25.09
550211.08,48.31,2,5,1,5.62
142251.28,15.21,6,4,0,17.4
192226.47,32.3,11,4,0,26.56
1637517.91,30.78,1,4,1,33.82
721845.53,35.21,4,2,1,40.52
314989.78,64.46,6,2,1,32.11
448474.58,69.25,5,3,0,1.6
124767.97,38.82,6,5,1,29.35
1026127.63,77.0,6,3,1,4.49
1796686.71,45.52,1,2,1,28.29
753329.37,54.4,4,5,0,18.86
400205.21,22.37,3,4,0,14.39
477045.92,29.8,5,4,0,24.14
453679.36,71.84,2,4,1,19.14
1300284.34,93.05,2,3,1,41.53
1601442.83,69.9,1,1,1,11.4
403558.36,14.61,5,2,1,6.92
602803.47,22.15,5,5,1,41.87
315484.09,47.89,3,2,1,12.25
657472.21,72.27,2,4,1,1.71
1304391.74,24.1,2,3,1,19.41
2327535.63,73.82,3,5,0,40.97
456277.4,57.25,4,3,1,21.65
2826872.88,75.84,1,3,1,23.56
309916.33,57.4,6,2,1,2.46
1589695.42,61.21,4,1,0,35.58
173749.98,31.14,4,4,0,17.25
1049291.2,71.22,2,1,1,36.46
373818.77,81.74,2,4,0,20.61
440672.42,84.06,1,3,0,26.39
474036.37,12.5,5,4,1,29.52
538964.14,63.09,4,2,1,9.92
557091.93,94.11,3,3,1,14.77
620121.84,59.89,3,3,1,29.32
2544746.89,24.56,5,1,1,41.16
339645.26,84.6,5,4,0,48.08
2692752.92,32.47,1,2,1,26.26
1342952.5,13.83,1,1,1,3.79
338144.77,46.59,7,2,1,47.81
245523.92,18.52,7,1,1,21.1
387470.33,19.8,4,4,1,5.21
5905171.91,49.38,1,3,1,48.61
669677.48,62.08,6,1,1,14.1
358716.81,86.96,6,2,1,32.88
124390.18,69.95,4,4,0,7.29
228087.43,81.62,7,4,0,36.01
3345759.4,45.0,3,1,0,48.82
345298.69,37.08,5,1,1,49.25
960910.15,60.39,4,5,0,6.4
4709844.46,69.12,1,2,0,38.46
452227.4,58.3,5,2,1,33.25
239299.0,32.48,5,1,0,40.09
229961.09,41.43,2,3,0,16.73
996381.64,48.11,3,4,1,20.15
202680.66,11.2,6,3,1,17.16
314827.49,84.79,7,1,1,38.35
234172.53,53.47,4,3,1,40.47
338209.08,73.84,5,2,1,12.54
505820.46,24.61,4,3,1,28.68
776493.74,57.31,3,3,0,6.39
338572.79,88.72,3,5,1,0.76
1016475.91,28.21,4,3,1,30.54
1385903.91,39.4,1,3,1,42.03
242003.15,43.01,3,3,1,45.34
371442.01,42.58,5,2,0,31.06
1012039.34,61.05,2,3,1,40.45
436662.45,43.47,5,2,1,20.27
897924.74,67.29,5,4,1,43.78
430127.23,51.19,4,2,1,38.76
307573.31,23.4,6,2,0,15.5
170472.61,90.63,6,3,1,29.9
811011.68,30.36,4,3,1,2.66
738202.27,57.81,3,3,0,7.41
308212.71,15.16,5,4,0,47.34
316174.01,88.08,2,2,1,0.59
943365.81,88.88,5,4,1,10.24
237304.09,40.99,4,1,0,7.03
347645.59,20.28,4,2,1,34.97
614591.04,75.45,4,1,1,5.37
193421.56,32.29,5,3,1,1.1
161855.01,69.55,5,2,0,46.53
110878.86,87.79,5,2,1,43.65
3055941.15,60.17,1,3,0,17.99
476525.24,83.21,3,3,0,5.12
2296562.83,29.1,5,3,0,33.94
181975.53,87.39,6,3,1,44.17
126741.49,29.26,9,5,0,48.74
282469.63,29.19,5,4,1,6.59
764722.65,84.79,3,2,1,30.05
373840.17,57.17,4,4,1,21.58
572610.73,77.95,5,3,1,7.92
551115.56,78.21,2,1,1,40.41
288494.9,64.99,3,1,0,39.13
112342.97,26.07,6,4,0,48.24
104445.18,68.83,5,3,1,4.37
242170.94,15.41,6,3,1,12.02
413791.48,27.06,4,2,0,41.4
339369.04,64.65,4,5,0,19.83
1045231.67,87.16,4,4,1,23.85
690422.26,75.59,6,5,0,30.62
270319.19,38.26,6,1,1,20.48
96542.36,80.01,7,3,0,1.87
282247.33,92.16,5,3,1,30.24
345868.11,38.22,4,1,0,11.52
190958.02,25.88,7,2,1,48.45
652274.96,26.79,2,2,1,34.55
334913.61,44.03,4,5,1,42.05
786169.62,14.45,2,3,1,47.72
451379.19,51.46,3,2,0,3.26
561686.5,72.25,4,3,0,7.52
1230675.85,55.09,2,3,1,40.42
191348.85,92.45,6,2,1,44.25
1416963.71,49.24,3,5,0,0.34
275314.2,11.13,4,4,0,47.27
375559.6,49.96,2,3,0,22.77
622919.44,89.04,4,3,0,23.19
404716.8,18.15,3,4,1,43.95
801437.76,28.95,3,2,1,14.55
93747.56,70.82,5,4,1,29.22
1524018.69,35.0,3,4,1,16.78
494655.37,75.05,6,4,1,5.77
268633.1,45.64,3,2,0,17.99
204115.11,77.67,4,1,1,8.73
1802611.95,56.88,3,2,1,26.1
424624.18,17.01,3,1,0,26.54
400663.34,42.82,3,5,0,21.92
169694.74,38.33,3,4,1,8.77
229491.88,78.86,7,1,0,6.02
576514.6,63.11,3,3,1,5.32
609173.22,76.08,5,2,1,5.7
285483.83,41.63,3,1,1,14.81
796376.96,68.8,1,2,1,0.19
371263.54,15.54,7,3,1,3.21
1209147.05,13.12,3,1,0,23.58
257479.74,34.43,3,2,1,9.22
1896956.41,75.76,2,4,1,13.24
506981.98,55.4,4,2,1,17.73
636235.29,44.75,6,3,1,2.08
475239.15,86.21,4,4,1,11.08
218269.56,52.28,2,1,1,38.86
1809967.72,62.14,1,4,0,17.11
1872788.6,93.8,2,2,1,9.39
289948.33,54.4,4,3,1,9.97
392749.25,76.6,4,2,1,49.24
445978.28,45.18,4,3,1,7.51
174058.11,13.09,2,4,1,45.28
1080971.39,80.93,5,2,0,4.12
577248.09,90.27,2,2,1,43.73
895223.75,46.92,3,3,1,25.4
235281.46,52.81,8,3,1,30.47
4216733.92,46.05,1,2,1,12.37
1264878.33,94.74,2,3,1,44.94
861041.74,86.79,2,2,1,29.4
289988.51,13.49,4,2,1,33.82
800039.24,76.22,4,3,1,27.88
214769.99,61.07,3,3,0,6.35
584257.06,12.14,5,3,0,41.83
256344.82,47.8,4,4,0,9.26
2101628.37,22.73,2,5,1,14.67
728080.89,84.21,3,2,1,33.51
729547.6,11.08,4,3,1,4.76
520684.16,84.21,4,3,1,46.68
138570.68,89.97,5,4,0,6.29
197166.34,16.2,6,4,0,33.39
742025.76,71.19,4,4,1,31.79
438254.72,56.66,5,3,1,34.93
1342416.16,91.11,3,2,0,21.72
420923.03,77.84,6,2,1,19.18
555060.11,69.03,2,3,0,48.89
245959.85,88.67,5,1,0,40.88
703018.26,23.63,3,2,1,24.32
98926.82,41.96,5,5,1,9.2
1803884.3,81.65,3,5,1,44.54
516902.8,18.63,5,1,0,32.47
1380019.89,89.51,3,4,1,6.88
256023.71,73.34,3,5,1,9.24
697306.01,47.34,6,3,1,27.09
3781957.03,38.79,2,3,1,25.23
224398.47,22.55,4,5,1,20.52
524962.24,17.96,6,1,0,21.4
661360.05,46.01,3,4,1,8.69
156984.41,81.66,5,2,1,12.85
888347.34,55.21,3,3,1,24.69
1089848.91,48.35,3,2,0,3.28
691194.74,37.12,2,3,1,17.7
570141.45,23.34,7,4,0,10.6
243124.68,94.16,3,2,0,8.81
202167.52,12.19,4,3,1,7.41
430421.62,36.5,5,4,1,7.1
503297.54,75.4,4,5,1,8.11
322468.76,54.25,4,4,0,18.77
805696.42,36.68,4,3,1,5.16
545303.98,94.38,5,4,1,44.86
663607.1,62.63,5,3,1,24.95
460387.49,35.09,4,3,1,25.29
406621.48,82.08,7,2,1,10.63
379388.28,22.76,4,2,0,43.37
2266344.92,49.4,3,1,1,41.42
405899.25,81.37,3,3,1,1.81
2337438.36,93.61,3,2,0,36.65
337450.23,42.56,6,2,1,9.3
144774.7,21.74,6,1,1,27.83
2252836.01,58.19,2,2,1,43.54
1069170.48,90.24,2,4,0,46.71
1652049.64,66.58,2,3,1,9.3
688695.21,61.18,6,3,0,46.98
607118.32,36.29,4,1,0,3.57
277955.85,61.54,5,3,1,45.48
1780279.35,85.2,2,3,1,38.64
495914.57,41.92,4,2,1,45.7
598437.15,30.57,5,5,0,18.37
544575.38,50.88,1,5,0,47.04
518528.94,41.98,5,5,1,40.94
337916.51,49.94,4,2,1,16.48
1069335.38,18.14,5,4,1,17.01
720397.23,38.58,4,2,1,17.93
1144830.86,80.26,2,4,1,29.48
884850.26,44.03,3,5,1,9.18
272294.95,92.27,4,2,1,21.73
2625565.43,70.25,2,1,1,3.48
2182998.53,41.11,3,1,1,17.98
501977.31,31.39,5,4,0,33.37
858105.79,68.26,6,3,1,29.51
352292.37,35.71,4,3,1,15.9
614512.58,88.79,2,4,1,12.93
338674.71,19.89,6,4,1,16.42
514796.37,12.44,5,5,0,3.57
260888.53,28.79,6,2,1,12.95
684447.04,61.56,4,3,1,35.43
476582.33,80.97,5,5,1,9.02
272316.85,24.46,4,3,1,7.0
902264.98,59.7,3,3,1,42.32
1664390.86,22.25,2,5,0,11.9
732537.13,57.87,3,4,1,12.63
1319781.27,11.55,3,3,1,23.21
318362.34,57.41,3,2,1,23.65
437578.23,54.35,6,5,1,9.39
196495.27,13.64,5,1,0,27.85
254042.49,68.6,4,2,1,34.82
339472.13,58.64,4,5,0,24.28
375551.77,62.96,3,3,1,44.78
475722.61,55.03,3,3,0,49.58
435920.62,71.37,4,3,1,26.48
3276520.82,54.63,1,2,0,48.64
545082.42,88.39,3,3,0,32.36
191440.09,90.2,4,4,1,26.49
785914.11,71.77,5,2,0,43.51
239979.31,87.5,5,3,0,48.33
957059.23,88.47,2,1,1,49.95
1295976.11,32.27,2,3,0,37.98
558758.08,94.48,4,4,0,24.32
1274284.55,32.73,3,3,0,14.87
660734.6,11.58,4,4,0,27.94
147823.27,91.79,8,2,1,38.9
1831860.99,29.02,4,3,1,1.44
2227967.02,59.65,1,1,0,13.46
604999.9,92.51,3,4,0,17.79
505066.36,14.2,7,3,0,39.02
460575.77,32.89,5,3,0,30.72
1259707.03,61.75,2,1,0,21.34
4422267.88,74.82,2,5,0,45.97
840523.31,78.63,2,4,0,26.95
546194.91,85.13,3,3,1,36.22
354402.18,24.32,6,3,1,32.81
1257073.9,41.45,3,3,1,42.94
267658.53,70.71,3,5,0,40.64
121933.19,70.8,5,4,0,49.45
348514.97,36.18,4,2,0,19.02
371944.17,35.86,2,5,0,8.33
512209.45,37.25,3,2,1,38.01
446743.71,85.83,6,3,1,43.75
193646.81,87.31,6,4,1,2.81
140385.09,11.26,6,2,1,16.71
688995.49,37.63,3,5,1,40.38
1108938.49,43.32,3,2,0,34.2
119522.09,93.5,6,3,1,37.79
648684.36,90.25,5,2,1,27.21
539622.04,63.41,6,4,1,19.15
878662.99,13.89,4,2,1,40.59
1372954.91,26.25,3,1,1,27.77
3715638.8,46.91,2,1,1,25.8
533776.5,91.52,3,3,1,36.77
352915.34,18.05,6,3,0,9.62
514795.31,77.26,3,1,0,29.34
992556.21,26.25,2,1,0,15.29
994789.17,53.17,5,1,0,1.17
126384.13,75.19,7,3,1,37.47
168967.23,68.86,7,2,1,23.79
906068.92,75.94,5,3,1,45.17
731303.61,79.16,5,1,1,25.06
398645.03,35.99,4,4,0,0.61
1103534.66,40.94,3,2,1,20.5
1216614.21,79.34,2,4,1,8.64
1625868.15,13.28,3,4,0,46.06
691137.08,53.73,3,5,0,22.35
1222938.32,88.23,3,4,1,25.58
1612744.07,85.23,6,3,1,18.34
946235.92,78.37,3,2,0,26.16
408463.97,11.83,5,1,1,4.23
509766.84,85.45,6,4,1,22.99
796262.6,87.49,2,3,1,33.21
2769475.01,66.41,3,4,1,18.68
368163.77,35.41,6,3,0,19.69
841627.53,51.64,2,4,0,41.89
171557.96,74.82,7,4,0,26.88
1914917.19,79.11,2,1,0,29.42
1112032.7,39.18,3,4,1,14.91
163466.41,37.72,9,2,0,24.2
400296.44,72.58,7,4,1,2.79
401001.02,68.34,2,5,1,21.57
1107742.99,53.62,2,5,0,40.15
433607.2,45.72,6,1,0,8.16
1104562.6,65.86,5,1,1,38.25
249713.82,12.76,5,4,1,18.77
460395.53,16.43,2,4,0,1.45
579311.75,58.71,2,2,1,47.67
177836.7,27.87,5,3,0,9.15
884304.29,75.86,5,1,1,16.8
5021220.44,75.65,1,3,1,24.09
800921.05,70.35,3,4,1,47.48
4125826.69,86.81,1,3,0,29.1
537175.79,21.97,4,1,0,45.28
624259.06,32.04,3,5,0,28.27
541211.35,31.45,3,2,0,10.35
548615.5,76.5,3,2,1,28.26
130556.27,54.31,6,1,0,5.11
331917.83,31.48,7,2,1,5.94
645117.25,21.6,3,2,1,5.87
516823.64,85.91,6,4,1,0.71
349533.48,68.83,6,3,1,7.65
256906.54,54.92,7,3,1,17.71
293898.52,92.07,4,4,0,3.7
1035240.95,82.22,2,5,0,0.41
771929.09,25.14,4,2,0,5.7
998487.19,53.19,1,2,1,46.81
417920.43,51.32,5,4,1,26.33
570079.67,81.76,4,3,1,21.81
214786.9,22.67,6,1,1,24.41
696720.1,48.4,2,3,0,27.78
1138496.77,64.11,2,4,1,5.48
251111.67,90.35,4,5,1,29.28
815324.88,86.44,3,3,1,41.73
386224.89,55.38,3,3,0,28.08
1875836.09,61.57,2,4,0,44.16
1612439.38,82.45,5,1,0,7.0
394326.15,73.27,3,4,1,41.31
455324.33,84.74,6,3,1,33.16
213671.57,86.15,6,1,1,30.22
1234232.92,80.77,3,3,0,29.48
232013.44,10.8,4,2,1,6.04
529090.17,36.43,5,3,1,32.13
234865.6,44.3,5,2,1,20.0
437798.87,67.62,4,1,1,3.26
213618.48,36.08,5,2,0,10.34
649509.26,37.5,5,3,0,22.18
119997.56,44.02,10,3,0,49.65
460201.21,91.2,6,1,0,21.59
537631.63,47.16,3,2,1,7.57
617049.35,21.96,3,4,0,45.1
1083282.52,10.54,2,5,1,1.86
313831.29,30.11,4,3,1,6.42
749834.64,89.8,3,3,0,23.74
827729.15,91.17,6,3,1,4.73
207188.37,54.97,6,2,1,28.62
2002563.98,64.94,2,5,0,7.97
974247.51,77.65,5,4,0,32.58
405021.21,14.75,3,2,0,5.97
165632.93,41.82,5,2,1,40.52
792196.11,64.59,3,3,1,36.72
203953.1,86.35,7,2,1,46.28
2027977.69,71.78,3,2,1,3.51
404920.74,39.76,5,4,1,27.81
204213.42,87.35,6,2,1,35.47
166033.5,66.49,6,4,1,45.14
1906530.76,80.57,2,5,0,24.15
469149.77,42.77,3,1,1,47.57
2035592.07,10.18,1,1,1,6.21
390919.55,24.12,9,5,1,21.72
211829.05,88.81,7,2,1,12.73
964432.88,12.82,2,1,1,7.85
392629.24,60.66,5,4,1,14.41
1493820.55,44.78,2,2,1,33.27
942069.48,46.51,3,2,1,24.21
289575.78,44.07,6,2,1,9.16
514986.04,15.73,4,5,0,1.68
793164.1,20.4,2,4,1,46.18
163406.24,15.35,5,3,1,15.78
578541.84,14.58,4,3,1,6.47
2056883.99,17.28,3,1,1,7.39
291697.96,69.21,4,5,1,12.75
311728.47,19.71,4,4,0,11.62
587961.15,32.23,2,2,1,14.05
1531269.8,65.84,2,5,1,11.35
518996.99,19.54,5,5,1,21.59
300474.42,87.37,6,3,0,38.3
163289.24,50.59,7,5,1,1.46
1047879.23,91.86,2,2,1,9.6
193867.92,26.36,4,4,0,35.63
540236.12,12.6,4,2,0,7.53
1672395.27,60.17,2,3,0,37.09
187183.11,37.94,5,5,0,25.79
395276.92,58.65,2,3,0,44.09
1278717.75,50.26,4,4,0,0.61
343399.53,48.86,4,1,1,39.24
489983.58,82.35,8,3,1,28.65
301294.04,26.31,6,1,1,23.5
599718.0,52.47,3,1,1,7.37
322418.63,45.36,8,3,1,11.78
194432.67,67.27,6,3,1,39.32
357803.35,14.26,6,2,0,7.54
788556.37,55.0,2,3,1,26.41
149633.53,50.68,6,3,0,10.46
606945.87,92.75,4,3,1,24.51
338600.9,74.24,5,1,1,12.81
601494.59,23.17,3,3,1,17.62
479623.29,53.28,2,3,1,40.14
735959.28,76.62,7,3,1,1.95
1118407.35,54.59,3,4,1,46.22
883988.36,40.32,4,3,1,16.04
412684.57,42.02,4,5,0,29.84
351281.47,41.2,2,5,1,11.17
3199814.03,11.7,2,4,0,18.0
477847.6,72.1,4,2,0,23.04
421724.63,61.93,3,1,1,34.47
636529.84,32.84,4,4,1,43.67
1331291.64,63.55,3,1,1,43.32
325920.97,36.24,6,1,1,16.92
1067522.11,30.69,4,5,1,4.53
1265765.55,73.0,3,3,1,46.26
346472.59,78.77,3,2,0,1.63
189059.26,63.19,7,5,1,44.07
586989.86,76.65,6,4,0,1.39
77885.46,41.08,5,3,1,48.83
302116.24,16.1,6,2,1,0.66
168057.82,61.42,5,3,0,0.95
248278.96,31.76,6,4,1,25.48
414328.16,76.09,4,4,1,33.37
533087.62,40.44,3,2,1,17.7
711760.01,67.01,2,3,0,30.33
256637.39,56.99,4,3,1,42.31
1568623.2,79.49,5,4,1,39.8
1519942.16,80.75,4,3,0,44.22
197466.18,15.81,5,1,1,8.04
1280774.7,35.08,4,2,1,11.31
520064.65,84.02,3,4,1,29.43
535640.29,44.34,4,4,0,36.21
477224.0,53.76,4,2,0,5.46
444870.51,25.58,3,2,1,8.86
715597.76,56.98,5,1,0,46.15
534580.47,32.49,4,2,1,1.39
744837.96,80.48,2,1,1,20.15
906409.38,27.02,1,4,1,10.62
289974.61,40.59,4,3,1,38.74
148113.48,18.08,5,5,1,43.19
399470.91,59.98,5,4,1,12.42
483522.66,90.07,2,3,1,29.54
338143.55,24.72,5,3,1,42.18
2255571.49,11.68,2,4,1,29.97
508966.87,45.91,8,2,1,30.08
1944730.3,73.62,1,2,1,20.7
470454.63,92.88,4,3,1,32.69
875030.99,14.36,7,1,1,48.02
541997.01,76.81,5,2,0,15.05
203592.27,41.34,8,1,1,10.11
168543.85,23.07,5,1,1,47.91
627833.05,26.35,4,3,0,3.1
3261162.43,88.53,1,4,1,42.01
339325.37,78.8,4,3,0,45.5
1180648.56,36.5,2,1,1,11.05
265692.94,89.92,6,2,1,21.34
591826.19,18.95,3,1,0,6.24
111414.46,37.42,4,3,1,18.41
289286.17,65.5,6,4,0,22.92
709406.28,94.95,5,1,0,25.53
452501.42,49.58,3,1,0,6.21
682080.89,78.91,3,3,1,20.24
419919.07,87.85,3,2,1,31.29
820486.48,10.82,3,2,1,25.06
580400.58,34.56,3,2,1,42.09
282140.57,18.53,4,2,0,47.56
1470214.1,75.97,3,5,1,40.86
1154002.53,58.2,3,4,0,2.46
275851.52,18.12,5,3,0,10.81
890965.24,45.76,3,4,1,4.47
912401.04,53.69,3,1,0,21.75
2915001.06,69.31,1,1,1,36.22
239147.11,76.26,3,2,1,1.71
453396.54,17.47,8,3,0,13.43
469567.97,51.45,3,4,1,4.79
799831.26,23.7,2,2,0,20.56
2413128.73,74.03,4,1,1,46.27
792154.51,65.9,3,4,1,20.7
224649.43,71.46,7,3,1,31.77
263992.56,16.37,2,3,0,19.41
1521559.25,53.38,3,3,1,36.6
221146.32,81.45,4,2,0,37.18
271479.61,70.63,4,4,0,6.99
541758.89,83.25,3,3,1,32.69
1159561.78,27.52,4,2,1,19.38
630649.85,34.39,5,5,0,43.0
450901.02,47.51,4,1,0,7.98
1192816.72,54.48,2,3,0,44.88
276600.82,31.43,5,2,0,25.62
431211.64,42.41,5,1,0,12.85
414390.54,68.4,5,1,0,16.8
1181918.65,64.86,3,2,1,0.35
506053.02,19.39,7,3,1,47.5
666697.75,93.78,4,2,1,11.33
1595330.47,57.83,1,4,1,45.5
618873.06,51.1,5,2,0,42.66
625437.47,92.22,3,4,0,17.52
517986.36,21.93,2,2,0,10.62
1556619.94,56.21,1,1,1,21.39
695303.63,78.43,3,2,1,46.68
855836.91,43.91,4,4,1,42.77
888007.9,72.59,2,1,1,24.48
479900.27,86.43,2,2,1,27.32
410284.91,32.24,5,1,1,20.49
707477.66,30.52,3,3,1,47.24
2216638.86,40.66,1,5,1,49.45
860809.54,45.57,4,2,1,14.53
730815.29,19.44,5,3,0,47.49
694068.75,29.66,2,3,1,47.53
456663.3,84.22,3,5,0,23.72
212445.95,58.16,5,4,1,20.8
3015539.78,32.76,1,1,0,43.48
788220.06,90.21,6,1,1,47.16
328244.14,75.82,5,3,0,20.18
857686.97,40.81,2,3,0,24.66
1195141.53,75.06,4,2,1,16.78
671346.28,60.66,4,3,1,10.53
858660.7,68.12,3,3,1,49.81
485193.43,37.32,2,3,1,9.52
993137.65,27.81,3,3,0,40.73
567712.84,31.55,2,5,1,21.09
251021.41,17.12,4,2,1,4.27
268384.94,50.04,6,4,1,16.31
279033.31,44.53,5,1,1,4.25
247986.61,10.22,7,1,1,49.1
278395.69,82.79,3,5,1,13.33
1174881.08,67.96,3,3,0,37.33
1950243.11,47.97,2,3,1,21.34
205454.98,92.2,3,2,0,34.0
891606.64,89.95,4,2,1,12.83
243834.48,18.08,5,2,1,4.8
828929.97,62.29,4,3,1,40.45
317163.48,79.45,6,3,0,35.86
672429.83,24.7,3,2,1,5.56
443586.03,20.88,4,3,1,36.57
4103199.21,32.08,1,3,1,29.92
235614.63,33.77,4,5,1,8.66
951782.59,92.02,3,3,1,41.3
1279763.45,76.34,3,3,0,34.98
609482.88,15.08,5,4,0,25.39
1599787.61,76.85,5,3,0,9.01
481191.05,24.42,3,2,1,27.05
880362.06,40.37,4,3,0,8.22
265783.0,37.07,7,4,0,9.28
4155916.94,33.15,1,3,1,12.14
657877.69,36.24,3,2,1,32.76
1571081.09,74.11,1,2,1,34.01
868224.33,32.66,5,3,1,3.73
738159.83,78.06,2,3,1,32.58
424733.57,17.74,2,2,1,1.83
290818.3,60.59,5,3,0,45.26
1437293.78,83.36,2,3,1,38.96
1523637.25,16.74,3,3,1,36.25
1059736.07,63.97,2,3,0,12.04
624688.3,53.49,7,4,0,49.38
97525.63,38.21,9,4,1,46.22
303945.6,18.56,5,3,1,24.55
555843.82,67.5,3,5,1,1.83
925525.68,36.3,2,1,1,25.62
521342.38,38.81,4,2,1,7.78
1000423.82,71.0,3,1,0,29.68
379580.33,90.36,4,4,0,49.33
359208.31,38.36,6,4,0,37.87
643266.24,73.47,3,3,0,16.18
379213.17,91.31,3,2,1,19.77
231505.39,18.32,8,4,1,47.23
303168.74,54.98,6,2,1,5.6
299297.16,10.95,6,4,1,44.52
505226.09,80.14,4,2,1,3.82
691619.92,34.39,3,2,0,20.79
382440.56,38.29,4,5,1,37.3
851020.02,68.42,5,3,1,19.81
196589.62,77.08,5,3,1,28.6
643238.44,44.0,2,2,0,24.59
3503825.35,66.57,3,4,1,30.27
177272.92,91.29,6,2,0,8.63
440030.8,85.39,2,2,1,28.95
616151.49,69.61,5,1,0,49.36
114038.36,90.16,5,3,0,9.78
430430.56,84.45,4,5,1,3.44
1197486.68,71.97,6,5,0,19.65
196171.41,87.97,4,5,0,18.78
86241.88,79.48,7,3,1,6.37
268841.96,52.69,3,4,0,28.62
679816.26,52.69,5,3,1,21.94
778736.58,10.75,5,3,1,41.86
291562.25,12.57,5,4,0,21.21
746860.04,73.43,4,4,1,49.28
4566023.24,57.16,1,1,0,39.01
5794431.04,74.68,1,5,1,24.42
427583.33,90.72,4,4,0,27.65
249189.71,48.47,2,4,0,43.35
173089.23,17.52,7,4,0,38.73
306962.1,63.26,5,3,0,32.92
242492.62,18.48,7,4,1,13.41
885703.19,62.81,2,3,0,20.58
646660.88,54.86,6,3,1,39.38
851895.5,70.54,5,2,1,31.41
357738.62,39.83,5,4,1,47.83
1277580.53,22.23,3,4,1,43.66
819118.9,30.08,3,5,1,21.41
412200.71,68.11,5,1,1,14.76
853953.6,50.64,4,2,1,6.29
295800.67,55.97,7,3,1,20.44
2271780.44,37.45,3,4,1,11.41
139412.69,81.12,6,4,1,0.93
485184.82,94.95,3,3,1,7.0
918908.18,36.54,2,4,1,22.71
860319.68,71.09,3,1,1,44.63
707163.25,24.54,6,3,1,16.12
488486.2,73.11,4,1,1,22.11
84463.7,46.62,10,1,1,19.27
1643536.95,61.45,2,4,1,18.51
779712.78,30.19,4,3,1,36.16
123679.26,82.39,5,1,1,25.35
989119.41,24.73,2,3,0,20.48
190922.06,88.93,4,1,0,47.17
443563.86,15.21,3,2,0,13.89
576751.9,34.48,2,2,1,41.66
805537.03,57.85,4,2,0,25.8
425346.83,82.97,5,2,0,22.14
305600.24,59.05,3,2,0,3.24
1680988.21,28.37,2,1,0,42.94
279596.9,83.02,3,3,1,13.61
402845.67,60.67,6,3,0,34.0
405542.64,29.75,3,4,1,43.74
530715.55,57.76,3,4,0,26.85
2683312.1,67.4,1,4,1,32.07
1355556.27,67.84,2,3,0,17.08
2211174.24,71.54,2,2,0,36.35
1887281.1,86.14,1,3,1,32.86
476599.89,80.11,5,3,1,22.29
762387.65,61.65,2,3,1,31.77
315932.47,12.73,7,3,0,13.21
1290505.36,73.71,2,3,1,32.93
623062.31,92.87,3,5,1,33.67
167955.67,35.97,4,5,0,22.3
483808.59,61.59,5,4,1,12.54
2467551.41,75.34,1,1,0,40.17
219725.97,64.32,6,5,1,37.73
131066.18,88.42,7,4,0,2.95
2403364.79,50.23,2,3,1,24.76
887580.96,55.21,3,1,1,4.7
864065.8,13.25,2,3,0,16.05
200454.46,86.52,5,3,1,21.17
242188.88,32.29,5,2,1,8.93
866412.43,93.17,5,1,1,23.5
430696.63,27.18,5,3,1,35.34
178118.83,31.54,8,3,1,21.9
538410.0,51.19,5,1,1,11.78
304086.27,66.14,4,3,0,20.8
542140.92,47.46,9,1,0,29.66
744092.66,39.9,6,3,1,46.83
299724.09,55.91,5,2,1,25.02
194247.36,91.46,7,5,1,44.4
103035.18,91.77,4,1,1,49.23
203772.04,37.88,4,3,1,28.0
443818.49,67.81,2,2,1,7.44
537573.0,71.36,4,2,1,43.78
407568.96,65.54,4,2,1,43.13
176903.7,19.61,5,5,0,43.44
837481.45,55.86,2,1,0,47.53
537005.91,74.88,5,3,1,13.89
907175.61,27.07,3,3,0,16.74
211416.53,39.6,3,4,1,34.39
305982.27,27.32,6,3,0,28.24
432288.45,85.39,2,2,1,43.43
1702979.7,82.98,2,3,1,12.8
3173951.34,24.38,1,5,1,32.95
385605.99,74.65,3,4,0,47.03
208691.72,40.94,6,3,0,10.87
501133.33,68.32,3,3,0,15.41
171050.08,51.94,3,1,1,20.43
1212789.61,50.12,2,3,1,4.45
561114.9,84.91,3,2,0,8.93
1182915.56,64.14,3,1,1,19.17
205154.07,30.04,5,3,1,3.81
341885.74,19.41,4,1,0,18.2
401489.9,89.34,2,1,1,12.28
542681.83,23.04,2,2,0,43.24
325200.93,72.4,3,5,1,30.46
514872.23,52.15,7,4,1,44.93
217354.17,21.91,6,3,1,10.22
1068064.01,76.02,2,2,0,4.17
788899.94,86.88,2,3,0,17.77
185142.84,20.33,5,3,1,2.92
597439.0,15.7,3,1,1,44.19
1420209.31,82.24,2,5,1,9.49
320209.93,52.58,3,3,1,7.14
644370.89,67.34,5,5,0,39.41
1190837.56,47.53,1,3,1,35.65
296787.52,45.06,5,3,1,2.94
1363087.21,35.47,2,3,1,25.53
332915.49,57.85,4,1,1,22.5
289709.73,23.58,7,4,1,19.4
234515.12,70.96,7,3,1,6.42
535698.32,56.7,4,3,0,39.39
95046.22,82.04,5,2,0,12.07
132290.16,88.29,5,3,0,22.97
573860.89,86.55,5,4,1,44.07
1231442.19,61.1,3,4,1,15.98
143525.28,37.09,8,4,0,1.88
570900.78,40.36,3,5,0,44.47
473256.9,65.47,5,2,1,24.75
1001809.35,70.52,3,2,1,24.9
97893.38,23.71,6,3,0,27.62
388389.34,94.83,3,2,0,9.08
324816.1,19.14,5,4,1,35.77
755843.6,61.6,4,3,0,11.65
2959248.77,55.14,3,2,1,15.13
345849.38,60.23,5,4,1,31.6
213100.5,55.37,4,3,1,37.51
2524013.49,14.92,1,1,1,36.56
1095041.82,94.65,4,2,1,4.25
423102.84,93.41,5,4,1,37.75
230169.89,54.57,5,2,1,33.17
1174301.52,27.71,3,5,1,30.29
590479.06,25.55,5,3,1,48.35
153037.97,14.85,7,2,1,17.41
498529.21,62.01,5,3,1,34.19
1202300.13,50.65,3,1,0,28.7
671570.69,45.39,6,4,1,19.46
476315.75,54.64,4,3,1,39.43
319884.23,84.19,5,5,0,20.22
1035163.49,16.01,4,3,1,27.97
191849.36,56.25,5,1,1,28.08
1289803.44,69.59,2,3,1,25.62
145251.87,92.51,6,3,1,22.92
417483.87,72.87,9,5,0,8.47
566119.46,56.59,3,3,1,12.12
848913.04,75.18,5,3,1,6.26
532538.11,94.75,5,2,1,36.2
190351.94,85.54,5,2,1,37.24
932233.62,17.57,5,3,1,31.96
1257269.42,58.86,4,3,1,45.89
673291.72,76.85,5,3,1,13.32
313875.89,67.11,4,3,1,41.07
550058.18,45.44,3,2,1,9.37
1081770.0,37.41,2,3,0,3.48
1299868.63,63.3,1,1,1,0.11
1824461.9,45.05,3,3,1,29.07
432422.31,43.32,5,1,1,38.96
195799.02,81.12,2,3,1,41.17
1215257.21,36.83,2,1,0,23.59
804485.63,64.82,2,5,0,3.03
473899.1,84.24,4,3,0,1.88
794669.19,62.85,2,3,1,45.88
536310.4,51.89,6,4,0,4.74
1940906.11,13.0,2,2,1,39.25
783259.71,67.93,3,3,1,3.57
323506.79,94.79,5,4,1,9.25
1934187.07,78.72,1,3,1,8.23
334368.95,63.93,6,2,1,13.93
408370.32,49.88,3,2,0,20.34
935414.38,29.07,3,2,1,6.32
373291.63,68.83,7,3,0,48.66
999316.51,25.07,5,1,0,0.2
1052749.12,85.4,4,3,0,38.63
657005.63,40.09,2,3,0,26.37
810887.55,43.98,4,4,1,4.37
373553.19,28.36,3,3,1,6.09
501721.16,50.94,6,5,1,29.54
727147.26,67.84,2,3,1,15.83
268271.2,35.74,4,3,0,22.56
469108.47,69.66,5,1,1,27.5
99604.77,62.75,4,2,1,28.71
173359.07,41.65,4,4,1,29.17
594153.26,36.59,3,3,0,3.6
520825.69,83.21,4,5,1,37.05
226953.08,11.01,7,4,1,14.75
192152.36,70.85,4,3,1,5.81
303449.52,45.47,4,4,0,5.2
358188.78,71.0,7,3,0,11.93
401578.74,53.14,7,2,1,31.47
490888.24,17.13,4,1,1,23.65
992324.95,93.47,4,4,0,5.44
503329.5,17.31,5,3,1,1.71
253238.93,23.47,5,3,0,1.33
558542.77,45.73,3,2,1,21.11
854507.28,90.29,1,4,1,39.43
929097.93,34.91,2,4,0,28.72
644030.2,58.34,6,3,1,40.5
1495583.32,54.32,2,3,0,16.04
766389.75,38.06,6,3,0,7.1
413318.8,69.19,4,3,0,40.17
889328.5,52.62,5,4,0,36.42
588542.94,59.15,3,5,1,29.5
958872.25,27.86,5,2,1,44.4
217436.34,88.76,9,2,1,31.57
3030805.02,19.4,1,2,0,26.34
800753.11,68.67,6,4,1,25.17
1765498.11,85.3,1,4,1,30.91
452071.43,17.14,5,1,0,25.88
1432176.35,12.44,3,1,1,13.71
305113.35,38.32,6,3,0,47.7
448793.19,77.15,2,2,0,47.91
3586391.32,70.98,2,1,1,8.43
498584.83,79.88,3,3,0,26.58
436182.37,43.79,5,4,0,39.5
1983665.24,94.47,2,2,1,2.83
458764.08,41.12,3,3,0,6.27
180506.09,78.46,6,5,0,27.29
384801.5,39.82,6,2,1,1.51
135227.83,28.57,5,3,0,41.67
834100.5,38.62,2,5,1,43.67
574197.58,26.38,4,2,1,36.84
337253.77,20.97,5,5,0,41.14
261795.03,40.94,3,2,0,33.62
1720102.58,22.48,3,2,1,7.18
703280.15,52.7,3,4,1,1.59
1559816.87,13.01,3,3,1,42.42
565443.67,46.66,3,3,0,35.39
233878.0,91.43,5,3,1,19.98
1165151.14,40.5,2,3,0,39.86
580656.96,21.7,3,1,1,2.76
163012.74,35.94,6,2,1,16.02
798197.3,77.26,6,3,1,17.16
341240.75,36.66,4,2,0,5.33
328631.71,42.6,2,4,0,37.11
1099763.01,77.05,4,5,1,38.9
488360.38,32.15,3,1,1,29.2
688422.81,50.65,2,4,0,20.95
171866.46,15.37,4,2,0,30.39
704415.28,24.8,8,5,1,44.93
228665.9,27.8,4,5,1,17.95
513381.92,49.4,4,3,1,16.78
571381.69,79.78,6,3,1,31.17
638409.88,40.13,4,4,0,34.21
956523.11,42.34,2,5,0,22.94
119043.11,35.59,6,2,0,42.99
406586.84,37.24,3,2,1,17.68
1109625.38,44.3,2,3,1,32.08
247275.32,86.45,5,4,0,33.42
560016.38,12.07,4,1,0,14.81
994936.06,63.09,3,3,1,1.04
706489.64,85.45,5,2,0,41.35
950071.37,45.44,1,4,0,24.17
2469127.34,65.33,3,2,1,4.86
785592.31,59.79,4,5,1,47.88
495180.26,38.78,4,1,1,14.89
1270739.61,21.68,3,2,0,23.78
2049180.06,28.67,4,3,1,24.25
209080.28,14.88,4,2,1,18.6
433023.84,75.0,4,4,0,7.66
158629.84,55.29,3,4,1,35.24
1112859.89,76.78,2,3,1,9.85
352683.52,34.67,7,5,0,34.15
484178.23,78.4,4,3,1,40.13
669397.06,36.28,2,5,1,1.25
144928.66,20.31,4,1,1,36.62
413478.48,55.37,6,4,1,31.94
4748126.56,90.35,1,1,1,9.87
347699.74,45.22,4,3,1,31.05
430316.6,53.81,6,3,1,21.1
257944.86,48.36,3,4,0,4.32
434768.23,48.88,6,4,1,26.23
260983.16,28.22,6,3,1,48.67
627439.2,45.91,2,4,1,32.48
314106.52,52.24,4,4,1,16.59
391420.88,73.31,4,1,0,28.22
831384.53,21.89,3,4,1,36.92
112787.47,58.59,8,3,1,7.9
195299.44,66.29,8,4,0,26.49
644676.97,42.54,3,2,0,25.39
512691.35,56.68,2,2,1,18.89
1456730.01,70.41,4,4,1,37.38
396047.89,49.53,3,2,1,28.29
165859.5,38.33,8,3,1,34.97
275604.15,80.1,4,3,0,29.84
1458317.15,94.05,4,3,0,39.07
345345.83,28.41,8,3,1,31.73
282589.46,85.6,4,3,1,33.92
962649.42,56.36,4,2,0,11.35
319498.89,48.07,7,1,1,42.31
462737.0,85.92,5,4,0,7.85
403131.99,87.38,4,4,0,17.06
252941.24,33.18,5,1,1,44.48
485639.45,40.46,5,4,1,5.52
714830.32,82.41,2,2,0,43.35
1965861.42,51.72,3,2,1,23.82
231452.74,34.48,4,3,1,9.26
1661251.47,91.78,3,3,1,36.89
1854653.96,28.45,1,1,1,14.27
1186246.0,61.88,2,4,0,33.93
3268673.03,46.37,1,5,1,39.57
339610.98,48.36,4,5,1,28.51
3330220.35,19.01,1,1,1,39.32
130204.48,31.86,3,5,0,46.76
643616.99,24.19,2,3,1,27.57
379629.11,73.72,3,4,1,7.7
934621.01,69.31,1,5,1,35.51
217855.12,77.5,8,3,0,20.56
624780.47,69.44,4,3,1,26.61
1007501.15,20.94,3,3,0,31.38
458212.41,93.18,5,3,1,35.9
664929.79,26.02,2,5,1,32.03
494831.19,39.79,5,4,0,11.72
356044.84,70.08,6,3,1,37.43
869209.4,21.94,4,2,1,40.39
1053417.01,24.49,3,2,0,1.98
2019349.22,84.51,1,2,1,15.48
1157355.47,38.22,1,2,1,48.89
268013.33,66.57,5,4,1,8.97
1425632.86,82.99,1,4,1,9.22
328207.82,92.72,5,2,1,29.61
388120.36,27.87,6,4,1,16.97
1015094.58,20.45,3,4,0,32.89
1922868.78,72.96,1,3,0,13.21
1001017.65,26.0,2,3,1,21.36
308684.08,59.32,7,4,1,49.92
727456.61,55.27,2,3,1,18.73
1137979.23,57.59,1,3,0,4.4
230527.39,65.23,3,1,1,37.15
326640.69,82.33,4,1,0,29.47
329208.22,33.1,8,5,1,22.28
325122.98,57.2,4,2,0,45.45
343821.49,38.62,5,3,1,7.42
524615.48,37.09,5,5,1,24.54
1354938.36,11.74,2,4,0,9.67
259363.52,60.95,4,1,1,4.27
1803227.07,92.66,2,4,0,22.17
779939.9,74.71,5,4,1,47.37
201320.24,30.64,5,2,0,36.13
201579.36,70.87,6,3,0,11.8
1012932.4,35.27,4,4,1,23.18
259361.4,74.06,7,2,1,39.89
130854.18,82.67,4,4,1,9.85
285380.54,38.42,3,1,0,10.26
853611.15,10.19,2,3,1,9.13
123344.05,35.93,8,2,0,30.41
171909.11,27.5,9,4,1,1.54
673892.2,62.58,3,2,1,29.42
794599.34,34.66,6,2,1,41.29
416413.19,13.06,4,1,1,39.15
628923.94,55.16,6,4,0,33.37
1557579.87,84.35,3,1,1,11.05
937664.88,48.36,5,4,0,40.84
1176089.58,41.99,2,4,1,47.88
152623.92,25.17,4,1,0,9.27
522853.72,42.93,5,3,1,45.53
1239759.1,38.13,3,3,0,42.66
629541.75,94.57,3,3,1,48.97
1129530.27,12.59,5,5,1,16.03
830352.66,30.3,4,1,1,46.71
929453.2,15.83,3,4,0,9.06
1268335.71,82.88,3,4,0,8.84
484360.14,45.47,5,1,0,5.44
63475.14,77.68,7,3,1,21.45
734811.62,68.83,2,4,1,0.71
1355510.27,88.88,3,3,0,19.13
305330.73,12.02,4,3,1,31.33
866978.38,27.62,2,2,1,4.01
211855.62,69.67,5,3,1,40.94
1445634.95,59.74,4,2,1,14.71
1087571.26,69.05,5,3,1,2.42
233337.4,58.92,5,4,0,18.79
541492.47,59.39,4,1,0,7.01
659051.13,89.27,2,3,1,39.78
716886.22,88.31,4,3,1,16.77
448673.34,13.23,6,2,1,5.94
1075623.5,45.16,3,3,1,22.74
806564.2,53.4,3,1,1,22.65
2307801.3,40.42,5,3,0,13.85
152868.84,14.21,7,3,0,16.42
355219.36,50.15,2,3,0,38.47
391543.35,92.93,4,2,0,31.97
193476.76,16.14,4,2,1,10.81
161956.77,79.42,5,3,1,47.41
271825.84,26.63,4,1,1,15.31
228033.71,59.03,5,2,1,26.72
1118198.13,42.9,1,4,1,28.6
1352931.38,39.67,2,1,1,10.76
243903.3,83.99,6,3,1,14.63
445074.47,92.75,4,3,1,24.09
1130225.1,42.87,3,1,1,12.89
625970.99,64.44,2,2,1,15.35
422936.83,57.3,4,3,0,30.7
617331.62,16.54,4,2,0,36.71
206168.08,13.5,3,1,1,40.07
118511.15,75.74,4,2,0,6.17
813464.94,43.54,3,1,0,36.88
332956.47,36.14,8,5,0,46.82
3420799.66,93.77,2,2,1,29.08
1090023.43,17.24,2,3,0,30.27
540410.52,32.87,6,3,1,47.77
293888.86,82.83,6,3,1,43.48
789949.3,45.27,3,3,1,27.93
2695803.67,59.66,2,4,0,38.32
184793.09,14.11,3,4,1,9.13
423542.98,88.22,6,2,1,20.71
1785229.75,21.64,4,2,1,35.8
469668.6,28.14,5,5,0,14.5
2668952.41,23.33,2,4,1,22.75
271857.9,52.29,5,2,1,8.72
388999.6,79.43,5,4,0,44.9
337174.32,32.69,6,3,1,44.79
174701.32,22.1,3,3,0,23.97
245929.19,44.84,4,4,0,9.68
342238.34,93.44,3,3,1,33.99
1623496.1,10.94,2,4,0,10.76
836513.14,52.84,4,3,1,11.51
401379.4,66.9,6,4,1,48.61
812740.68,78.57,4,2,0,5.07
898393.25,73.43,2,4,1,19.02
1359390.12,16.33,3,3,0,27.79
284748.87,49.26,7,3,0,5.48
342134.41,16.69,6,4,1,2.04
338137.03,62.69,5,1,1,27.16
747415.04,16.55,4,5,0,5.82
769990.56,14.12,2,3,1,12.63
508870.42,36.01,7,3,1,24.91
1005213.5,89.8,1,3,0,17.44
512729.18,70.35,2,3,1,35.56
748750.95,10.34,4,4,1,48.13
470042.84,34.2,4,4,1,37.68
377516.97,11.49,4,4,1,50.0
845548.05,35.02,4,2,1,19.51
344327.59,68.27,4,3,0,15.33
351667.48,74.58,5,4,1,10.71
1147667.76,78.35,4,4,1,44.26
998538.01,87.35,5,4,0,19.56
2546656.16,41.09,2,4,1,35.58
418499.16,83.32,4,4,0,33.77
1037295.48,71.85,4,4,1,2.95
374001.85,55.71,3,4,0,43.99
383557.95,91.14,3,4,1,24.38
120986.24,90.56,4,2,1,11.26
1803263.49,86.3,3,4,1,48.96
1180692.97,27.19,1,5,1,37.68
1837801.27,27.67,1,2,1,30.88
382771.36,86.59,3,1,1,49.42
601788.44,43.82,5,1,1,37.85
263777.27,77.78,6,2,0,6.15
302095.23,68.39,3,5,1,49.56
1292191.74,74.8,2,1,0,29.92
419414.43,12.23,2,4,1,15.04
299917.35,46.55,4,4,0,40.89
93349.62,82.85,6,4,0,2.49
281253.83,51.64,3,3,1,32.75
441388.0,68.66,5,3,1,8.05
203346.38,74.26,3,2,1,4.47
203825.23,20.26,4,1,1,17.76
659981.02,23.24,3,2,1,17.88
238488.51,71.59,6,1,1,30.07
1310322.79,14.64,5,3,0,28.32
1191710.25,39.06,5,2,0,34.43
294475.82,88.04,4,3,1,8.79
692447.85,58.82,4,4,1,43.56
1036082.41,87.39,3,3,1,42.95
692709.16,36.3,2,3,0,10.89
134714.85,64.11,6,4,1,23.73
196818.22,34.37,10,1,0,24.45
255347.96,19.45,7,4,1,46.07
763290.61,94.21,2,2,1,45.29
646349.57,24.98,4,2,0,3.47
421236.6,26.02,3,2,1,47.91
331104.46,81.56,3,1,1,3.52
264608.92,78.19,8,2,1,27.52
499890.39,93.12,5,5,1,15.65
489365.95,16.1,2,3,0,19.58
576710.04,18.0,6,3,1,31.37
171342.02,48.14,4,4,1,29.23
350402.43,60.3,4,4,1,8.46
339679.21,13.23,5,1,1,48.49
193369.01,23.46,7,4,0,1.53
282525.98,69.78,5,5,0,17.23
1015493.46,66.83,6,3,1,40.09
595003.38,17.62,2,3,0,42.56
2144546.51,89.19,4,4,0,39.88
515471.94,31.65,5,3,1,18.69
299336.29,85.41,7,5,0,33.7
1319280.45,88.45,2,2,0,38.24
3015705.51,51.66,3,4,0,28.94
273088.13,45.02,4,3,1,33.98
337437.96,33.64,3,2,1,27.73
420192.41,78.63,3,4,0,2.84
505342.41,26.71,4,5,1,13.74
140800.52,62.88,5,1,0,35.16
334919.03,58.21,6,5,0,12.15
1825776.6,31.16,3,2,0,22.83
434263.39,93.56,5,2,0,26.78
332684.81,81.94,5,1,0,33.58
273666.59,11.74,5,5,1,13.03
849847.89,45.89,4,4,1,29.8
402676.2,40.51,3,1,1,29.87
2001135.37,85.04,3,3,0,42.27
2108323.33,32.48,3,1,1,27.65
2312987.37,94.87,1,4,1,14.82
984553.74,27.01,2,3,0,26.18
3679899.08,30.73,1,1,0,5.45
478034.2,66.62,8,4,1,30.43
611247.84,23.69,2,3,0,45.81
206520.87,85.55,7,4,1,26.54
298934.35,19.34,3,3,0,14.68
633581.93,93.58,4,3,1,20.34
422551.49,84.34,7,3,1,45.1
220521.45,81.37,4,1,1,40.67
754441.84,44.61,2,2,0,40.18
441750.48,53.66,2,4,1,28.25
385427.28,48.79,3,4,1,19.88
551927.69,93.93,5,4,1,6.71
638427.61,12.96,2,3,1,48.78
827659.61,42.45,2,5,0,9.04
149369.0,92.31,5,3,1,12.68
369695.38,41.4,6,3,0,38.24
965391.34,43.86,2,2,1,17.6
426774.97,63.66,3,4,1,29.24
354035.87,87.12,5,3,1,38.11
245475.48,35.03,9,3,1,27.85
304000.54,90.55,4,1,1,24.59
204423.3,34.02,4,1,0,2.63
650905.72,79.31,9,1,1,24.43
193711.7,33.45,7,2,0,22.81
935462.89,16.2,2,2,1,44.04
606066.12,79.05,6,4,1,22.42
4119073.23,48.26,4,4,1,31.53
313230.88,43.21,3,4,1,38.71
371010.7,46.54,7,3,1,23.44
648437.85,61.98,2,3,0,13.12
205010.33,32.33,7,4,0,44.71
1287062.16,30.17,1,3,0,44.79
252284.49,51.09,4,1,1,45.0
644746.76,13.03,3,3,1,13.71
163711.41,64.64,5,3,1,15.84
583223.1,79.94,6,3,1,45.95
683095.17,71.83,3,2,0,6.38
1277369.96,49.89,2,4,1,32.83
249827.85,58.06,6,4,1,14.69
530229.57,12.23,3,2,0,36.09
235614.73,87.55,10,3,1,41.7
140879.4,57.44,7,4,1,20.46
319901.31,36.89,5,1,1,7.64
591895.11,34.95,2,2,1,36.64
581003.19,66.07,2,3,1,2.88
186369.17,59.67,3,4,0,0.85
1107152.09,25.97,4,4,0,43.87
656665.19,44.84,2,2,1,40.86
796982.28,67.48,5,3,1,29.14
627510.65,35.3,6,2,1,33.3
183315.18,53.29,5,3,1,47.63
1031942.24,31.66,1,3,1,3.23
2303654.69,16.09,4,3,1,10.91
1417295.74,43.0,4,1,1,36.49
277945.06,72.23,7,1,1,13.28
289231.4,28.18,8,1,1,10.44
339489.33,74.13,4,4,0,22.17
428331.27,66.91,6,1,0,36.21
429801.42,53.13,3,2,0,10.61
195238.17,92.57,3,5,1,21.53
448614.56,85.09,2,1,1,25.99
251001.48,57.87,8,1,1,8.69
167644.37,57.41,6,2,0,23.89
1904316.14,33.61,1,2,0,43.31
208098.22,88.22,5,3,1,37.33
177136.78,86.15,7,2,0,25.22
1654074.18,73.07,2,2,1,6.35
460031.58,20.87,5,5,1,1.27
657098.4,69.81,3,2,1,3.46
1679877.12,31.51,2,3,1,37.54
881828.5,26.05,3,4,1,35.25
4722920.78,74.53,1,5,1,37.33
501556.81,91.58,3,3,0,15.43
306441.18,19.26,5,5,1,4.59
181660.81,23.94,5,4,1,35.75
306561.5,28.63,5,3,1,46.13
884314.08,91.85,4,3,1,22.66
865060.31,69.19,5,2,1,38.24
1175931.09,67.65,3,3,1,36.43
225228.92,52.93,3,3,1,42.7
1898813.83,55.7,2,2,0,1.52
219317.68,34.66,3,4,0,47.77
849646.82,23.14,4,2,0,43.28
318026.94,76.32,5,4,1,43.84
1007424.57,50.01,3,2,1,49.82
297128.12,31.76,3,2,1,32.01
1334528.08,63.79,3,4,1,4.18
411624.98,27.8,2,2,1,41.16
442552.67,51.55,3,4,1,6.83
272351.52,26.17,4,4,1,36.92
230686.93,74.57,3,2,1,21.26
699488.23,37.27,3,1,1,0.43
5859960.79,47.54,1,2,0,21.85
4911038.34,74.16,2,4,0,39.85
700592.15,66.07,3,4,1,4.46
774963.22,43.97,5,2,1,0.21
2279021.59,16.04,1,2,1,22.69
891550.74,88.34,3,1,1,0.17
538260.82,10.67,3,2,0,46.74
445792.22,72.44,5,5,1,41.26
1368656.34,90.36,2,2,0,31.54
700659.27,36.07,2,1,1,0.96
473169.55,16.41,4,4,0,28.53
957225.95,31.21,2,3,1,33.59
651090.6,36.64,5,3,1,29.41
149413.15,48.36,7,3,1,47.35
640793.41,54.65,3,4,1,41.58
1248889.57,71.65,5,3,0,18.32
1328849.12,86.58,3,3,0,34.77
1113716.38,49.51,4,2,1,23.11
223559.87,73.44,9,4,1,46.42
1201944.67,20.81,2,2,1,30.94
1205891.17,37.95,3,3,1,29.15
1685446.43,20.04,3,3,0,25.08
204930.46,68.8,3,3,1,18.95
300175.6,87.15,3,3,0,7.49
1087478.31,85.57,4,3,1,13.77
559754.79,37.75,3,4,1,16.69
165632.37,29.91,8,2,1,7.79
186850.76,33.29,5,3,1,40.65
473722.83,34.42,3,3,0,0.21
427381.04,16.99,2,3,0,45.8
2317603.59,21.33,3,5,1,6.5
978123.47,28.23,2,3,0,2.64
478750.72,10.69,4,3,1,49.76
564337.69,14.01,5,4,1,49.99
1177371.32,69.38,3,3,1,9.67
874352.19,62.64,4,3,1,6.78
1887995.02,90.36,2,3,1,9.97
678979.01,44.15,2,2,0,25.62
1658260.83,47.77,1,4,1,16.13
629059.47,15.76,5,1,0,16.88
481640.99,22.94,3,4,0,40.5
395338.69,68.79,5,4,1,44.52
314839.01,29.98,8,2,0,48.49
529321.66,75.73,6,2,0,25.79
341206.87,69.98,2,2,1,12.38
1014833.48,73.52,3,4,0,27.79
344664.81,68.7,5,1,0,43.57
606243.33,70.15,5,3,0,1.64
1053413.84,56.48,3,2,0,45.57
1734338.7,67.65,3,4,1,11.4
1488768.61,54.73,3,3,0,15.59
1111975.41,27.52,4,3,0,18.27
1178682.48,28.5,4,2,0,45.7
1180773.41,44.45,2,2,0,8.88
505355.13,11.18,4,2,0,11.23
669477.17,85.59,5,3,1,36.58
1538166.05,32.8,2,5,1,46.74
823577.62,14.38,2,2,1,5.33
631971.57,46.08,4,3,1,26.16
388288.62,79.33,5,2,1,45.73
296957.97,43.77,4,3,0,44.32
1075162.19,32.33,4,3,1,47.43
512381.73,56.32,4,3,1,45.12
1694554.77,58.82,4,3,0,15.8
249220.26,74.53,3,4,1,10.48
283933.35,77.98,5,1,1,45.08
1010985.47,70.03,2,4,1,35.63
1307747.0,10.39,3,3,0,18.99
419963.11,10.18,6,2,1,35.68
796252.29,93.08,3,2,1,15.43
201632.86,32.46,5,4,0,29.11
198074.25,34.0,5,3,0,11.74
601516.01,72.24,4,4,0,28.13
437306.33,59.43,2,2,1,46.17
360259.18,49.4,4,2,1,38.59
892639.52,19.9,3,5,1,32.84
274940.8,16.93,4,5,0,12.38
1298758.31,69.81,4,4,1,3.26
688728.44,20.59,6,4,1,35.56
386157.59,47.04,2,3,1,28.85
566612.02,72.57,2,3,1,10.71
167698.23,88.47,3,3,1,46.74
206630.14,84.25,6,5,1,27.65
785078.29,83.44,4,4,1,28.64
386686.15,40.47,4,3,1,15.01
1307112.63,88.81,2,2,1,43.98
198849.8,68.11,4,5,0,44.58
800099.03,85.35,4,3,0,35.79
236848.27,17.56,6,5,1,5.05
499322.49,13.36,4,4,0,4.31
625097.56,46.52,3,1,0,23.52
308185.95,80.38,3,3,1,7.19
124083.23,44.73,8,4,1,16.66
1771840.69,85.2,2,1,1,8.65
1259528.64,29.96,2,4,1,15.57
930739.83,13.34,4,3,0,47.15
401529.17,74.71,6,1,0,37.69
720126.44,63.22,3,2,1,7.0
117316.91,47.41,6,1,0,33.48
561949.74,81.85,3,1,1,1.62
650149.18,80.05,3,4,0,49.18
1600089.24,37.59,4,4,1,26.63
427737.01,81.23,7,2,1,25.32
4983468.58,39.34,1,1,0,12.09
945917.22,62.86,3,1,0,22.95
258792.06,26.36,5,5,1,26.36
265888.68,32.46,8,3,1,32.94
761558.22,48.07,3,2,1,2.39
282155.13,36.74,4,3,1,17.17
262395.48,20.98,6,5,1,19.41
438118.83,51.0,4,4,1,7.54
1731951.93,53.47,3,3,0,12.07
81279.21,23.49,7,4,1,11.91
583955.99,24.82,7,4,1,40.54
226044.0,12.49,5,1,1,34.39
145073.1,12.58,6,5,0,46.15
1341572.5,40.48,3,4,0,15.56
1025331.52,22.47,3,3,0,44.09
1402965.73,88.12,3,3,1,43.2
534272.72,26.95,6,2,0,22.45
1705915.78,15.61,4,4,1,31.52
1386214.38,44.35,2,3,1,29.94
601692.19,26.36,3,3,1,15.46
1217863.49,15.25,2,2,1,13.18
2090542.79,73.98,2,2,1,8.53
621087.73,57.35,2,5,0,41.9
268184.09,14.85,5,3,1,26.72
235322.89,49.78,7,4,1,16.98
140218.33,13.3,4,4,1,25.55
538505.34,40.12,4,5,1,4.12
213141.28,40.88,3,5,1,5.39
511724.27,79.95,4,3,0,37.99
833075.45,72.5,4,5,1,45.07
297877.08,86.24,5,2,1,16.08
1807865.15,21.94,3,3,1,20.52
165092.56,55.37,5,4,0,18.75
1013035.72,11.72,4,5,1,24.0
743250.1,80.17,4,3,1,20.76
236042.64,41.16,3,3,1,19.37
3361387.16,15.89,3,4,1,33.03
272622.32,37.6,7,3,1,13.68
234233.01,34.39,5,3,1,47.14
426172.94,75.11,2,4,1,15.49
347510.89,20.76,5,4,0,10.81
612279.15,57.24,3,2,0,48.6
527177.7,77.48,4,3,1,11.52
829165.56,72.86,2,1,0,26.88
483195.07,89.55,6,4,1,16.51
785656.47,10.05,2,1,1,3.97
206986.58,40.07,3,4,0,47.65
906399.94,41.41,2,3,0,18.78
119756.89,12.83,4,2,1,32.28
612906.71,79.47,4,4,1,43.13
367253.48,68.56,3,2,1,27.69
437389.03,54.89,5,2,1,35.67
2181008.21,44.43,2,3,0,39.25
224428.59,86.11,5,2,1,19.14
937019.52,32.48,4,2,1,31.48
509586.03,38.44,3,3,0,10.38
2838452.88,90.97,2,1,0,2.86
530882.58,15.49,3,4,1,49.34
299362.31,76.35,4,2,1,4.72
598933.08,71.04,5,3,1,21.49
763279.06,86.66,2,3,1,3.46
299190.55,17.7,4,5,1,46.14
496174.92,92.49,3,1,0,5.55
275770.96,12.45,7,5,1,39.35
1109049.3,38.7,4,2,1,35.82
69031.82,17.21,9,4,1,2.35
402081.66,14.35,5,1,1,36.09
1442365.42,92.0,2,5,0,48.47
742261.48,71.17,3,4,1,26.1
1450337.45,52.98,3,1,1,14.55
210695.29,19.2,9,2,0,27.29
1774925.72,54.71,1,3,0,6.14
707224.45,37.2,4,3,1,47.8
300642.8,33.08,7,3,1,18.33
392173.8,62.54,4,3,0,22.9
2702496.2,77.23,1,4,1,20.13
446801.96,47.68,3,2,1,1.49
343519.57,51.93,4,2,1,1.81
288879.72,65.37,5,1,0,28.16
2232637.8,20.59,2,2,1,25.17
41006.26,80.43,7,3,1,49.33
628483.43,81.14,4,3,0,13.24
404790.6,55.99,5,4,1,18.49
241075.5,25.94,3,2,1,49.39
397947.99,52.56,6,3,1,2.49
439631.31,19.0,6,2,0,32.17
313815.01,74.88,9,5,1,5.17
80778.43,36.45,5,3,0,47.33
1500368.58,36.44,3,3,1,14.48
318399.96,90.33,4,3,1,40.72
997820.18,45.86,3,2,1,45.57
1546487.96,77.11,2,2,0,42.37
292929.54,64.16,4,3,1,27.89
736733.58,36.87,4,5,0,48.67
786664.3,20.52,2,2,0,33.86
286079.93,77.81,2,3,1,39.33
1997681.82,74.81,2,3,1,12.28
415135.7,24.38,3,3,1,20.98
395810.81,31.17,3,3,0,29.95
778413.61,75.13,2,2,1,7.38
2334578.77,93.61,1,3,0,48.29
638594.83,81.71,3,2,1,5.57
918252.67,68.15,3,3,1,36.67
221906.64,87.81,4,2,1,3.0
158756.46,34.25,8,1,1,5.22
462363.84,10.82,4,1,1,31.2
2063925.04,37.28,3,4,1,22.68
1851881.07,92.61,1,1,1,0.28
1901181.66,84.97,2,2,0,19.74
1014580.64,14.28,2,2,1,12.58
296667.39,52.67,5,1,0,43.59
427483.51,16.72,4,3,1,35.43
597396.24,77.07,3,4,0,36.9
712042.64,41.67,4,5,0,47.55
1507788.36,87.52,3,5,0,35.52
820112.02,14.63,3,1,0,8.11
673664.26,72.39,6,2,1,46.87
158770.65,43.95,7,3,1,5.74
220866.02,32.8,7,4,1,9.71
213984.53,53.98,6,2,1,14.33
478891.26,51.27,5,3,0,8.84
399644.47,39.65,4,3,1,1.01
1024024.97,65.15,3,2,0,23.01
226831.12,66.21,5,3,0,34.43
1017308.94,16.56,2,1,1,21.12
997993.91,60.61,3,3,0,11.82
114849.79,70.41,5,2,0,44.16
1770343.98,16.45,4,2,0,19.48
418241.59,66.03,4,2,1,41.96
196096.81,78.34,3,4,1,9.01
726681.86,80.72,3,4,1,16.74
674315.78,13.54,3,4,0,40.2
471922.01,69.28,4,2,1,1.62
718755.67,77.74,5,2,1,46.03
776205.53,43.73,4,1,1,19.89
474154.17,56.14,5,3,1,48.9
865862.23,32.53,3,2,0,35.1
372483.13,36.37,5,2,0,47.47
1438339.88,52.64,4,2,1,3.4
272085.08,22.85,3,3,1,36.13
431211.12,41.49,5,2,1,43.79
687215.01,35.62,3,5,1,49.38
645984.2,30.25,5,4,0,1.77
132781.88,51.13,9,1,1,4.25
174120.36,81.29,4,2,1,36.61
544595.96,30.59,4,1,1,2.04
2347210.82,66.08,1,2,1,0.67
969292.53,31.61,5,2,1,27.3
308405.42,22.08,3,4,0,26.52
991051.62,90.18,4,4,0,30.71
1641318.94,63.83,5,1,0,0.8
225805.87,18.89,7,3,1,25.21
130551.69,63.77,7,5,0,14.41
776590.3,24.99,2,3,0,37.83
666496.85,85.46,3,5,1,17.48
556173.08,31.04,5,2,1,17.89
695242.5,78.58,2,3,0,32.75
1680340.2,26.93,3,3,1,33.07
338631.69,57.45,3,5,0,3.01
139670.17,87.55,5,2,1,31.34
962926.05,35.16,4,5,1,32.93
101294.71,16.92,5,3,0,22.93
350839.53,56.97,5,2,0,41.41
4290854.22,24.65,3,1,1,0.55
393696.65,71.91,5,2,1,48.42
144585.93,60.22,7,1,1,18.86
383127.69,39.44,5,3,0,29.83
384647.12,69.98,5,3,1,1.81
545847.88,30.27,4,4,1,35.47
737531.02,87.95,4,4,1,27.23
265730.77,39.49,4,5,1,48.02
1364412.47,74.85,4,1,1,21.18
765631.51,31.97,3,2,0,36.12
1022196.33,70.76,3,3,1,3.8
272031.31,12.68,5,1,1,3.32
1072534.31,35.12,4,1,0,47.46
849685.34,17.9,2,3,1,12.74
468407.35,48.35,5,4,1,45.63
283181.13,46.98,4,4,1,4.47
363388.84,40.52,3,5,1,31.92
749100.79,93.4,4,3,1,27.62
506471.64,30.75,3,5,1,48.31
593955.08,77.24,2,1,0,20.26
336985.65,48.03,4,4,1,2.52
1507894.19,38.46,2,2,1,23.76
679715.84,27.29,2,5,1,41.23
461904.15,63.84,4,2,0,2.72
2000717.95,38.36,1,4,0,1.91
104592.93,79.1,6,3,1,41.11
205054.24,92.32,4,2,0,41.22
1213015.0,29.31,2,1,1,10.08
424713.5,20.94,3,4,0,32.91
3737901.62,36.82,1,2,1,3.31
1180527.55,49.7,3,3,1,38.3
1017530.24,35.58,3,1,1,15.33
1969422.25,92.49,3,3,1,11.6
471583.77,76.23,4,2,1,33.91
1463266.72,92.12,2,3,0,45.59
279266.42,41.73,5,5,1,2.17
1727151.43,35.9,5,5,1,7.27
2172888.41,44.63,3,2,0,12.86
665647.79,54.44,3,1,1,46.4
625094.04,73.03,4,1,1,43.87
2240996.92,84.89,2,4,0,45.37
363043.66,49.37,5,2,1,18.98
668557.96,34.58,2,2,1,11.66
1674870.94,37.1,2,2,1,9.66
519576.42,69.24,4,4,0,44.11
442572.14,58.24,5,5,0,11.64
240385.53,51.35,5,4,1,26.59
117905.32,27.24,6,4,0,16.65
1142281.65,84.41,2,3,1,25.0
487510.48,76.39,7,3,0,17.35
192392.22,21.95,9,4,1,14.72
782381.88,41.23,6,1,0,21.42
185672.58,56.08,7,1,1,16.71
263256.2,48.62,4,3,1,42.0
1904370.02,43.81,1,2,1,29.07
471724.35,71.1,4,3,1,8.89
1049022.1,14.63,3,4,1,11.87
311367.12,50.07,4,3,1,2.77
901142.45,32.29,5,4,1,15.05
3226804.86,17.19,2,3,0,33.51
484183.49,49.52,4,2,0,9.23
1049193.04,24.57,4,2,1,5.05
175315.47,31.95,6,1,1,16.12
539945.12,53.1,7,1,0,30.66
1238923.67,92.77,3,1,1,23.69
665720.01,68.16,5,2,1,16.68
491082.68,33.77,4,2,0,44.16
84217.35,42.5,4,2,1,23.48
449706.95,44.52,3,3,1,22.81
340495.1,23.06,4,4,1,1.68
551225.83,23.66,2,2,1,32.0
533413.1,22.61,4,4,1,23.02
514015.99,54.34,3,1,0,7.34
604456.88,67.31,2,5,0,12.26
210088.05,60.21,5,2,1,10.2
430232.02,93.11,3,4,0,6.19
647672.25,20.7,6,2,1,21.83
266717.96,93.85,5,5,1,18.23
363939.31,49.67,4,4,1,18.07
251254.58,28.58,6,2,1,12.65
809995.38,90.18,3,3,0,21.88
372443.1,49.83,7,1,0,27.42
106360.95,39.52,3,2,0,30.61
1220009.06,28.17,3,2,1,11.07
1173529.53,32.77,4,3,1,36.42
263970.79,93.23,4,1,1,1.45
276599.72,35.84,4,3,1,37.55
378341.92,93.11,4,3,1,14.22
179959.56,38.07,7,2,1,18.56
377980.03,29.67,6,2,1,29.08
123333.45,25.59,5,3,1,30.56
253456.9,45.01,4,1,0,21.12
1664284.79,30.13,3,2,0,46.9
378683.38,69.24,3,3,1,42.93
2090491.55,30.38,2,2,0,11.33
817977.93,81.01,3,2,0,29.49
167400.6,80.89,4,4,1,36.08
725708.11,34.27,4,5,1,10.93
369520.58,74.05,5,4,1,1.02
1508640.94,82.89,1,1,1,48.78
1148338.96,60.16,2,2,0,47.92
659004.56,41.14,4,4,1,16.09
757865.14,47.48,4,5,1,12.03
574377.18,76.83,7,2,0,7.82
844305.15,34.93,3,4,1,34.39
217145.99,38.43,4,4,1,37.79
497425.18,23.67,3,5,0,21.08
1932006.26,43.92,6,1,0,12.22
765588.64,17.35,4,2,0,22.49
2738607.37,37.29,3,3,1,25.87
2290116.55,41.75,2,3,1,27.22
764111.47,31.72,3,3,0,22.22
215981.7,18.62,11,5,0,0.29
387943.14,54.34,5,4,1,23.64
116489.66,83.53,6,1,0,17.43
501086.49,38.53,4,3,1,27.87
1024904.88,30.13,4,3,1,3.56
461207.68,34.23,3,5,1,43.97
634680.78,83.26,4,3,1,43.78
1101675.04,54.86,3,3,0,28.25
1148757.79,21.12,1,2,0,36.88
504138.34,70.28,3,3,1,21.95
269132.4,23.12,4,2,1,29.56
403563.19,15.12,3,3,1,30.92
228923.34,31.73,4,4,1,17.76
165019.8,24.29,7,1,0,48.05
2323362.92,61.42,2,3,0,30.17
286192.35,51.19,4,5,1,49.53
1069528.39,71.55,2,2,1,21.68
244389.68,53.48,6,2,1,1.71
804423.9,45.62,5,3,0,15.19
1451466.65,54.73,3,4,1,32.57
832465.97,46.93,4,3,0,45.53
794182.41,13.15,3,3,0,30.8
575360.45,67.86,3,1,0,23.64
161638.19,91.78,6,5,0,4.13
3181839.82,45.87,2,2,1,7.32
418982.28,46.02,3,2,0,2.77
492095.63,13.89,6,3,1,35.59
936069.48,85.68,4,3,0,41.57
236823.93,88.98,6,3,0,8.31
1848084.65,79.12,2,3,1,16.33
784054.3,19.04,4,4,1,24.01
931935.45,86.52,6,1,1,7.23
299225.94,12.04,5,3,1,20.87
305550.18,47.79,3,3,1,48.34
488011.31,52.55,3,1,1,35.99
561865.49,80.89,4,4,1,8.43
513309.0,73.82,4,1,1,5.03
260974.45,77.75,6,1,1,22.31
157658.59,83.77,4,1,1,49.4
876487.31,50.47,3,2,1,39.68
924951.46,76.32,7,2,1,14.73
436608.1,15.78,6,2,1,1.41
571513.51,47.79,5,3,0,20.62
698837.01,12.56,4,1,0,8.11
419353.09,87.8,6,4,0,9.1
495384.46,91.47,7,2,1,8.2
2513594.12,17.13,1,3,1,36.01
234798.63,55.27,7,1,0,1.89
409951.59,37.64,3,2,1,28.28
426906.99,39.12,4,1,1,37.65
399000.61,48.31,6,2,0,7.9
410058.81,20.63,4,3,0,44.66
598576.04,25.37,4,3,1,4.0
516098.11,59.08,5,2,1,34.17
1089571.84,11.59,3,4,1,8.68
856182.7,60.98,5,2,1,40.32
1038883.64,37.11,2,1,0,28.61
150779.62,80.74,6,2,1,29.5
537307.19,61.0,3,3,1,17.37
678625.87,70.19,3,5,0,14.23
94148.5,19.73,7,3,1,23.22
1140416.78,32.6,4,3,0,37.91
719861.75,94.72,3,1,0,8.49
830845.73,46.86,3,4,0,40.83
1124693.95,40.5,4,2,1,24.04
271706.14,84.28,5,4,1,22.67
932675.74,12.81,3,5,1,0.93
309378.91,55.46,6,4,0,6.3
887710.27,27.87,2,3,0,21.66
311885.12,41.29,4,3,1,49.07
1795420.19,26.98,3,3,1,12.58
395697.62,13.21,4,1,0,0.61
1005571.16,45.4,3,4,1,21.85
91957.83,77.08,7,3,1,0.9
1341609.85,90.92,3,3,0,16.88
931948.03,63.03,4,2,1,17.77
420425.49,43.05,5,2,0,0.22
432587.61,75.44,4,4,1,39.0
420096.84,52.94,6,2,1,45.65
1957111.14,41.25,4,4,1,49.94
114725.6,25.22,6,5,1,25.49
792479.62,77.67,4,4,1,15.4
382474.53,52.54,3,1,1,35.9
979602.13,91.92,2,4,1,36.85
854374.37,78.16,2,3,1,19.02
1533416.86,45.7,1,2,1,28.32
492587.09,72.97,4,1,1,41.11
334664.9,48.54,3,2,1,9.54
1225544.72,16.79,3,1,1,1.12
337853.18,53.92,2,1,1,27.03
548213.89,83.59,5,5,1,33.25
325996.06,82.71,5,4,1,28.79
140299.53,58.87,7,4,1,29.85
1119377.0,42.3,2,2,1,19.72
194762.27,10.86,4,1,1,32.61
2030572.42,36.47,1,3,0,2.24
422154.51,94.13,2,4,0,7.64
290552.24,71.75,9,5,1,22.3
284671.52,71.0,4,4,0,47.16
504231.77,74.69,3,4,1,32.26
788397.23,62.71,3,2,0,17.83
415759.58,59.8,3,2,1,22.95
478746.85,48.56,4,2,1,42.3
159893.59,47.73,5,1,0,27.17
1447542.98,84.02,2,4,1,2.49
952827.17,43.44,6,5,1,20.9
1764831.63,81.42,6,2,1,19.46
418847.84,81.21,5,4,1,45.0
1590844.08,75.53,2,1,0,15.34
97315.59,13.2,7,3,1,3.33
2442404.14,22.58,2,3,1,17.81
526484.74,36.75,6,2,0,2.29
370773.1,82.04,4,4,0,41.63
1041335.02,84.23,4,2,1,29.55
243142.8,13.53,7,3,1,23.52
1506327.14,37.6,1,4,1,18.06
1318563.94,82.28,2,2,0,20.94
209514.74,31.22,5,4,0,39.41
610000.7,92.96,6,4,1,9.08
95655.73,51.59,11,2,0,3.66
263991.65,89.67,4,3,0,28.13
229750.27,46.45,5,3,1,42.96
446765.83,37.52,7,3,0,28.16
456490.19,40.8,3,3,1,39.83
220776.94,85.17,4,1,1,44.65
172327.23,38.11,8,4,0,3.94
486250.99,66.89,4,2,1,29.5
162698.98,49.94,6,1,1,41.65
198700.4,90.04,5,3,0,32.21
1172933.38,23.55,6,3,1,29.62
295778.58,46.44,4,5,0,39.42
408350.12,20.59,4,4,0,35.39
227236.74,59.14,7,2,0,25.13
769917.57,44.25,2,5,1,2.3
719645.27,15.18,4,2,1,30.71
1751071.75,82.24,2,4,0,10.74
550077.83,41.92,3,2,1,12.78
188843.73,51.96,5,1,0,34.01
1419835.88,44.64,3,4,0,22.71
468129.85,51.54,4,2,0,35.87
1866509.75,11.39,3,2,0,19.69
171791.39,79.31,3,4,1,43.51
445879.5,38.25,5,2,1,21.41
3134614.07,71.58,2,1,1,24.74
534682.95,15.52,3,3,1,6.4
577285.17,54.53,3,4,1,25.23
789136.61,87.25,3,1,1,12.07
708974.85,43.85,2,3,0,38.17
548062.47,26.77,3,1,0,35.73
269831.1,18.42,6,1,0,0.89
272150.27,83.02,5,2,0,24.74
828917.59,30.3,5,3,1,2.37
653666.43,92.88,4,2,0,28.51
576126.53,31.06,4,3,1,45.09
3220807.31,50.88,1,3,0,43.37
563980.08,48.93,3,4,1,12.27
623017.9,15.27,2,4,1,7.09
690573.88,55.21,2,1,1,39.57
330813.6,67.17,6,3,1,27.35
262545.22,73.08,4,3,0,21.25
734317.08,54.42,2,4,1,40.54
290945.75,79.07,5,1,1,12.7
1182302.38,73.93,6,3,1,11.31
125128.78,26.49,3,4,1,30.64
890092.78,44.14,2,2,0,13.7
1116800.39,22.12,5,2,0,21.4
355523.71,21.34,6,3,1,22.8
519328.04,70.53,6,5,1,10.33
701715.62,55.09,3,3,1,3.18
221425.29,61.08,6,3,1,38.36
103302.05,72.24,5,1,1,39.2
448576.94,33.56,5,3,1,29.96
311246.87,44.12,4,2,1,7.52
1226651.62,61.58,1,2,0,23.86
244959.5,18.21,6,3,1,8.98
1882863.95,80.81,3,2,0,44.08
1398824.86,39.19,6,1,1,34.89
376459.33,65.99,6,4,0,1.67
500082.01,94.62,3,4,0,0.18
163065.08,50.41,6,3,0,49.19
437733.09,28.28,6,4,0,2.09
1926337.46,28.4,3,2,1,43.31
244186.03,15.13,7,2,0,47.8
158576.13,75.2,3,3,0,15.47
740984.84,34.94,4,1,1,27.05
895328.05,24.68,4,4,1,32.41
109379.9,70.66,7,3,0,26.07
314890.54,36.28,7,2,0,10.75
866418.49,61.04,3,3,1,29.1
948833.33,45.52,2,2,1,13.01
246742.25,38.4,5,2,0,8.33
911883.91,51.6,4,3,0,25.33
518844.69,36.67,3,3,1,18.66
162665.36,84.0,5,3,1,1.47
289864.29,16.21,2,3,1,47.49
1056228.76,12.56,4,4,1,2.07
956834.86,44.54,3,1,1,45.16
696742.96,24.69,3,4,1,9.57
253742.63,73.22,6,2,0,7.18
481176.13,40.04,3,2,1,3.55
519909.91,32.22,2,3,0,21.34
382633.26,40.55,4,5,1,29.38
555679.89,28.66,1,1,1,45.2
318719.74,35.47,4,3,0,39.21
411326.73,58.28,4,3,0,8.07
1429422.18,83.44,2,3,1,8.47
967912.47,41.52,2,1,1,0.51
798635.17,37.26,4,3,0,34.42
636392.58,76.45,7,1,1,0.97
935286.05,11.91,4,1,1,7.01
525900.86,35.68,5,3,1,31.76
399384.42,48.43,5,4,0,7.6
366925.79,61.06,3,4,0,7.75
1030293.37,23.27,3,1,1,11.78
1810721.86,46.79,3,2,0,19.32
1217264.2,58.14,2,1,0,0.49
1566040.67,53.37,4,2,1,37.33
264618.56,58.84,3,3,1,38.71
248005.85,66.3,4,3,1,18.4
1656096.23,42.25,2,2,0,39.93
580868.55,15.41,4,4,1,14.31
726875.03,14.72,6,3,1,49.29
654812.84,82.99,3,3,0,19.95
588932.92,67.58,2,4,1,33.47
872132.7,74.96,2,2,1,16.19
112925.03,88.95,7,2,0,22.6
125920.25,73.8,8,3,1,32.29
3553581.05,68.85,1,4,0,17.44
3347326.24,65.74,1,3,1,32.86
1232623.51,31.98,2,1,1,7.39
352993.99,91.37,2,5,1,24.24
399777.53,56.07,4,4,0,13.72
190148.79,28.88,5,4,1,46.01
1004123.51,27.84,4,3,1,41.25
349225.23,79.3,4,3,1,24.42
344530.91,31.27,3,5,1,22.74
336420.87,13.52,6,3,1,41.72
337598.62,46.42,4,2,1,34.55
804910.91,79.47,6,5,0,34.2
425279.2,45.23,3,3,0,27.46
285458.16,78.3,3,1,1,43.13
272421.21,80.31,2,3,0,9.56
389294.03,82.91,5,1,1,43.11
283057.13,60.06,5,3,1,26.08
280420.33,69.46,3,4,1,31.1
1349066.71,32.26,3,3,0,48.12
493159.35,18.47,6,2,1,21.28
487368.07,55.29,4,4,0,33.43
1498512.43,10.9,3,5,1,26.15
590121.49,49.59,5,2,1,46.59
242037.64,18.68,5,3,0,24.43
1062853.58,19.22,1,5,1,12.88
404880.56,84.02,8,2,0,24.19
419182.1,64.44,6,2,0,45.85
731780.86,64.84,3,3,0,25.09
397714.24,44.38,3,1,1,7.39
713882.87,45.13,4,2,1,27.13
210016.46,35.76,6,3,0,19.44
621689.29,46.92,3,2,0,32.52
1574666.72,59.91,3,3,1,12.14
444580.83,25.86,3,2,1,16.18
154317.67,32.24,5,1,0,25.88
131798.58,52.05,8,4,1,6.0
900121.41,42.71,4,3,0,10.6
462037.24,79.66,5,4,1,40.09
262173.93,79.84,7,2,0,46.97
486957.16,38.56,3,1,1,48.48
530607.59,48.32,5,1,1,46.87
1191277.82,93.01,1,4,1,47.11
793958.96,80.34,3,3,1,41.07
319640.72,28.33,4,5,1,36.81
289268.33,33.82,4,4,0,11.67
193222.45,17.1,7,1,0,22.14
395719.6,67.61,4,4,1,19.96
320918.55,36.94,6,2,0,36.54
570905.58,55.61,4,3,1,23.82
54213.57,75.29,4,3,1,18.07
407093.18,81.06,3,1,1,40.72
522534.21,37.66,3,1,1,37.52
1630545.1,30.17,3,3,1,18.5
345720.58,82.13,3,3,1,21.02
312315.08,42.41,7,2,0,44.67
1215570.2,79.87,4,3,0,36.66
901863.88,22.73,1,2,1,34.53
627871.48,87.51,4,3,1,35.61
204204.54,51.07,6,3,0,5.2
292957.21,24.46,5,4,1,28.22
306152.66,55.48,4,5,1,14.62
1278100.58,83.95,1,5,1,4.33
2537913.71,43.09,4,2,1,36.58
658181.24,25.14,5,3,0,15.29
768045.92,59.01,5,3,1,15.57
532723.7,80.93,5,4,1,32.03
126056.62,20.32,6,2,1,33.35
628241.81,13.52,4,3,0,23.76
754884.36,14.78,5,3,1,27.87
396070.71,29.59,3,1,0,42.46
884609.55,10.62,4,3,1,5.44
1512772.39,46.44,2,2,0,3.36
1505942.74,69.31,4,2,1,32.85
771570.26,70.39,2,2,1,30.23
256565.44,64.12,4,1,0,9.38
399004.82,35.18,4,1,1,26.14
2345936.91,72.55,2,3,1,37.31
330978.7,59.0,2,5,0,36.61
81884.45,83.2,7,3,0,29.83
348668.78,50.63,6,2,1,6.61
506780.95,25.31,3,2,0,15.27
663991.38,63.95,3,3,1,20.35
1165399.81,22.82,3,4,0,39.43
355814.22,91.87,4,2,1,27.24
128895.67,69.78,5,3,1,36.69
6761051.17,74.29,1,3,0,46.18
217994.5,67.74,5,5,1,31.23
175048.48,18.29,6,3,0,11.93
1281599.83,49.55,3,4,1,7.07
393569.19,65.37,4,1,0,0.13
636254.42,29.5,3,2,0,8.86
1324475.24,67.76,2,3,1,13.53
1266208.52,79.69,3,3,1,13.56
405805.49,33.37,4,4,1,33.39
1233883.22,26.97,4,3,0,7.6
110093.16,85.07,5,2,0,21.83
625579.96,10.44,5,3,1,0.34
171163.29,31.74,7,4,1,13.13
2258509.43,44.57,2,4,0,2.15
359858.87,67.14,6,5,0,35.51
220686.26,94.75,6,2,1,17.78
737786.89,41.52,4,3,1,24.06
484078.74,90.65,7,2,0,38.1
364286.14,41.18,8,2,1,43.16
213788.9,69.12,5,1,0,25.88
370754.49,24.06,4,4,1,32.52
329653.32,49.13,6,5,0,36.83
483569.27,84.06,4,1,1,14.34
444158.67,37.2,7,4,1,35.39
295940.02,18.94,2,2,0,32.72
1211595.99,54.43,2,3,1,22.21
555375.03,47.36,3,4,0,17.1
299720.39,29.51,4,3,0,48.69
253995.04,86.98,5,2,1,49.32
435819.32,61.14,4,5,1,34.79
45702.63,39.51,5,3,1,19.27
433919.35,94.67,3,5,1,37.6
1172338.59,21.69,1,4,1,33.99
909870.57,82.08,3,4,1,27.29
305709.21,29.6,4,2,1,6.68
580891.59,30.36,3,5,1,47.34
1250521.99,52.34,4,4,0,11.72
900149.87,66.27,4,2,1,19.72
681413.73,68.69,5,4,1,17.19
1468976.62,11.88,1,4,1,7.77
686612.25,34.38,4,4,0,1.32
344628.88,66.15,5,1,0,46.5
440669.18,85.63,4,1,1,37.0
507054.26,66.94,5,3,1,1.13
277164.35,32.6,5,2,0,34.42
2428185.14,53.16,2,1,0,6.57
600374.93,65.04,3,2,1,36.23
957809.37,21.5,3,4,1,25.31
1582866.5,56.32,3,3,1,48.89
736418.87,50.09,5,3,0,21.67
425704.77,38.62,2,4,1,37.47
517880.41,63.0,5,2,0,2.16
3303297.06,64.08,1,1,0,46.78
564309.62,92.57,6,2,1,28.17
203329.93,46.41,5,5,1,15.78
334196.52,55.16,4,3,1,6.43
3601046.09,23.39,1,3,1,32.08
418457.87,56.61,3,4,1,37.34
1656441.8,13.07,1,1,0,4.36
1701316.97,22.74,3,4,0,8.32
385340.46,24.56,5,2,0,19.33
427334.87,63.77,3,2,1,42.6
292767.84,58.22,4,2,0,49.15
1210427.81,77.83,2,2,1,37.28
297003.41,49.47,3,2,1,0.38
569768.91,50.36,3,1,1,45.18
807199.42,23.73,3,4,1,1.43
2161564.26,73.13,2,2,1,44.87
986497.98,10.31,3,3,0,20.57
258363.56,46.12,5,2,0,37.12
804208.37,26.01,5,2,1,4.44
331324.34,75.54,5,4,1,8.33
157442.99,67.24,6,3,1,22.59
596099.51,70.08,3,2,1,2.02
2349596.9,22.63,2,3,1,19.55
437882.6,66.85,5,1,1,37.62
665904.02,68.73,3,2,1,32.77
1323820.76,10.22,4,4,1,17.65
840025.13,37.0,1,3,0,0.54
305598.75,17.42,3,2,0,13.56
188000.1,67.92,4,3,0,38.83
1239776.56,28.03,2,3,1,17.09
2191059.72,32.5,1,3,1,18.94
1250866.99,16.66,4,1,1,3.8
327805.23,51.12,7,4,1,30.12
388952.05,12.81,4,1,1,31.13
330815.95,81.88,6,3,1,21.6
425570.77,12.24,5,4,1,38.05
242396.71,15.24,3,2,0,43.86
1680227.09,64.43,6,5,1,37.55
1354273.13,87.94,2,4,0,27.26
1124509.84,85.83,2,3,1,46.79
477987.05,17.11,6,2,1,19.17
758692.8,34.52,4,1,1,32.77
607468.51,54.29,3,4,1,28.8
678817.87,12.26,2,2,0,42.09
473501.78,54.93,6,2,1,25.03
499812.64,48.06,5,1,0,27.72
304909.89,60.01,4,1,1,22.75
4645554.82,88.23,1,2,1,7.11
1182172.07,33.34,2,4,0,44.33
1024053.5,64.32,3,4,0,43.11
457058.85,46.54,10,4,1,35.15
1004485.58,46.99,2,4,0,17.45
799353.79,65.02,3,2,1,17.82
805905.67,90.86,4,5,1,1.9
256695.4,83.36,5,2,1,3.97
1024058.1,64.36,2,1,1,25.74
712629.45,49.23,3,2,0,2.59
279308.03,46.04,4,3,0,5.05
1991279.02,76.91,4,1,1,12.64
121748.63,28.55,7,4,1,18.75
151657.23,59.95,6,2,1,24.52
1090603.3,52.92,4,3,1,16.29
1520899.62,65.2,2,4,1,47.04
357113.46,25.93,3,5,0,47.55
951467.8,69.14,3,4,1,2.9
1594543.39,63.29,3,3,0,49.27
649027.18,25.31,3,5,1,8.73
1346990.75,48.22,7,3,1,16.64
140945.0,67.68,5,3,1,41.87
751630.19,86.64,4,2,0,34.42
1330818.48,20.38,3,1,1,3.01
1692401.63,10.74,2,2,1,38.75
876979.93,24.04,2,3,1,33.2
333133.04,94.09,5,3,1,47.53
431372.66,75.31,6,2,1,45.51
646943.85,62.22,5,1,1,48.76
1423083.97,21.31,2,2,0,22.8
740141.62,45.36,5,2,1,35.35
358636.9,70.8,3,3,1,48.1
345898.1,86.15,5,2,1,0.21
564019.02,42.45,2,3,1,39.47
524247.95,94.97,3,2,1,2.79
729193.66,21.88,5,1,1,49.95
1057737.95,42.89,2,2,1,0.79
2368627.28,84.41,4,1,1,27.78
556682.01,65.24,4,2,0,26.09
256882.38,78.93,8,2,0,15.31
422638.23,87.16,5,1,1,36.64
338074.11,53.12,4,3,1,12.92
957566.89,29.95,2,2,0,14.61
975181.08,68.97,4,3,0,9.1
707696.15,57.9,3,3,0,35.73
307930.63,75.68,4,3,0,8.58
284547.33,53.5,4,3,1,44.89
504471.48,78.94,3,3,1,14.46
345434.59,86.67,6,2,1,25.98
1014450.41,73.71,4,1,0,23.81
887094.52,73.21,1,3,0,35.15
545518.47,59.91,3,3,0,11.78
720696.74,50.09,3,3,0,41.95
329927.88,92.67,2,4,0,36.92
300603.28,64.83,4,3,1,17.2
164822.65,81.43,8,2,1,6.1
614934.23,52.96,2,4,0,25.29
317814.63,57.16,7,5,0,49.03
257237.25,66.35,7,4,0,1.31
355234.7,71.93,4,5,1,42.26
854409.01,48.11,3,1,1,35.02
2787616.95,40.29,2,1,1,9.24
883630.65,30.35,6,2,1,23.87
156379.74,46.01,4,4,0,31.42
1401559.54,27.96,2,2,0,34.86
445472.89,45.42,4,3,0,46.08
544051.31,84.35,4,2,0,43.67
223043.04,93.05,7,4,1,16.49
531925.55,59.05,4,4,0,6.09
542829.24,22.41,4,2,1,5.3
700452.45,46.34,2,2,1,48.44
578985.26,61.18,2,2,1,47.8
504927.58,41.52,3,2,0,40.99
325997.64,27.44,7,3,1,49.03
473372.71,29.28,6,4,0,13.78
1654256.47,50.28,2,4,1,41.3
491331.19,28.4,3,2,1,25.16
783631.73,31.21,3,2,0,39.98
1177482.53,84.21,3,2,1,30.58
997555.01,76.22,4,1,0,42.32
637996.45,14.7,3,1,0,19.93
868301.07,37.22,2,2,0,49.46
370613.52,55.21,6,2,0,11.04
331559.72,15.15,3,3,1,33.66
441326.36,68.07,4,4,1,40.15
3099501.47,42.68,1,2,0,29.33
728595.45,43.76,4,4,1,14.59
280991.58,32.55,6,1,1,28.11
753149.2,38.38,3,3,0,25.28
201480.99,83.24,6,3,1,9.59
378001.62,77.03,8,2,1,38.18
630768.91,89.54,3,3,0,13.43
240029.95,69.41,7,4,1,41.62
319185.52,59.12,5,1,1,10.79
381866.28,32.04,5,3,0,25.17
757763.21,66.68,2,1,1,34.79
588568.1,87.02,5,2,1,49.79
521371.22,15.88,3,1,1,13.62
572950.09,47.66,9,3,1,31.82
1194014.77,22.7,4,2,1,7.75
193554.51,78.9,6,2,1,41.0
1033720.91,62.2,2,2,1,43.09
223652.0,84.77,6,2,0,44.41
407467.76,15.36,4,2,1,47.28
941798.22,86.99,7,3,0,17.85
549544.41,15.71,3,5,0,33.36
820380.33,34.45,3,3,1,15.86
457271.83,23.27,6,3,1,40.21
217550.1,22.36,5,4,0,20.84
395667.87,24.59,3,3,0,27.79
320543.83,50.82,3,2,0,6.74
1165216.61,76.67,1,5,1,42.54
119535.62,86.35,3,5,1,24.2
687251.15,58.18,4,2,1,32.06
1700141.33,23.41,4,4,1,33.5
541662.33,16.73,4,3,1,13.79
423831.61,52.0,2,3,1,39.77
337067.95,75.06,4,4,1,41.67
301111.52,62.71,5,3,0,25.84
358913.56,59.54,3,3,1,45.13
664421.27,14.09,5,4,1,8.13
806018.25,44.98,4,2,1,20.78
141608.12,56.78,7,3,1,2.31
765859.69,60.85,4,4,0,19.99
991178.27,10.41,5,4,1,49.85
1552288.05,26.96,4,5,0,23.21
5531557.8,90.73,2,3,1,21.02
384689.63,53.23,3,3,0,34.42
3598112.52,69.81,3,3,1,2.53
400785.56,36.2,4,3,1,17.75
231598.66,59.76,6,4,1,26.7
804222.41,40.3,3,2,1,24.25
279658.72,35.24,5,3,0,32.16
503827.17,44.97,5,2,1,7.03
224506.36,49.09,4,1,1,20.19
429533.1,38.15,4,3,1,31.72
612582.67,31.93,7,4,1,15.15
383204.98,63.02,5,5,1,30.68
719524.02,42.36,3,3,0,47.92
659251.78,27.16,4,4,1,46.53
4002368.94,74.46,1,4,1,36.3
146888.23,71.52,5,2,0,8.96
563136.04,85.38,5,1,1,39.23
844051.96,57.18,2,4,1,22.39
1095625.02,33.75,2,2,1,47.59
535020.29,83.42,7,3,0,30.61
322828.25,33.83,3,3,0,10.96
539968.54,65.73,2,4,1,15.69
206928.73,26.18,3,3,1,16.02
356543.05,63.48,4,4,1,13.89
2202518.92,81.47,2,4,0,38.61
461092.21,55.9,4,5,1,16.9
221822.04,50.03,4,4,1,9.86
493846.72,94.45,3,2,1,29.85
270674.07,11.91,3,5,1,23.29
252355.47,38.2,4,2,1,1.21
357675.42,88.08,7,3,1,14.03
245090.21,64.62,4,5,1,2.01
773083.75,56.08,5,2,1,38.38
474982.61,64.2,4,4,0,47.56
2087247.61,37.36,1,5,1,25.06
559256.74,16.05,3,4,1,27.95
630501.49,33.39,5,4,0,42.27
1586036.59,38.6,2,2,1,1.05
484849.93,50.79,5,3,1,8.2
927512.15,43.48,3,4,1,32.75
349167.94,54.29,5,1,0,37.11
915027.61,26.67,3,4,0,31.35
269820.95,25.64,6,2,1,46.97
661805.3,39.9,3,3,0,19.68
280254.75,50.27,6,1,1,27.8
251176.06,39.05,6,2,1,47.82
655652.2,59.01,2,3,0,44.99
875019.78,36.35,3,3,0,1.64
1450982.19,25.06,3,2,1,17.67
1334475.51,83.34,3,1,0,36.98
155484.5,27.05,6,3,1,0.14
1432468.22,92.16,3,4,1,43.16
409548.47,93.93,4,2,1,25.16
568639.47,69.23,5,3,1,4.42
230229.72,52.67,5,2,0,22.18
539767.4,77.61,4,5,1,24.68
797806.7,84.22,3,1,1,18.41
116230.08,70.32,7,1,1,22.77
952026.37,18.67,3,1,0,44.58
1482067.63,10.25,3,4,1,16.27
595167.97,26.31,3,5,1,48.05
2242167.74,26.03,2,4,0,34.38
884729.05,25.51,2,4,0,44.81
660209.71,53.33,5,1,1,10.53
261898.12,54.21,2,2,1,24.64
4231721.69,71.46,2,5,0,28.31
1621176.47,27.12,3,3,1,4.36
334297.56,17.88,5,3,1,24.73
101213.47,66.62,6,3,0,43.06
471360.8,51.14,5,2,1,2.7
833713.15,66.64,1,4,0,32.15
863112.08,42.36,3,3,0,49.44
634533.31,73.82,4,3,0,26.42
281774.88,68.02,4,3,1,15.24
776958.57,65.28,5,4,1,29.29
1607511.1,12.34,2,2,0,27.12
712158.72,82.94,5,1,1,5.35
664441.64,42.01,3,2,0,10.79
212010.53,21.53,4,1,0,33.5
891293.45,74.23,4,3,1,29.67
561948.15,51.35,3,3,1,17.28
215310.74,12.72,4,5,1,48.93
1115629.37,76.46,4,4,1,32.27
1164596.28,46.98,6,3,0,11.62
967145.22,74.17,2,4,0,23.61
1448493.75,74.23,5,4,1,35.61
523605.84,18.49,4,4,1,33.63
225441.57,62.12,7,1,1,12.39
452757.82,40.61,3,2,1,32.43
1323718.11,56.44,4,2,1,16.71
413867.59,17.53,3,5,1,22.93
770555.7,60.0,4,3,0,33.49
236272.77,76.09,6,4,0,29.09
501422.16,93.88,3,4,1,35.67
735798.74,37.22,5,3,1,19.15
526162.62,23.19,3,1,1,37.62
1555212.53,41.1,1,1,1,0.88
1304161.06,11.64,3,4,0,9.48
861714.17,44.75,6,4,0,48.66
1459590.83,87.74,2,3,0,4.43
669302.2,26.52,2,2,1,33.13
243257.4,50.61,6,1,1,45.85
297163.87,58.67,7,2,1,42.99
600947.99,25.29,4,3,0,45.65
219222.51,38.06,5,3,1,49.2
611937.14,87.47,5,5,1,17.93
521786.43,35.14,4,5,0,16.57
236088.67,64.01,3,3,0,6.13
227113.73,21.64,5,4,1,10.15
293046.0,66.94,5,4,1,32.68
379590.18,33.73,5,4,1,16.62
1231975.29,29.66,5,3,0,17.12
1143673.04,20.55,2,2,1,32.33
399082.95,13.98,3,2,0,5.32
565849.9,92.27,4,5,1,2.89
114655.82,45.18,14,4,0,40.16
481863.92,76.1,5,2,0,39.51
1404502.12,88.21,2,2,1,19.32
4096069.4,27.34,1,3,0,29.69
651358.73,83.94,3,3,0,11.98
883473.74,70.18,6,2,1,18.45
854711.48,59.13,4,4,1,1.92
324240.86,78.77,4,1,1,13.75
2488774.83,19.41,3,2,1,0.92
482510.9,32.41,5,5,1,21.26
300328.13,21.14,4,4,1,26.03
1069080.96,86.16,5,3,1,24.82
3448739.54,18.4,2,5,1,17.1
388771.45,93.3,5,5,1,10.43
488550.22,19.34,3,1,1,22.77
446985.16,66.25,4,1,0,43.51
608895.0,66.14,5,2,1,49.16
1422749.33,89.16,3,5,0,15.71
1396033.02,37.47,2,4,0,48.72
421508.83,38.22,5,1,1,21.78
1217746.65,81.93,4,3,1,30.7
821716.67,93.18,2,4,0,40.21
736094.43,12.56,5,2,0,18.04
556014.71,64.0,3,4,1,10.49
513587.59,30.71,5,2,0,13.73
926079.42,71.88,2,2,0,41.95
273916.49,75.68,7,2,0,46.73
225857.14,74.81,7,5,1,6.51
1481106.69,47.02,3,5,1,34.76
425760.43,23.41,3,5,0,1.84
635847.14,59.7,2,5,1,43.76
1769666.69,77.07,4,2,1,42.86
509302.99,87.54,7,4,1,38.75
236992.7,48.47,2,2,0,41.24
353115.47,30.88,4,4,1,30.26
668509.84,20.1,1,3,1,7.45
280209.05,77.8,4,2,0,45.74
150805.17,55.5,2,2,1,7.14
456576.66,67.31,4,3,1,11.34
333108.19,23.54,3,4,1,21.69
293617.45,10.56,7,3,0,24.95
186956.81,92.24,4,4,0,4.91
520972.61,78.93,4,2,0,38.11
309159.41,44.0,5,4,1,6.95
1220629.68,48.86,4,4,0,32.77
1156050.2,88.97,4,1,1,22.65
1588117.93,27.65,2,2,1,40.57
271650.68,78.24,6,4,1,14.85
1631375.16,11.52,4,4,1,41.84
130146.94,84.44,6,3,1,12.69
142358.72,60.09,6,2,1,28.76
628516.68,50.59,3,1,1,24.36
2555633.19,70.05,3,2,0,17.69
585361.2,15.75,3,2,1,0.69
355263.46,26.62,5,2,1,19.95
208680.45,44.59,4,2,1,6.01
1165831.89,62.52,3,1,1,11.34
585455.98,22.29,6,4,0,34.45
1061117.16,42.26,3,2,0,28.61
271856.51,32.18,5,3,1,26.4
185361.97,64.87,7,2,0,28.24
228166.82,88.14,4,3,0,6.09
417018.39,24.11,5,2,1,8.32
345636.63,26.09,3,1,0,27.19
195655.78,61.04,5,5,0,20.4
768840.17,48.55,2,3,0,23.21
739226.11,71.04,2,2,1,43.97
478590.49,34.47,3,2,1,9.34
437183.06,56.31,6,3,0,45.54
1039532.34,42.88,2,3,1,42.89
416987.71,33.91,4,2,1,45.1
737628.41,71.99,3,3,1,32.1
182284.57,77.65,6,2,1,43.21
422408.98,37.96,5,3,1,49.56
542567.15,62.95,4,4,1,23.62
114951.06,25.18,7,1,1,43.1
900875.09,77.23,4,3,1,45.19
233678.58,33.91,5,2,1,15.56
523290.23,24.53,4,1,1,22.19
996847.11,89.9,4,5,0,28.73
1727626.18,45.91,2,2,0,17.52
674675.93,64.7,3,3,1,16.18
265864.25,78.78,6,2,1,19.1
1166939.25,68.32,3,2,0,21.25
495368.65,58.0,6,3,0,12.69
195452.14,41.59,7,3,1,23.72
307665.81,88.07,4,4,0,38.96
190608.07,21.35,3,3,1,31.26
724912.92,85.13,3,3,1,19.05
471694.59,70.34,4,4,1,7.89
784088.29,58.57,5,3,1,41.22
1229706.25,37.6,2,5,0,25.62
883016.89,22.41,5,3,0,48.56
434942.52,47.67,3,2,0,12.71
981263.04,76.62,4,3,0,8.86
1443599.45,73.35,1,3,1,0.5
790375.38,64.86,4,2,1,4.22
137721.04,94.36,6,2,1,19.33
761061.08,92.67,3,3,1,9.99
86101.07,44.0,7,4,1,1.99
422279.69,26.37,4,2,1,11.35
2582355.17,49.43,1,2,1,36.46
483499.99,81.79,3,4,0,36.81
527862.04,48.98,2,1,1,7.57
366021.19,38.56,9,4,0,46.83
372683.35,73.0,5,4,1,8.04
369521.15,65.26,4,3,0,4.56
406646.54,92.34,5,2,1,8.23
2411373.65,56.69,4,1,0,7.11
792274.97,92.24,5,2,0,31.62
663832.23,34.73,6,4,0,7.9
429152.8,83.51,6,5,1,31.75
730349.8,39.83,3,4,0,13.9
156958.75,78.82,3,3,1,12.5
263859.98,88.71,5,5,1,44.87
297216.9,62.97,5,4,0,10.8
91964.2,71.93,7,3,1,43.24
165014.9,91.48,6,1,1,15.25
201367.29,41.89,3,2,1,49.56
322947.88,53.48,6,2,1,49.05
1080189.77,86.35,3,2,1,41.4
641975.39,67.19,6,2,0,43.42
363291.39,84.26,7,5,0,41.18
222464.83,62.55,5,4,0,31.52
155510.19,72.88,4,3,1,40.47
138197.74,11.11,5,3,0,31.45
308660.78,38.87,3,2,1,42.12
232639.72,75.49,5,1,0,46.78
600512.43,44.34,3,3,1,37.69
359650.92,40.84,3,2,1,48.24
404993.41,90.88,6,2,1,22.47
574941.52,56.97,3,2,1,46.28
332557.47,26.36,6,2,1,11.39
786000.27,50.14,5,1,1,1.67
488313.93,54.09,2,1,1,6.49
849676.07,94.04,3,4,1,8.1
196620.54,71.05,10,3,1,41.24
324639.4,54.15,5,3,1,20.11
562077.11,46.72,6,3,1,11.74
839963.85,87.82,4,4,0,40.63
280916.05,64.9,4,4,0,10.19
355494.74,40.27,5,5,0,3.99
586796.08,49.49,4,2,1,23.36
561060.3,33.64,3,4,0,3.56
563304.09,91.64,5,5,0,14.02
782385.54,69.67,3,1,1,35.05
661531.03,43.35,9,2,0,18.79
395808.32,25.57,2,3,0,4.47
368464.81,25.05,5,4,1,20.21
191595.0,50.61,6,1,0,25.71
1424479.86,49.74,2,3,1,12.59
375701.3,45.51,2,4,1,8.63
610170.23,82.4,4,1,1,38.11
452869.21,93.23,3,1,0,3.49
255266.91,40.16,5,5,1,47.85
166485.44,35.04,5,4,1,0.48
1499968.15,75.46,1,3,0,32.6
1266905.7,48.23,3,2,1,6.77
325503.12,28.49,6,4,0,27.4
577908.22,25.38,5,5,1,9.45
1794384.82,33.85,3,4,0,1.81
774243.0,10.11,3,2,1,43.0
354486.63,90.02,4,3,1,21.25
874789.92,46.57,3,1,1,13.83
357584.85,17.04,4,2,1,47.37
366242.89,24.02,4,4,1,4.19
265521.75,37.48,3,1,1,17.49
691291.3,56.89,5,1,1,8.95
1572847.86,69.82,1,3,0,49.56
552917.78,36.17,4,2,1,27.35
354977.81,91.4,3,2,1,40.63
1287768.45,74.63,2,2,1,8.26
179319.63,80.19,7,3,0,15.29
455285.7,37.51,4,2,0,31.02
1119153.7,42.38,3,3,1,8.98
1062189.92,55.74,3,2,0,25.05
978361.76,48.39,2,1,0,46.59
228778.39,32.09,3,4,0,46.52
2985840.92,94.77,4,2,0,17.81
1412993.44,82.11,4,3,0,25.86
611803.84,30.23,5,3,1,10.0
420611.73,85.85,3,2,0,48.93
926062.98,59.89,2,1,1,26.04
1431091.13,11.07,1,4,1,10.4
846508.61,39.42,5,3,1,42.25
580245.97,12.19,4,3,1,21.08
412870.55,17.46,3,4,1,31.84
747432.86,25.21,2,1,1,42.19
1295102.75,51.17,3,4,1,15.53
1035733.88,42.41,5,3,1,28.94
2480204.95,22.66,2,3,0,2.9
446104.76,43.54,7,4,0,11.8
567963.7,35.87,3,3,1,7.02
40505.03,44.86,7,1,0,32.25
394958.73,24.65,6,4,0,12.81
282940.69,61.83,7,4,1,38.02
718827.7,13.79,3,3,0,38.08
341321.09,42.97,6,3,0,39.23
178939.81,86.07,5,2,1,6.72
692560.43,45.67,4,3,0,26.35
1448707.89,47.49,2,4,1,33.99
1492937.31,15.78,2,3,1,16.21
1166284.85,61.46,3,4,1,13.08
949621.44,89.59,3,4,1,35.93
387584.04,34.79,4,2,1,17.63
380050.71,43.43,5,3,1,12.52
698061.6,59.99,3,3,1,28.19
1057557.42,17.92,2,3,1,31.06
902240.35,90.77,4,1,1,38.86
1458696.92,49.75,2,3,0,2.14
1149280.43,19.78,6,1,1,8.81
2483722.74,38.49,3,4,0,38.88
693271.84,41.78,3,5,0,26.64
66131.1,39.36,3,2,1,40.32
2082234.8,68.92,2,3,1,22.48
286741.47,39.37,5,4,1,23.02
306451.65,37.53,4,2,1,18.94
312229.86,37.38,5,2,1,34.59
189581.19,76.12,8,4,0,29.55
954315.49,36.21,3,3,1,19.7
111126.93,11.19,7,3,1,9.46
259645.67,41.07,4,5,0,0.22
812022.11,33.65,3,5,0,4.66
1440670.57,87.27,2,4,1,5.48
485612.14,50.62,6,2,1,28.51
412159.6,29.94,3,2,1,37.98
220488.91,93.43,5,4,0,22.9
292605.68,30.97,5,3,1,20.77
457936.47,74.86,5,2,1,6.69
1611497.02,65.21,3,3,1,45.06
290218.83,49.29,2,4,1,36.79
347362.73,44.5,5,2,1,20.9
297087.1,84.15,3,5,1,4.94
91969.55,50.38,8,3,0,42.32
708380.09,41.91,5,4,0,8.56
687268.54,40.11,4,2,1,33.7
370923.07,33.45,7,3,0,17.05
689124.75,44.76,5,4,1,42.99
371711.87,20.19,4,3,1,29.39
254908.01,15.54,6,3,1,11.45
2453009.22,56.02,3,3,1,0.73
285015.23,48.61,6,1,1,10.7
1027323.03,24.74,3,4,0,18.33
663455.22,19.08,3,4,1,35.45
327059.6,22.18,2,2,1,10.88
116283.29,36.8,5,4,0,13.15
280175.52,48.38,5,4,0,21.81
934125.79,26.43,4,3,0,2.24
1060618.41,74.23,3,2,1,38.44
686257.63,26.43,5,2,1,4.03
365550.61,20.55,3,3,0,36.88
1742639.03,94.54,3,3,1,13.47
555662.76,48.06,2,3,1,23.05
1126411.48,24.45,2,2,1,20.58
1970481.77,86.04,1,4,1,12.74
595444.47,29.64,3,3,0,12.86
737776.21,88.67,6,5,0,47.46
259755.42,20.11,5,1,1,15.34
441127.69,81.55,2,1,1,9.24
1003345.14,25.66,2,3,1,12.6
311971.17,89.76,5,2,0,34.79
3760774.17,58.81,4,3,1,15.51
495907.66,26.14,6,2,1,8.66
387744.27,81.81,4,3,1,20.78
210427.22,43.2,5,3,1,5.97
160417.1,72.29,4,3,0,19.99
535909.92,64.69,2,2,1,43.12
708108.62,70.72,3,4,1,18.71
1556242.63,39.22,3,4,1,25.76
647746.06,89.8,6,2,0,39.48
454984.66,57.58,5,4,1,25.85
816638.84,16.59,2,2,1,2.46
465957.4,15.67,5,3,1,10.82
484176.56,72.75,3,2,0,44.72
505408.92,82.25,11,3,1,40.13
589997.51,69.1,3,1,1,38.06
627554.0,33.59,3,3,1,27.42
524660.44,29.2,1,5,1,17.73
587791.05,58.06,3,4,1,34.75
818800.81,26.73,4,4,1,33.2
149261.68,42.22,7,3,1,32.17
421238.94,63.44,3,1,0,25.23
354478.17,34.22,9,2,0,13.04
408749.79,41.91,2,1,0,21.83
748063.16,40.64,5,3,1,25.65
360201.65,49.14,4,3,0,10.88
1570428.5,67.32,1,3,1,11.58
505107.11,76.5,2,3,0,39.61
621899.26,66.53,4,2,1,16.06
2891572.13,12.22,3,1,0,48.69
1056303.44,86.23,3,3,0,21.88
1180476.63,59.4,1,3,0,30.48
1306366.35,88.22,3,5,1,25.25
1639648.21,91.93,1,2,0,24.71
1130755.59,49.77,4,3,0,44.51
643429.62,87.89,5,4,1,4.74
113040.65,41.06,3,2,1,17.35
217100.21,32.13,5,5,1,14.37
698851.27,16.26,5,2,1,16.37
434328.51,48.41,5,5,1,45.64
357587.06,68.54,3,1,1,3.59
338931.04,93.03,4,3,1,14.24
631755.69,54.31,1,4,1,36.91
376072.84,72.43,5,2,1,12.01
2490020.61,86.17,3,1,1,41.67
642757.07,56.17,5,1,1,16.56
3689874.56,24.18,2,1,0,5.75
673336.4,82.1,5,3,1,26.01
918220.87,58.8,4,4,0,25.62
1620350.19,74.47,4,1,1,2.05
497285.73,65.97,5,1,0,35.92
886039.16,15.19,2,1,0,7.17
921078.14,24.37,4,2,1,10.75
790597.82,34.33,6,5,0,28.17
371657.07,34.2,4,2,0,44.55
321503.65,81.33,4,3,0,1.13
431005.32,60.85,5,2,1,41.16
1088473.74,17.09,3,1,1,37.73
640123.7,42.91,5,2,1,8.17
105456.93,57.29,8,2,1,18.71
2080983.86,31.38,3,1,1,45.31
337394.01,13.39,4,4,0,7.4
563740.16,42.32,3,3,1,5.66
384536.92,49.2,3,3,1,36.79
3336340.19,86.91,3,2,0,23.6
764234.62,87.21,3,2,1,14.28
396647.26,52.53,3,1,0,8.68
665914.27,50.08,5,1,0,36.14
1048497.96,64.44,3,2,1,22.03
1771547.09,31.94,1,4,0,12.05
1641657.31,34.29,2,2,0,47.17
402806.89,10.22,3,2,0,28.1
184389.84,16.65,8,3,0,17.73
148386.5,25.17,4,3,0,36.01
447970.28,64.45,2,3,1,24.87
1466345.96,28.08,4,2,0,0.57
1061739.61,20.55,5,3,1,42.05
343765.05,62.39,6,4,1,3.41
1344408.24,65.4,4,2,1,49.47
450296.24,15.07,4,5,0,17.55
571112.52,75.7,3,3,1,26.29
2051140.19,61.52,1,3,1,49.98
919789.26,43.75,2,3,0,13.53
435647.12,93.57,4,4,1,23.19
1312476.77,10.87,3,3,0,37.77
433932.16,56.31,5,5,1,23.4
3040367.82,23.57,1,2,1,16.76
736298.14,37.99,5,4,0,6.12
500555.4,21.32,5,3,0,25.7
276936.31,66.8,4,4,1,27.63
176106.21,44.13,5,1,1,11.72
541974.39,93.84,4,2,0,16.76
1789141.08,65.58,1,4,1,15.0
1044749.47,87.97,2,2,0,21.43
490938.04,30.47,4,4,1,39.93
1557176.38,37.1,6,5,1,16.7
178514.72,40.83,5,2,1,13.7
150202.23,81.27,4,3,1,42.01
605089.55,27.99,4,2,1,40.57
790957.32,90.47,2,2,0,39.69
599197.39,13.7,4,3,1,37.16
703649.37,85.64,4,2,0,44.45
856855.79,48.37,5,3,1,35.69
133773.73,54.7,6,5,0,8.55
283943.73,94.78,5,2,1,1.75
854818.52,83.95,3,4,1,9.18
1049333.62,86.84,3,2,1,18.3
2464396.34,59.77,3,2,1,2.74
879516.87,91.29,4,2,1,37.87
239542.3,68.46,8,1,1,32.1
193683.19,79.64,6,3,1,35.93
282656.65,71.28,5,3,1,4.88
1389394.09,76.38,1,3,1,16.51
2937707.81,64.23,1,2,1,23.02
330475.67,71.74,7,3,0,30.17
128014.67,47.05,7,2,1,40.16
508818.59,70.08,3,3,0,48.85
1118966.72,33.53,3,1,1,4.2
816175.86,63.97,3,3,1,32.12
697245.19,54.52,4,3,0,6.83
2494884.58,86.38,1,4,1,15.06
5261140.79,67.22,1,4,1,38.63
761475.71,60.71,3,3,1,49.71
224689.82,36.61,7,4,1,26.37
228915.69,83.34,5,3,0,17.72
767699.29,14.6,3,3,1,10.78
229218.37,86.48,2,4,0,39.15
355041.05,65.5,5,4,1,45.2
292066.45,26.11,6,3,1,42.44
437210.61,86.75,2,5,0,25.53
284004.72,37.74,4,2,1,29.5
1074302.56,24.3,3,5,0,41.85
455426.28,37.13,5,2,0,46.45
351271.09,91.69,6,3,0,46.96
397141.95,73.98,6,4,1,34.52
2096073.84,87.93,1,4,1,9.66
696594.03,35.4,6,2,0,15.72
1067585.73,17.01,2,5,1,13.38
413298.33,57.83,2,1,0,8.76
878805.18,51.06,6,1,1,12.61
825373.98,71.25,3,4,1,43.51
696136.18,56.13,2,4,1,38.54
233669.88,43.7,4,4,0,2.28
1257204.74,10.4,2,4,1,7.47
369630.41,49.76,5,1,1,49.24
1274664.69,20.25,4,1,0,11.38
1611144.95,88.37,1,5,0,31.76
399895.78,88.35,3,3,1,10.36
848464.37,78.31,4,5,0,11.76
1727216.92,23.42,2,5,0,24.98
548474.72,22.53,4,3,0,24.43
425025.34,57.88,7,3,0,32.34
646142.56,71.83,3,2,1,8.49
760481.28,86.89,3,1,0,13.21
1329591.41,85.99,3,3,0,31.24
721362.19,23.2,4,4,1,4.96
358253.97,94.62,5,3,1,45.48
495931.43,23.33,9,1,0,9.02
68540.26,81.41,7,1,0,21.98
970274.05,59.89,7,1,1,5.52
237473.72,67.65,3,3,1,34.27
194431.3,61.34,7,3,1,16.41
483668.54,83.92,4,3,1,3.77
302656.0,64.15,6,3,1,29.67
906686.72,82.14,4,2,0,49.04
525523.85,23.12,2,4,1,43.56
772855.83,83.67,3,2,1,35.17
280305.35,94.4,5,3,1,0.73
473376.66,66.23,5,2,1,43.01
953590.36,92.99,2,1,1,44.85
349410.22,28.69,6,2,1,2.0
1425516.98,80.49,1,5,1,6.21
730010.68,24.37,2,2,0,22.63
1177867.7,53.86,2,1,1,20.16
498978.93,66.44,7,2,1,14.79
346188.27,66.12,4,4,1,9.98
1177306.16,67.02,1,2,1,27.5
477498.66,37.28,6,3,1,38.59
972232.72,92.77,2,2,0,46.86
815865.28,10.56,4,5,1,15.12
575718.72,62.78,2,5,0,35.19
170423.58,83.62,4,3,1,39.43
240010.53,85.74,6,4,0,23.95
250383.88,71.22,5,2,0,46.06
472802.29,58.86,4,2,0,1.25
225513.07,48.87,6,3,1,45.03
773217.62,48.21,4,2,1,44.64
416989.15,46.13,4,2,1,6.94
542525.48,69.49,4,5,1,22.03
363240.8,72.15,6,2,1,25.84
742932.72,53.75,3,1,1,20.16
977130.36,72.97,2,4,0,44.79
673380.65,54.92,4,2,1,35.68
410033.7,18.27,3,3,1,6.26
1530398.12,82.39,3,1,0,46.33
245773.93,83.99,7,1,1,2.4
225658.07,32.65,4,3,1,29.82
443922.87,76.85,5,2,1,26.18
594897.58,53.45,2,3,1,3.71
591113.19,20.54,5,5,1,34.82
3732602.11,43.83,2,3,0,48.13
1236823.24,16.51,1,3,0,22.98
302543.96,76.85,8,1,1,25.74
230518.03,26.68,3,4,0,19.26
867812.41,23.97,3,4,1,43.77
194232.71,27.73,6,3,1,46.4
1362864.41,29.22,1,2,1,19.91
341333.68,67.29,3,3,0,44.55
1025487.27,64.28,3,2,0,10.3
1209563.76,20.99,3,5,1,22.95
502693.93,71.58,4,3,0,12.67
295094.11,39.67,4,3,0,11.27
857652.56,48.89,6,2,0,42.86
157994.01,20.61,8,2,1,35.74
180623.19,70.23,3,4,0,3.44
435075.1,41.98,6,3,1,37.89
204372.03,63.73,5,2,0,28.69
598035.75,46.31,6,2,1,39.37
394361.4,14.15,4,2,1,29.71
2848285.93,69.8,1,1,1,18.93
2298467.21,56.96,2,5,1,24.8
119999.53,46.91,8,4,0,7.17
1411887.08,27.13,1,5,1,15.6
947374.9,63.07,2,3,1,1.21
997585.24,33.39,5,4,1,20.37
267141.15,46.48,5,2,1,4.65
693946.82,14.8,2,3,0,33.06
1320785.46,76.02,2,2,1,45.64
467451.31,17.65,3,4,1,37.06
724258.2,85.72,3,3,1,10.45
97697.96,83.74,8,3,0,25.4
1871598.81,92.54,4,4,0,35.63
294419.87,87.22,3,4,1,40.3
1634664.88,92.57,1,5,0,14.22
486123.03,85.42,4,3,0,23.91
6247006.09,19.56,1,3,0,5.31
298486.58,47.2,3,3,1,36.35
2172980.3,16.47,3,3,1,21.79
1041001.52,56.35,3,3,1,2.18
848856.06,55.03,3,2,1,26.52
274560.09,88.39,4,4,1,39.59
399023.1,92.42,7,3,1,2.32
321133.97,32.07,4,3,0,20.23
2119836.61,59.5,2,2,0,24.15
553609.92,49.48,2,2,0,49.98
463151.99,56.47,4,2,1,11.01
1420949.9,55.2,1,3,1,40.98
182723.02,87.7,6,1,0,7.38
773358.14,86.17,4,4,0,48.2
546799.43,20.43,5,5,1,15.4
455058.63,39.33,9,3,1,7.36
681515.95,73.99,1,2,0,19.15
1251545.98,68.14,3,2,1,0.86
4457604.9,63.65,2,4,1,5.53
504036.04,94.47,3,2,1,24.86
1545402.27,38.64,4,3,1,47.04
564384.45,53.8,3,5,1,22.3
217566.49,93.23,4,3,1,33.05
183394.7,69.12,9,3,1,35.38
1859420.06,65.14,2,5,1,1.92
599557.36,23.15,2,2,0,16.17
276608.63,30.97,5,4,1,49.85
943650.71,42.09,3,4,1,0.45
496600.77,49.51,4,5,1,23.56
402263.9,52.26,7,4,1,41.89
457375.42,86.68,5,4,1,14.49
881308.4,19.11,3,3,0,49.83
305951.35,31.11,5,2,1,24.36
569631.08,22.21,4,3,1,45.71
568313.8,72.5,2,2,1,26.46
859084.24,92.5,5,3,0,19.94
451722.3,85.99,3,4,1,35.53
3903204.7,71.48,1,3,0,47.92
430861.28,11.83,4,3,0,18.87
373039.63,39.5,6,2,0,43.26
245551.46,83.41,6,3,1,33.01
538883.97,65.51,2,2,1,18.99
116004.5,27.82,6,2,0,2.87
263158.33,49.65,4,2,1,15.64
408137.88,17.47,4,4,1,41.58
321649.38,54.27,7,3,1,4.85
908848.08,86.59,4,2,0,28.65
303491.11,13.29,5,5,1,25.64
292005.87,62.18,4,4,1,33.12
208579.76,29.81,4,3,1,46.96
1322310.3,94.18,2,3,1,37.61
909344.05,15.53,5,4,1,25.58
1412943.78,62.47,3,2,1,41.53
758930.35,31.79,4,3,0,35.11
581687.17,85.01,5,1,0,44.79
1830247.9,20.36,3,1,0,36.24
806643.1,46.49,3,5,1,37.68
486950.78,25.76,6,3,1,4.29
408903.85,77.95,4,2,1,0.29
145949.29,39.87,6,4,1,47.79
328862.92,25.87,4,5,0,12.68
328648.84,71.7,6,1,1,8.34
342734.63,79.46,6,1,1,8.02
2099393.86,49.3,3,4,1,36.92
693949.18,42.2,3,3,1,2.42
1005516.31,63.73,4,4,1,33.09
509070.28,65.37,3,3,1,28.62
411144.54,66.16,4,3,1,7.45
297742.15,33.44,3,2,0,6.86
317524.05,90.01,4,2,1,6.72
1360063.1,28.14,2,4,1,13.05
497943.43,41.8,4,2,1,32.13
698244.96,34.11,5,4,1,10.42
368425.17,89.15,6,2,1,33.04
320965.8,80.41,5,3,0,48.59
3597792.2,78.96,2,1,1,43.12
1874135.15,10.4,1,3,1,39.92
796802.94,68.3,5,3,1,47.46
259760.42,29.57,6,3,1,30.66
758778.61,92.26,4,3,1,38.47
865026.17,55.11,4,2,1,38.72
374495.74,58.0,6,2,1,48.73
120694.26,40.3,4,4,1,32.39
400918.55,55.62,5,4,1,13.73
1382859.12,73.73,3,3,1,9.86
2720941.45,57.76,1,2,0,15.4
647716.88,64.51,4,3,1,38.11
176372.14,50.16,4,3,1,32.86
1286874.49,70.89,1,3,1,11.04
1268908.19,86.46,2,2,0,43.01
362333.31,14.34,7,4,1,49.07
2054725.64,19.12,2,2,0,37.88
454423.83,68.28,4,3,0,3.2
632351.12,42.1,4,1,0,31.41
333722.5,33.94,6,4,1,46.89
182786.65,25.18,6,3,1,15.72
170742.68,58.67,3,2,0,29.31
641979.37,39.54,4,4,0,11.43
550220.27,53.18,4,4,0,44.05
273664.19,91.48,5,3,1,43.51
375250.46,74.45,2,5,1,18.29
964371.06,77.66,3,2,0,17.55
211294.13,20.56,8,1,1,0.11
692338.64,37.62,4,4,1,15.94
2022443.17,19.03,3,4,1,39.09
137152.28,92.32,4,1,1,1.53
651538.87,67.99,2,4,1,10.22
437171.25,11.63,4,4,1,36.54
1582131.29,50.42,3,5,1,32.43
247594.08,32.4,3,1,1,49.33
3167234.71,55.9,2,3,1,19.59
717050.29,25.19,3,2,1,6.75
1871778.49,14.83,1,2,0,33.27
293433.02,37.47,6,2,1,4.04
508708.22,35.12,3,3,1,5.93
743729.11,70.94,5,1,1,28.44
261082.88,50.34,4,2,0,23.65
487873.09,34.76,5,1,1,13.25
314913.44,58.49,5,3,1,23.95
627546.31,16.06,2,2,1,43.43
2339132.62,66.3,4,3,0,36.28
509911.53,22.52,5,3,1,22.79
716164.35,33.77,4,2,1,15.64
1962086.27,33.98,2,1,1,29.15
281694.31,49.6,3,4,1,0.24
1418457.8,91.02,4,3,0,36.68
73340.35,37.6,6,1,1,40.14
312526.89,33.91,4,5,0,6.18
301083.55,24.35,5,3,1,20.19
401564.67,43.32,7,2,1,7.34
452160.75,25.47,5,4,0,47.45
358783.08,21.71,5,4,1,41.32
656179.27,82.88,3,3,1,1.1
367535.02,14.47,3,4,0,48.52
403734.75,70.42,2,1,1,7.18
1022023.13,27.22,3,5,0,4.29
501051.51,11.0,6,1,1,1.73
1710137.5,77.59,3,3,1,39.55
308567.34,69.69,4,2,1,46.27
600940.5,38.42,5,1,0,4.87
836204.75,16.74,2,5,1,49.17
2025116.55,40.66,2,1,1,15.86
915186.64,25.41,4,4,1,33.97
375106.84,89.26,6,2,0,49.31
539107.15,55.02,3,4,1,0.52
882280.18,91.93,4,2,1,27.38
365382.92,39.86,8,3,0,32.83
328746.23,57.3,4,4,0,18.63
178774.92,26.16,5,3,1,5.59
416893.43,78.72,4,2,1,31.09
4922112.12,13.49,1,2,0,2.45
657455.81,69.13,6,2,0,46.18
127154.99,43.29,8,4,0,23.16
327988.32,59.17,3,3,1,45.52
1065032.58,60.34,4,3,0,41.84
200622.55,70.42,5,2,1,0.28
1345706.91,27.36,2,3,1,23.02
195721.33,55.17,7,3,1,44.4
1307899.0,46.29,4,1,1,18.67
249772.86,33.99,5,2,1,16.23
1312447.97,52.14,3,2,1,34.31
738445.74,90.92,3,3,1,35.28
329524.76,90.66,7,3,1,32.19
101321.65,33.7,6,2,0,18.23
88123.32,85.16,6,1,1,3.27
434245.83,84.52,4,2,1,46.16
766455.06,31.21,3,2,0,15.93
504707.39,60.91,2,3,1,39.8
343922.52,83.94,3,2,1,17.65
694251.26,53.77,4,3,0,24.79
926436.14,41.43,3,3,0,18.75
228185.42,65.32,8,4,0,4.16
1055482.69,24.66,3,2,0,16.54
245041.84,23.75,4,2,1,47.79
533826.82,80.77,3,2,1,5.61
1776426.42,13.56,3,2,1,27.84
688576.01,78.31,3,3,1,48.42
534717.12,34.69,4,3,0,1.12
2636481.08,51.07,3,2,1,3.55
142719.33,56.2,6,1,1,45.46
1065810.32,75.2,3,3,1,36.8
1345259.39,85.13,4,1,1,27.31
271937.02,78.36,6,4,1,26.88
1107002.18,58.65,3,1,1,48.75
183327.39,39.58,6,4,0,1.15
262635.56,54.76,5,1,0,13.6
312243.41,12.55,8,4,0,15.91
800383.0,30.82,4,3,1,6.06
776944.34,41.12,5,2,0,17.93
1694951.8,37.18,3,3,1,18.58
380824.59,18.09,5,3,0,47.94
2028931.53,14.31,2,2,1,22.16
322926.23,45.76,5,4,0,46.75
1135566.83,16.36,3,3,1,40.52
748540.8,34.33,3,4,1,36.87
1295308.65,50.36,2,3,1,16.59
426064.17,27.85,6,3,1,21.41
189261.06,16.76,4,3,1,2.32
252516.66,46.73,4,2,0,18.93
702859.7,48.12,3,4,0,43.53
240150.3,87.83,3,4,1,39.09
1632428.73,20.87,2,4,1,40.44
836213.48,62.27,4,1,0,11.16
804269.78,37.17,3,4,0,10.58
505939.52,20.51,2,2,1,33.2
4538392.19,43.42,1,1,1,32.6
3365809.99,46.37,2,2,1,9.85
721894.16,40.9,3,2,0,36.01
673354.26,75.09,4,4,1,18.87
1118944.08,81.33,2,4,0,44.35
681415.24,22.64,4,1,0,18.29
369101.46,24.27,5,2,0,11.58
242757.9,45.8,8,2,1,9.87
487731.54,37.22,7,3,1,44.92
2024999.75,79.66,4,3,1,43.02
171188.29,94.73,5,3,1,21.35
621008.61,25.39,3,5,1,12.11
162748.97,74.82,6,3,1,14.3
1030729.15,61.62,5,3,0,19.31
278707.83,64.78,5,5,0,2.31
139012.63,32.48,6,3,0,3.46
415402.02,18.26,7,2,0,46.38
1882242.38,56.18,3,3,0,38.33
738121.97,62.15,4,4,1,40.72
1120999.82,91.86,2,4,0,23.98
633610.82,67.39,4,4,0,18.31
4633876.8,47.71,1,4,1,4.69
293368.88,94.49,4,5,0,27.95
927033.11,41.73,2,4,0,37.19
755578.33,23.82,2,4,1,9.88
196780.25,62.53,5,3,1,19.52
232597.48,32.63,7,3,0,46.37
770808.12,88.39,5,5,0,42.2
557113.0,46.37,5,4,1,39.93
972839.13,22.72,3,4,0,2.07
1082450.69,22.04,2,3,1,8.36
387737.61,65.22,7,2,0,15.37
408821.34,41.1,3,3,1,15.25
823358.42,40.92,2,1,1,6.54
2224855.53,62.05,1,3,0,14.54
334569.32,28.83,7,1,1,21.46
1201360.87,22.36,2,4,1,2.56
456208.16,65.87,4,4,1,20.22
526988.32,10.45,3,2,1,24.88
6592977.26,87.13,2,2,1,2.14
1138770.89,25.55,3,4,1,33.74
635135.81,48.07,4,3,0,4.08
430964.3,27.98,4,3,0,32.43
504163.76,28.55,3,3,0,49.7
366620.21,80.98,5,2,0,3.13
2363602.05,59.73,1,2,1,13.68
320805.88,36.47,2,5,1,6.55
257752.2,31.34,3,4,0,18.52
338262.06,28.09,4,1,0,41.78
748383.91,57.13,3,2,1,46.48
429398.96,72.12,4,3,1,42.0
962640.03,31.55,5,2,1,34.58
407344.58,38.25,2,2,1,35.89
210540.49,71.23,6,2,1,6.11
705135.24,72.67,7,2,1,12.51
429009.22,27.62,5,3,0,18.26
561937.59,42.49,6,5,0,2.6
3394275.81,83.95,2,2,0,41.1
145290.84,72.92,9,1,1,12.86
373612.14,23.81,5,1,0,2.71
420941.65,42.81,4,5,1,3.75
122737.88,92.73,5,3,0,48.48
411460.19,54.66,4,3,1,45.61
672797.32,71.14,5,4,0,47.94
342803.33,17.82,8,3,1,47.84
718668.55,80.76,4,3,0,39.99
316556.4,61.41,5,5,1,13.87
191076.95,24.93,7,3,1,16.31
606611.15,42.32,7,2,0,20.16
210175.79,17.06,7,3,1,39.27
591344.99,76.05,4,5,1,46.35
728970.48,73.31,3,5,1,22.07
1191514.62,51.67,4,4,1,15.14
710276.42,48.42,5,3,1,12.22
182299.63,49.39,5,4,0,12.9
243086.77,13.18,4,3,1,0.44
1403105.72,41.3,2,3,1,11.78
476919.53,20.92,4,2,1,14.82
215558.32,25.71,7,3,1,38.8
607809.79,91.78,6,2,1,27.47
739598.94,32.25,3,4,1,16.62
409231.59,51.11,5,3,1,29.89
3165739.34,85.46,1,2,1,39.44
197895.24,45.15,8,4,1,30.54
1016294.25,54.93,5,3,0,3.61
411909.58,24.35,3,4,0,12.13
2940697.75,34.23,1,4,1,14.36
1562327.75,53.02,3,1,1,18.21
433859.28,41.02,2,3,0,1.33
403408.32,13.25,4,5,1,37.24
655769.72,44.07,6,4,0,23.57
1323426.07,79.28,3,5,1,44.84
357776.84,19.87,5,4,1,25.93
318986.16,11.59,4,2,1,49.41
879639.23,20.09,4,2,0,35.06
504179.64,68.38,8,2,0,44.35
197158.66,77.54,5,2,1,48.67
240712.23,14.14,4,1,1,23.64
756563.48,85.44,3,5,0,31.69
723113.89,63.32,4,3,0,45.71
552355.01,54.04,3,1,0,28.81
1490212.24,31.56,2,4,1,2.73
258973.27,41.59,5,2,1,34.88
185827.03,90.49,3,1,1,46.79
384371.57,87.48,4,2,1,39.08
1029714.47,63.16,2,3,1,39.58
840161.02,59.21,2,4,1,4.05
329794.74,27.9,3,2,1,36.9
333521.77,91.03,2,3,1,1.71
364124.95,74.21,4,1,1,46.54
3397646.22,42.49,1,2,0,45.72
842627.74,79.35,5,2,0,49.02
577646.8,28.01,7,1,1,15.23
202540.43,28.12,6,3,1,27.06
330765.16,77.23,3,3,1,28.98
534209.23,57.54,5,1,1,27.88
2902433.29,57.25,1,1,1,20.67
1260418.77,58.76,2,5,0,49.35
197392.57,20.69,3,2,1,44.35
196439.5,39.71,6,4,0,30.56
649250.85,58.71,3,4,0,32.42
663999.42,31.05,4,2,1,35.74
523674.17,52.84,6,2,1,30.22
720672.31,57.35,3,2,1,35.41
1209022.94,90.14,2,3,1,40.84
1043167.27,30.89,2,2,1,48.9
747939.42,47.35,4,3,1,42.47
598047.24,93.43,4,4,1,6.55
343754.54,25.88,6,3,0,27.37
843935.66,76.3,2,5,1,31.63
693955.12,25.06,3,3,0,13.36
662953.72,82.25,4,2,0,23.83
2327918.86,51.48,1,3,0,46.64
415291.67,92.63,6,4,1,13.02
1479213.12,24.46,3,2,1,15.93
387448.76,68.47,6,4,0,45.42
447749.23,69.1,3,1,1,4.81
561521.08,71.1,6,5,1,44.02
174703.07,18.58,5,3,0,15.26
259071.05,34.53,4,2,1,24.97
808467.75,38.73,3,4,1,32.18
900968.62,37.56,3,1,1,32.36
187874.85,67.38,5,3,0,49.0
393964.13,14.66,4,4,1,1.84
229713.98,72.06,6,5,1,35.22
740326.83,54.76,2,2,1,42.3
873151.45,24.7,4,4,1,29.46
1514742.62,29.22,2,2,1,48.79
490035.12,18.29,4,1,0,20.94
285782.11,49.02,5,1,1,37.52
147038.65,60.57,6,3,1,34.35
581094.93,59.38,8,2,0,1.67
942843.94,91.8,3,1,0,27.68
259512.62,35.16,5,5,1,13.12
3053379.9,74.78,1,2,1,26.48
475238.22,71.46,4,3,1,44.22
834499.24,15.21,2,3,1,31.54
858133.21,89.05,3,1,1,29.74
423576.22,89.16,3,2,1,33.65
403306.35,43.69,4,3,1,26.46
1066325.79,45.5,2,3,1,22.44
734673.97,79.67,2,4,1,18.78
740556.17,52.08,4,3,1,35.03
3042812.23,77.93,2,4,1,38.81
420335.65,13.07,3,3,1,21.22
146018.25,31.27,5,3,1,2.28
298286.2,17.74,2,1,1,27.2
905798.3,48.61,2,3,0,28.72
332969.74,82.6,4,3,1,24.0
748707.76,58.43,3,4,1,18.06
1073474.8,54.23,2,4,1,44.81
378860.26,41.12,2,3,0,24.11
333674.93,15.41,2,3,1,39.97
789336.23,75.14,3,4,0,31.92
1075299.86,58.52,2,2,1,39.37
307143.79,89.13,5,1,1,43.9
366798.04,46.72,2,4,1,12.24
526179.06,44.13,5,5,1,41.45
708836.56,92.82,6,3,1,36.08
585660.24,22.0,4,5,1,28.1
198740.69,31.45,6,2,0,27.29
1018237.88,51.49,2,1,1,15.64
145593.25,54.5,6,3,0,27.08
935168.56,56.64,4,4,1,19.28
520639.03,28.03,4,3,0,44.45
137264.9,88.78,5,1,0,29.15
551823.26,69.8,3,1,0,15.02
654539.06,31.97,4,4,1,7.3
541208.1,35.01,3,4,1,34.73
336053.16,84.83,5,2,0,33.27
237771.24,42.33,4,3,1,18.07
1392731.4,57.29,2,5,1,8.19
335918.59,20.24,4,3,1,35.84
108737.81,31.4,5,1,1,13.59
1586824.77,45.41,1,5,0,43.11
893047.87,65.77,4,3,1,36.34
523991.13,33.82,3,2,1,44.63
1406333.65,90.81,4,1,1,49.23
1282386.8,28.72,2,3,1,17.12
1214821.51,76.21,2,4,0,25.25
367149.03,40.99,5,4,1,20.25
475790.98,80.84,4,3,0,3.97
282147.81,88.46,6,4,1,20.31
551295.41,25.9,3,2,1,22.25
681618.87,51.78,4,4,1,8.75
376957.97,23.12,3,1,1,44.18
519860.88,70.0,2,2,1,14.69
252657.12,80.74,4,4,1,37.95
3382905.62,43.1,2,2,1,3.91
908539.33,43.72,3,2,1,1.6
595050.15,27.33,4,1,0,49.77
262812.69,36.06,4,2,1,6.24
960676.59,37.53,3,1,1,38.32
369763.64,23.22,5,3,0,30.27
1127320.55,36.35,2,5,1,22.7
367844.48,87.12,3,4,1,1.94
436578.47,37.66,5,1,1,16.5
768774.29,33.33,2,2,1,45.01
313119.11,42.69,4,2,0,45.27
616014.57,91.62,5,1,1,30.02
157619.22,74.99,5,1,0,28.78
695628.75,27.15,4,5,1,21.34
996574.71,73.97,3,2,0,38.8
292412.11,75.13,4,2,1,44.16
606012.41,90.76,2,3,0,36.4
1734421.68,85.74,1,4,1,26.31
469669.16,18.09,5,4,1,31.77
603001.35,48.64,3,5,1,11.07
1285926.84,69.75,2,2,1,49.56
5710332.39,92.74,1,2,1,46.8
731039.49,17.24,2,2,0,47.84
177122.64,41.3,4,3,1,8.43
650903.21,51.84,5,4,0,32.67
1814601.53,45.13,3,2,0,32.85
836555.99,48.74,3,4,1,17.82
516176.28,41.37,2,2,1,43.27
262959.27,92.5,7,4,0,39.14
506732.6,78.28,2,4,0,36.01
971990.21,72.62,3,4,1,1.54
220340.95,44.91,4,3,1,49.53
236573.11,84.93,7,2,1,35.95
361777.63,17.93,3,4,1,48.48
534881.47,22.19,4,2,1,4.43
795755.94,91.09,2,1,1,34.75
1102300.68,58.19,2,4,1,37.27
1004763.91,23.55,2,3,1,3.33
219381.32,90.68,5,3,1,3.32
288814.86,92.86,10,5,1,38.14
320930.91,84.93,6,1,1,39.9
273919.14,30.28,4,3,0,45.52
2535607.08,33.67,3,3,0,38.62
527772.28,44.59,5,4,1,12.09
361712.78,59.24,5,2,1,48.44
2317444.29,94.34,2,3,1,13.44
1197386.06,91.27,5,3,1,36.39
605723.0,88.3,3,2,1,26.52
407045.0,17.59,6,3,1,6.2
219204.51,74.36,5,3,0,46.36
453790.08,84.53,4,2,0,29.44
879769.56,38.33,2,4,0,4.68
1107647.59,28.66,2,3,1,19.23
403485.9,73.62,6,2,1,38.27
1387133.42,17.72,2,1,1,30.96
381103.44,89.97,6,1,0,11.25
239727.96,23.27,4,5,1,28.51
282271.7,48.89,4,5,1,15.51
238088.08,93.54,6,4,1,26.41
334776.27,94.0,5,3,1,15.97
931144.93,75.96,4,4,1,24.86
328937.92,81.33,3,4,1,42.12
533352.95,92.21,3,2,1,10.68
1170794.82,88.83,3,3,0,0.19
276043.58,62.88,6,5,1,7.83
653406.7,72.44,4,2,0,42.11
1823511.83,60.47,1,3,1,20.81
1156516.21,53.05,2,3,1,37.01
576254.21,84.87,3,3,1,1.64
591727.42,72.73,5,3,1,7.4
392314.45,83.08,2,3,1,28.49
1594407.57,18.15,1,3,1,36.04
473783.48,59.0,5,1,1,39.42
546221.16,38.01,5,4,1,32.19
1618741.07,53.64,3,3,1,37.86
522705.2,62.1,3,5,0,8.37
2408565.44,81.89,2,2,1,32.94
445064.02,12.71,3,1,1,21.32
628617.16,23.94,7,2,1,45.75
1619022.44,88.32,2,3,0,30.8
382052.21,92.22,3,2,1,27.13
595960.21,14.71,4,3,1,28.96
640911.21,38.2,3,3,1,41.58
577181.96,10.83,5,1,1,0.66
247737.97,74.38,7,4,1,43.03
206119.37,67.96,8,5,1,1.56
1502805.81,58.01,3,2,1,29.17
467181.5,68.79,4,4,1,25.18
325549.01,55.71,10,3,1,18.58
433000.75,30.3,4,3,1,6.52
1077937.49,74.12,5,4,0,6.29
439937.05,76.58,3,2,1,37.13
228605.8,82.61,6,4,1,5.76
989814.07,91.1,5,1,0,34.39
759097.1,73.54,2,5,1,49.52
1036340.87,14.64,5,2,0,34.13
677162.42,11.77,5,2,0,3.85
451764.28,72.89,4,1,0,27.15
333993.48,14.76,2,4,1,41.74
326651.64,36.86,6,3,1,47.74
421485.27,21.57,5,5,0,36.41
998526.81,92.36,4,3,1,15.55
734656.38,36.89,7,2,0,12.63
438184.53,14.69,3,4,0,39.21
641311.86,90.72,5,2,1,38.04
523075.88,61.74,6,2,1,24.37
1887758.0,13.07,2,1,1,4.43
2674342.05,80.84,1,2,0,33.63
88308.46,22.96,7,2,1,29.56
361243.9,78.21,5,2,0,0.69
198220.94,61.23,5,2,1,32.16
351160.49,25.05,5,3,1,6.71
1784868.61,73.97,2,2,0,41.31
793713.79,48.63,3,3,1,33.71
658088.73,64.24,6,1,1,2.68
405669.02,83.91,6,5,1,26.64
227455.54,32.13,4,1,0,40.29
62416.29,41.11,7,5,0,41.52
541983.53,94.77,4,3,1,4.36
348783.34,53.19,5,4,1,4.04
1103317.99,57.47,1,2,1,38.77
357351.96,34.26,2,2,0,11.71
425296.47,45.36,3,5,0,29.74
588123.84,52.63,3,3,1,30.48
369566.2,31.97,8,3,0,31.53
555089.3,30.24,4,5,1,16.96
1300872.81,61.04,4,2,1,2.09
355054.04,25.61,3,1,0,26.92
480568.56,57.04,7,3,1,25.8
679944.84,70.03,3,3,1,21.71
501341.11,26.85,6,4,0,14.05
508631.36,73.4,3,5,1,42.17
754318.76,40.57,5,2,0,18.57
394500.38,94.36,6,4,1,6.43
439644.06,93.22,3,3,0,37.93
492126.57,77.88,4,4,0,31.85
858652.26,39.13,2,2,0,15.53
664780.81,89.66,4,3,1,7.64
244223.63,94.9,4,1,1,22.04
649382.18,49.29,3,3,1,3.39
628373.49,62.24,4,2,1,11.22
2022437.42,10.51,1,5,1,48.2
1482962.68,13.7,3,3,1,7.61
450675.8,52.55,7,3,1,13.82
986939.82,61.79,2,5,0,7.03
564513.23,36.55,4,3,1,45.61
473525.68,18.43,5,3,1,46.25
631394.03,76.49,4,1,1,3.07
331524.84,45.59,2,4,1,44.92
413655.95,65.15,4,1,1,7.2
813691.48,65.27,1,4,1,19.92
853866.94,56.48,5,4,1,29.36
637224.94,25.17,3,2,1,23.17
588529.98,62.37,3,4,0,6.88
1131965.56,37.38,3,3,1,39.6
851523.68,79.63,3,3,0,34.4
167889.25,26.42,6,3,0,47.07
475043.86,34.75,4,3,1,17.71
405390.25,47.43,4,5,0,21.58
232040.68,72.9,3,5,0,17.55
436796.19,71.26,3,3,1,3.24
1776002.85,38.65,1,3,0,2.84
462654.15,53.41,4,1,1,38.09
162954.0,29.91,5,2,1,14.31
791402.08,75.48,5,3,1,24.41
466234.41,26.72,4,2,1,48.95
506985.4,79.64,4,3,1,0.98
1260775.8,89.63,2,3,1,25.93
247141.5,94.29,5,3,0,25.96
651817.06,82.84,4,3,0,49.93
397703.03,28.84,4,4,1,41.73
231563.81,45.4,5,2,1,3.43
699257.36,17.55,4,3,0,7.94
1213124.66,23.99,4,2,0,1.79
612595.25,14.22,5,3,0,9.92
1724830.53,64.49,2,3,0,10.7
725397.06,55.32,2,2,1,4.59
126711.57,87.95,6,2,1,26.41
4848027.67,49.36,1,2,0,48.75
971696.49,64.6,7,5,0,40.21
1667893.11,44.14,3,3,0,10.25
324191.78,80.5,5,3,1,39.17
495871.56,88.74,2,5,0,49.11
116234.6,46.7,9,2,1,41.78
360992.8,17.03,2,5,1,23.49
232380.48,23.9,8,3,0,13.54
2598018.49,71.25,2,4,1,37.42
1821193.15,37.65,1,2,1,39.34
1188552.29,76.76,2,2,1,14.91
754340.18,73.73,6,2,1,11.29
518621.97,69.02,3,3,1,33.64
1681210.31,79.21,4,1,1,44.43
1310368.21,74.31,5,4,0,1.13
305459.88,63.77,6,2,1,49.36
350524.22,10.36,4,2,1,9.67
1004228.9,53.83,3,2,1,17.54
536527.31,60.6,3,4,1,2.74
330200.25,91.65,3,5,0,2.87
855383.58,65.29,5,5,1,13.71
1371281.34,58.92,3,1,1,28.29
362778.41,56.0,6,2,0,45.06
185877.52,18.78,5,3,1,3.59
316055.14,46.35,3,3,0,27.34
2114518.26,21.42,1,2,0,20.87
209853.98,14.48,7,4,0,49.46
179533.96,38.0,9,1,1,9.44
915186.85,64.86,4,3,1,18.54
1026120.05,83.68,3,2,1,1.77
1510986.52,78.88,3,3,1,45.72
364766.89,35.05,3,2,1,31.16
806886.17,13.91,2,5,0,29.43
3126388.36,44.23,1,3,0,2.53
518870.23,36.76,5,5,0,5.04
1243118.71,41.56,4,2,0,39.53
850610.61,57.52,3,4,1,27.52
751197.53,12.59,8,4,1,10.03
342685.75,41.52,8,4,0,27.54
3750127.77,57.48,1,3,1,48.41
326587.48,46.63,5,3,0,5.27
666609.73,66.71,3,3,0,48.51
1141614.85,25.82,3,5,0,38.78
869807.7,23.08,6,2,1,7.3
1535543.56,36.17,2,1,1,40.75
628747.26,18.65,3,3,1,37.23
1132690.87,30.08,4,2,1,28.74
177406.77,17.39,3,3,1,38.74
211158.63,44.17,4,2,1,7.15
746153.16,70.47,4,1,0,36.11
499903.65,34.36,4,4,1,32.08
570272.89,10.32,5,1,0,14.31
2060881.81,57.35,1,2,1,34.55
1396417.01,68.82,2,2,1,33.97
202723.62,43.26,6,1,1,12.03
465343.99,35.24,6,5,1,7.47
900183.9,51.7,4,3,1,18.18
687330.75,18.61,6,4,1,20.02
1659186.89,64.73,4,3,0,41.23
573873.75,72.33,4,5,1,21.86
584231.33,69.89,4,3,1,36.86
113571.33,37.94,7,1,1,23.19
360360.0,81.63,4,2,0,3.45
252266.31,90.48,7,3,1,32.67
1861781.81,35.25,2,2,0,44.78
196317.63,32.33,7,1,1,25.96
1065752.55,69.85,3,2,1,35.13
495207.73,70.2,4,3,1,38.96
445701.52,53.39,4,3,1,23.42
2302109.38,88.48,1,5,1,12.56
313598.34,22.44,5,1,1,43.02
510918.5,50.58,3,2,1,41.45
237640.94,12.99,3,3,1,42.99
427168.2,14.48,4,1,1,41.31
495541.72,14.56,3,3,0,6.74
290969.43,51.8,5,3,1,20.79
636557.15,60.06,4,3,1,9.66
735925.97,10.3,4,3,1,7.84
325594.02,63.77,7,2,0,39.1
450362.27,51.62,8,2,1,24.12
560116.03,29.02,5,2,1,4.63
415264.91,11.28,4,3,0,20.36
375491.78,23.27,4,2,1,49.67
398687.78,61.03,6,2,1,10.7
699391.47,66.0,4,1,0,19.92
4586861.52,65.0,1,1,1,29.77
1350643.28,23.02,3,2,0,10.06
716382.14,87.45,2,2,1,48.39
932522.96,44.93,2,3,1,31.78
741415.39,75.28,4,2,1,11.55
752653.89,24.15,5,4,0,22.39
1160973.45,50.0,3,3,0,18.11
636068.16,54.33,3,3,1,6.2
155721.89,75.48,6,2,1,14.3
362952.0,62.83,3,3,1,27.73
389189.11,43.94,6,3,1,4.5
347814.72,34.01,7,2,0,2.51
512802.06,92.7,2,2,0,27.11
407299.41,34.19,5,4,1,21.76
1447845.91,21.01,2,4,0,9.49
331257.64,35.54,3,3,1,35.67
1923873.46,37.79,2,4,1,4.49
263477.13,20.87,6,4,0,13.59
1405572.96,70.19,3,1,1,5.15
359918.96,62.63,4,3,0,36.41
178485.96,36.91,6,3,0,31.67
301245.22,94.41,5,3,1,9.5
374547.24,65.68,5,4,1,27.91
785255.86,69.77,2,2,1,34.85
348349.38,57.36,5,1,1,1.81
605666.47,56.88,4,3,1,33.19
596407.89,11.7,3,4,1,15.64
317607.97,75.53,6,4,1,6.85
177756.48,87.41,4,1,1,41.08
836018.92,20.39,3,3,1,30.35
469856.99,77.63,4,1,1,27.37
1302611.21,55.42,4,4,1,41.84
225668.64,34.25,5,4,1,13.33
223331.06,88.28,3,3,0,0.8
478820.77,11.48,6,3,0,47.44
305124.35,33.29,8,4,1,13.21
180444.89,85.33,6,1,0,31.7
197967.13,50.89,4,4,1,48.85
997492.72,60.91,5,2,1,11.76
661692.41,73.73,7,3,0,49.64
148585.18,22.58,3,3,1,26.98
376537.09,28.29,4,4,1,47.95
1793900.66,94.88,3,2,0,4.39
372528.23,30.18,4,2,1,26.6
738580.57,55.83,2,3,1,47.22
418340.11,35.39,4,3,1,7.86
202404.59,82.37,5,2,1,13.83
356463.59,91.75,2,3,0,10.7
3728544.07,22.01,1,1,0,48.28
131242.23,61.05,5,4,0,13.25
574967.34,78.98,4,3,1,6.14
1125047.04,79.96,3,2,1,39.86
138344.85,47.44,6,3,1,25.72
379582.28,29.16,3,1,1,29.54
1026446.25,42.91,4,3,1,30.38
545957.89,73.85,5,3,1,30.69
684525.65,94.47,2,3,1,22.77
1359648.97,57.11,3,2,1,48.78
4089451.59,26.59,1,4,0,8.79
388353.83,13.56,6,3,1,47.9
385112.81,90.21,3,3,1,14.69
257859.8,51.06,6,1,1,9.58
588620.94,70.91,4,4,1,31.32
590208.31,66.12,3,3,0,44.6
1160964.89,85.72,3,2,0,18.21
263952.19,32.62,3,5,0,3.86
134818.19,47.55,6,1,1,26.87
736681.1,87.66,3,2,0,49.26
295267.04,59.77,5,2,1,19.54
453685.06,16.07,3,2,1,1.1
171591.44,26.53,4,3,0,25.09
401229.79,30.16,5,3,1,19.25
960490.87,94.47,2,4,1,3.43
733654.16,29.05,4,4,1,43.75
688817.33,83.92,3,4,0,30.98
366223.7,16.64,5,2,0,7.8
803524.11,25.45,5,3,1,46.3
225533.79,84.12,4,4,1,28.85
547104.78,86.41,5,1,1,34.49
363729.06,24.98,2,4,1,29.21
399660.45,29.54,3,3,0,48.92
159635.16,55.1,6,4,1,44.54
1056585.7,14.48,3,4,1,0.92
635483.61,90.35,3,2,1,0.83
655586.65,40.78,3,1,1,24.46
255165.04,51.59,4,5,1,15.77
552148.12,18.93,3,2,1,26.99
1254090.06,12.77,1,2,1,16.98
415947.17,49.76,6,5,1,43.92
273498.37,20.34,4,5,1,8.57
880670.39,63.58,5,2,1,2.96
725525.67,77.53,1,1,0,17.21
407369.46,12.69,3,1,0,7.04
1807956.97,62.04,3,3,1,29.62
509051.5,79.33,3,3,0,23.68
225207.72,47.35,4,2,0,35.43
452256.61,91.57,5,2,0,3.73
372678.09,19.45,4,2,1,37.74
240155.03,37.45,5,2,1,13.9
1027333.85,29.56,1,4,1,33.6
3479544.23,94.68,3,3,1,14.62
568329.46,35.0,3,4,0,41.71
208156.88,42.97,3,4,0,41.72
1619476.6,82.05,3,3,1,15.38
715221.94,89.05,4,3,0,45.49
178833.41,89.71,7,5,1,16.12
161816.52,57.44,7,4,1,44.8
1485016.58,66.38,2,4,1,9.74
569911.7,39.68,3,3,0,14.47
124863.37,61.61,5,3,1,44.22
827722.99,35.73,7,4,1,4.13
305641.4,73.41,5,4,1,35.12
972772.12,36.11,5,3,1,34.13
711621.54,84.75,6,2,1,48.61
362500.81,22.2,3,1,0,48.62
614248.25,58.6,6,3,0,24.08
335319.84,54.26,4,2,0,32.95
161730.28,32.42,4,2,1,7.87
512281.12,12.38,3,1,0,11.38
1258505.32,22.63,2,1,1,27.97
300414.99,92.28,5,4,1,11.96
329830.14,90.01,5,1,1,10.92
656304.51,20.14,6,4,1,1.24
704528.53,41.86,3,2,1,3.76
239087.08,49.54,5,4,1,35.6
755340.43,50.64,4,4,0,0.82
744146.39,35.4,3,4,1,44.8
109178.86,87.6,4,4,1,4.03
640956.83,87.22,4,2,0,7.91
1254126.72,11.61,2,5,0,17.08
334473.59,65.25,6,2,1,36.36
846381.93,16.32,4,5,1,35.07
441508.06,60.79,3,3,0,12.4
404392.17,83.69,6,1,1,16.42
774384.95,65.21,1,4,1,41.08
1265663.5,49.86,2,4,1,24.89
3200087.26,91.42,2,2,1,22.96
545762.41,73.46,2,4,0,31.71
314212.37,31.19,4,2,0,22.9
323740.12,42.89,4,2,0,21.76
267950.46,74.59,8,4,1,39.95
261943.44,11.64,4,2,1,46.58
638230.04,15.44,4,1,1,27.51
549269.5,83.05,6,5,0,14.54
910724.79,13.65,3,3,1,47.49
686218.07,67.67,1,3,1,35.13
1200787.69,37.11,3,3,0,32.75
869893.52,80.2,4,3,1,30.37
1087600.59,82.02,3,4,0,37.04
413306.98,91.03,6,3,0,38.8
377133.35,18.12,6,4,1,39.58
3683719.89,45.94,1,2,0,48.79
2095904.59,58.79,3,2,1,20.62
223851.42,87.86,5,3,1,12.21
1262068.94,32.65,3,3,1,19.77
470699.6,16.09,4,2,0,38.36
1834341.59,27.15,1,5,0,27.08
131442.15,52.12,6,1,1,43.25
334264.69,67.89,5,1,0,11.88
544974.26,68.71,2,2,1,36.88
250177.98,16.35,6,4,0,12.54
256476.88,74.72,4,1,1,39.98
378647.36,66.12,4,5,0,21.97
310797.2,44.64,5,5,0,49.47
525317.75,58.54,4,2,1,33.47
150499.07,75.26,5,3,1,37.11
208229.22,32.28,4,2,1,2.23
492727.05,89.9,5,3,0,35.18
409595.28,21.71,3,3,0,21.0
755609.48,86.69,5,4,0,16.22
453941.64,72.97,5,1,1,39.78
713375.3,66.14,4,5,0,11.51
924471.48,17.05,5,5,1,9.17
548839.44,88.12,3,3,1,17.83
280932.6,35.1,5,3,1,31.5
3345148.19,73.38,1,3,1,12.94
538353.25,85.21,5,1,1,27.97
354393.76,30.76,5,4,1,19.3
913863.84,87.74,5,3,1,19.9
436419.43,62.02,4,2,0,10.24
505533.62,66.02,4,3,1,16.17
334694.72,87.73,6,2,1,13.76
565856.89,54.77,2,3,0,12.25
692413.74,47.46,3,3,1,4.13
654839.83,63.82,7,2,1,21.71
235410.41,57.09,11,2,1,12.31
505015.14,15.23,4,4,1,48.05
359871.29,25.34,5,3,1,30.13
483633.32,11.15,5,4,1,23.15
1036383.38,19.19,3,3,0,16.97
714436.17,72.04,4,1,1,23.09
406194.23,10.4,4,1,0,17.14
1204676.68,35.87,2,3,0,42.86
661106.01,48.19,4,5,1,12.87
180578.98,89.71,6,3,0,14.07
731114.99,37.8,3,4,1,35.51
271053.23,76.57,2,1,1,45.06
529708.59,44.75,5,4,0,34.04
736681.91,18.37,4,2,1,4.33
776252.64,18.4,4,3,1,44.96
1564335.81,46.76,1,2,0,38.49
795571.35,14.92,3,4,1,12.06
4659283.82,58.59,1,3,1,3.22
2315449.99,51.96,2,3,1,35.9
649451.92,69.72,3,2,1,11.81
538906.53,25.78,4,2,0,26.24
482678.05,60.4,8,2,1,4.57
402870.97,24.83,2,3,0,28.45
408341.94,71.39,4,1,0,1.17
736439.82,36.11,6,2,1,26.75
1779731.64,62.23,2,3,1,41.7
618630.79,85.03,4,2,0,29.08
200828.42,51.5,4,3,1,44.24
962131.75,26.34,2,1,0,27.49
1391719.74,85.32,1,5,1,34.4
604604.0,40.48,4,4,1,18.38
610018.65,72.07,2,3,1,14.91
357165.19,37.21,3,5,1,16.86
95733.29,35.35,6,4,0,5.23
1031772.19,64.57,4,2,1,12.79
519969.48,23.29,3,1,1,19.41
311257.97,83.69,7,2,1,17.14
660032.82,42.95,3,2,1,24.83
348337.58,11.64,3,4,1,24.46
186301.79,35.96,5,3,1,36.8
361565.55,76.72,3,4,0,19.85
183540.16,83.05,7,3,1,33.89
411763.44,58.27,6,4,1,44.54
246010.99,35.0,5,2,1,22.84
1884705.42,54.87,3,3,0,27.72
734432.01,81.09,5,3,1,33.89
1610199.35,36.86,2,4,1,24.76
369079.28,42.76,5,4,0,8.24
1229691.74,55.87,4,2,1,14.75
347930.74,85.41,5,2,0,1.51
277987.94,59.48,7,2,0,34.21
313663.04,27.65,7,4,0,14.05
604197.2,17.57,5,2,0,41.2
968527.89,18.08,3,2,1,32.83
745475.58,90.77,2,4,0,36.83
360018.04,79.91,4,2,1,44.13
1455404.74,75.1,2,2,1,21.34
1015132.46,52.19,3,3,1,9.51
521976.08,67.17,3,5,0,46.78
382521.44,20.82,2,1,1,49.79
583615.73,62.78,3,4,1,10.98
960782.36,78.92,3,1,1,37.08
1952532.53,15.28,3,2,0,3.71
161049.29,35.17,6,3,0,1.47
511675.01,19.37,3,4,1,33.79
313928.32,32.12,5,5,1,12.83
1490870.77,75.66,3,1,1,43.41
970811.81,38.22,2,4,1,25.7
575190.68,68.62,2,2,0,39.12
924127.09,75.73,3,5,1,5.26
259226.49,79.41,6,2,1,43.74
237773.37,84.24,4,3,1,9.58
290117.61,60.8,4,2,1,28.45
1122408.36,33.85,5,5,0,30.52
624203.16,22.8,4,1,0,3.39
2115191.76,52.82,1,2,0,48.88
568895.18,18.8,3,3,1,15.18
590659.47,87.41,4,4,1,35.73
1172905.3,47.61,2,5,1,31.62
787555.41,84.2,3,2,1,1.75
531050.66,70.29,4,2,1,43.13
667864.84,82.86,5,4,1,15.29
402087.38,85.14,5,1,1,12.53
275665.19,14.53,4,4,0,3.02
686525.8,71.65,2,3,1,12.59
151190.28,29.26,4,3,0,31.04
6689771.46,94.09,1,3,0,10.12
831809.22,76.16,4,3,1,23.38
401653.64,10.32,3,3,1,40.01
334855.77,88.83,5,3,1,47.76
270610.61,34.85,5,3,1,35.05
1250725.03,45.42,4,3,0,9.87
422915.01,62.04,2,4,1,19.22
353955.39,87.89,6,4,1,27.75
619254.12,88.82,3,4,1,43.58
1085434.46,57.9,3,4,1,27.43
620935.3,36.92,3,2,0,24.62
230144.44,33.73,3,4,1,13.06
852716.25,40.97,2,5,1,25.03
276622.3,25.34,4,2,0,16.0
1039864.06,66.94,2,4,0,28.27
585993.91,54.86,8,2,1,40.45
116376.44,75.74,6,2,0,47.29
613367.27,18.0,2,3,1,40.5
711575.67,43.99,2,4,0,41.43
315395.73,30.39,5,2,1,17.96
1030405.64,55.49,3,2,1,34.81
595562.17,49.8,3,2,1,19.47
636148.48,48.21,4,2,1,1.31
681048.63,36.83,2,3,0,44.24
227605.58,71.78,10,2,1,2.71
632376.78,50.93,5,5,0,5.86
425920.5,27.19,3,2,1,1.02
633729.17,56.53,5,3,1,3.46
409210.82,60.72,5,3,0,3.04
464090.38,11.82,8,5,1,33.9
878526.09,27.32,2,3,0,42.69
830791.8,30.6,3,3,1,39.85
241879.44,31.09,8,4,0,31.35
467885.22,30.3,4,2,1,39.32
579003.55,33.09,4,1,1,22.88
390887.21,32.33,7,3,1,45.33
936833.69,85.15,1,3,1,23.05
585802.88,37.17,8,2,1,1.51
129931.71,39.73,5,3,1,35.15
328672.92,32.63,4,3,1,41.55
624574.73,92.24,3,5,0,11.31
1269668.5,55.52,2,3,0,15.96
850809.94,61.9,6,3,1,34.78
130038.68,72.52,5,1,1,28.73
182762.35,38.37,8,2,0,44.51
276717.59,92.35,2,2,1,23.94
505184.42,22.95,4,3,0,33.66
466760.82,48.91,5,4,0,13.65
1287461.6,22.36,4,4,1,46.48
355265.75,77.18,6,4,1,18.55
1854763.77,19.12,2,2,0,27.02
703629.97,57.08,4,2,1,30.86
509018.07,18.91,3,2,0,12.79
283796.09,48.48,3,4,0,15.91
467691.17,33.83,5,3,1,25.17
89995.43,86.78,9,1,0,13.62
1437637.87,14.51,3,2,1,6.59
299839.7,65.24,6,2,1,41.85
1015419.2,69.1,4,5,1,16.3
371601.37,85.56,4,2,1,20.86
582460.19,84.61,4,3,1,27.4
749376.66,93.05,3,2,1,42.14
482472.48,31.58,4,3,0,7.1
305885.58,33.36,5,5,1,31.34
358456.81,43.77,7,2,1,17.62
1137452.92,55.69,1,2,1,43.49
159944.05,41.21,6,2,0,33.09
2089737.37,72.93,2,2,0,7.35
438182.45,10.73,7,4,0,14.92
412543.55,11.5,5,2,0,1.9
5384771.47,70.86,1,3,0,38.55
337696.48,85.07,5,3,1,20.7
626379.55,76.01,7,1,1,2.53
734343.49,19.95,3,3,1,0.77
536060.53,89.47,2,3,1,47.78
6009331.78,54.36,1,1,0,42.63
359274.29,73.1,10,1,0,16.79
184388.88,27.09,10,3,1,25.88
1022427.71,56.65,3,2,1,28.84
518743.93,38.06,3,3,1,25.81
1086940.18,92.85,3,3,0,15.47
94458.41,50.31,5,2,1,19.59
215061.92,74.22,5,3,0,9.14
594690.5,61.27,6,4,0,1.76
426732.37,18.02,4,1,1,7.82
748564.83,56.15,3,2,1,0.75
220937.3,55.92,4,2,1,21.71
3004353.67,70.84,2,3,0,33.08
2025182.96,37.36,2,3,0,9.13
585942.29,83.16,3,2,0,26.74
777652.7,62.92,2,1,1,16.32
1838784.73,13.34,2,4,1,6.09
1085686.21,70.08,6,3,1,6.47
585661.16,87.09,6,3,1,30.94
2432595.4,68.07,3,3,0,5.97
228011.49,42.3,5,2,1,27.71
303177.45,60.21,4,2,0,9.61
161922.95,24.57,6,2,1,43.32
1292267.79,61.11,2,4,1,2.59
1101534.7,52.58,2,3,1,19.42
361997.08,12.22,5,4,0,38.1
1074045.47,37.36,3,3,1,37.48
692205.18,26.26,6,3,1,7.32
158762.5,43.21,5,2,1,9.92
461946.56,30.56,3,2,0,27.36
540541.5,80.91,6,4,1,34.24
374393.41,69.3,4,3,0,37.64
614109.9,72.91,2,3,1,31.07
1217743.57,40.67,3,1,1,39.18
304884.31,10.29,3,3,0,22.05
1654570.66,28.63,1,3,1,28.07
804981.14,74.2,3,3,1,21.72
702612.54,61.24,2,1,0,38.07
3172065.13,55.78,1,2,1,8.82
469799.61,33.84,3,2,0,12.7
659516.02,16.44,7,4,1,41.86
919334.25,76.71,2,5,0,35.75
593222.12,13.29,5,3,0,36.79
387772.01,15.03,8,3,0,5.05
340163.49,35.07,4,1,1,24.27
144583.68,58.7,4,1,1,28.26
351703.34,94.34,7,1,1,39.02
295807.11,17.7,7,4,0,21.17
553522.51,50.22,5,2,0,27.08
432695.34,61.15,4,4,1,11.99
255246.22,79.96,6,3,0,41.62
2205514.82,68.62,3,4,1,45.7
409806.5,78.66,2,4,1,23.26
1026594.94,54.41,3,4,0,21.92
351141.49,46.89,4,3,0,16.48
405241.5,62.59,4,4,0,13.41
327846.37,86.57,5,3,0,27.71
612186.5,56.82,2,2,0,8.52
465550.13,61.48,6,2,1,29.51
4567087.07,38.73,1,5,1,28.11
876240.53,60.67,3,4,0,34.73
421928.56,63.36,5,2,1,11.36
219410.08,74.04,5,2,1,35.13
1351800.52,58.64,2,2,1,0.94
1807608.79,26.79,4,2,1,26.77
394466.25,59.46,4,5,0,42.22
263721.89,35.32,6,3,1,36.42
1415999.95,17.42,1,2,0,42.56
246370.55,80.16,6,2,0,7.5
63644.03,15.62,6,4,1,35.97
421367.97,63.69,6,5,0,23.51
397939.95,94.02,3,2,1,16.23
107789.12,17.45,7,3,1,17.85
1038514.29,28.71,3,5,1,5.19
207181.69,74.67,5,3,1,34.88
1618157.26,18.24,1,3,1,31.63
2389795.26,80.78,2,3,1,7.72
212814.5,10.02,4,1,1,27.26
790515.91,85.65,1,2,1,6.57
388412.91,15.68,6,3,1,15.74
439093.58,88.37,9,5,1,2.3
154192.49,83.49,5,3,1,31.09
633059.37,55.86,4,2,1,0.72
702433.04,76.13,4,3,0,13.11
192123.07,16.36,3,3,1,13.41
1067135.5,21.49,3,2,1,37.44
372778.22,41.39,9,2,0,22.59
411117.48,55.68,4,3,1,28.7
4203414.87,83.8,1,2,1,12.53
784212.6,56.13,5,2,0,27.43
421861.71,66.54,5,2,0,7.55
756142.84,67.79,2,3,1,49.62
553023.67,84.59,2,3,0,25.9
646190.48,76.02,3,3,1,43.98
697711.51,93.05,4,1,0,5.37
408072.25,11.7,4,2,1,29.56
88409.96,27.67,6,1,1,33.59
1061224.49,89.09,4,1,1,39.47
1111239.65,77.34,2,2,0,24.35
315775.69,32.73,5,2,1,1.9
663216.74,92.81,5,4,0,13.13
707061.56,83.94,7,3,0,14.1
52730.16,15.5,7,2,0,15.99
367562.28,78.96,7,2,1,4.7
120342.89,76.68,7,1,0,0.13
891672.34,28.8,3,2,1,26.03
535235.42,66.89,4,2,1,36.87
362940.57,92.47,8,1,1,11.58
734763.72,67.45,2,3,0,34.72
128877.55,79.17,5,4,0,36.58
216180.49,18.45,7,3,0,20.62
1265479.17,71.83,2,1,1,26.3
911585.83,27.4,4,3,0,15.77
327187.58,16.11,3,3,0,18.82
917990.11,56.93,4,5,1,29.5
268831.14,73.8,5,2,1,18.16
616106.78,56.47,4,4,1,25.1
730085.15,89.19,2,1,1,37.21
552941.79,69.13,4,4,1,48.23
3385887.38,19.99,1,1,0,44.56
316531.89,89.43,3,2,1,45.73
219761.25,23.0,6,5,0,45.57
553868.84,74.45,4,4,1,12.15
8376579.35,22.63,1,5,1,47.33
590626.43,94.88,2,3,1,11.2
1685859.31,38.24,4,3,1,43.22
942926.7,52.15,7,3,1,29.1
623435.77,49.68,3,3,0,41.95
1657976.57,18.66,1,3,1,49.11
436327.59,51.99,3,1,0,43.8
380651.89,22.71,5,2,1,40.84
284177.99,78.17,3,2,1,10.4
270586.32,91.46,7,2,1,43.01
486768.08,78.68,10,3,0,8.37
274830.84,46.64,5,4,1,25.68
429025.25,10.2,4,2,0,25.17
178620.97,13.11,4,3,0,25.99
354522.5,52.08,7,2,0,36.18
580935.29,67.76,4,3,1,19.86
686670.01,79.66,3,3,1,22.89
1740884.32,60.96,1,3,1,32.99
332670.35,93.16,5,2,1,34.15
1339749.16,51.97,2,4,0,21.93
1948772.1,61.0,1,3,0,2.7
479042.79,29.56,5,5,0,13.03
1127871.19,38.87,2,3,1,47.21
972632.91,68.07,4,4,0,46.38
1488157.41,61.14,2,4,0,32.52
742000.22,41.42,3,1,1,9.34
1643668.07,19.52,3,3,0,4.88
510284.25,39.12,5,2,1,47.48
1446077.57,13.75,3,4,0,43.67
713452.55,59.37,4,3,1,19.96
93801.71,37.46,7,3,1,31.52
1084474.93,42.29,4,2,1,45.72
1075136.9,58.88,2,3,1,6.99
640634.81,59.41,3,1,1,31.85
586844.2,60.01,4,4,1,45.98
403009.63,51.79,4,2,1,41.84
757368.37,51.49,3,2,0,14.43
347520.87,79.8,4,1,0,47.61
532384.8,49.74,8,2,1,10.24
617376.82,55.56,3,2,1,10.51
394019.36,94.0,4,2,1,4.92
162613.97,25.39,7,2,0,5.99
291216.99,71.75,8,4,1,38.11
2218327.87,50.22,1,2,1,13.87
417189.28,80.6,6,4,1,43.47
178418.89,44.34,6,2,0,42.89
151729.31,35.75,5,4,0,5.91
577184.28,27.66,5,3,0,26.66
2416034.06,84.14,2,4,1,37.0
1071090.48,71.06,1,3,1,34.16
1029132.59,16.54,5,4,0,5.27
783662.99,70.65,3,2,1,16.16
282053.52,12.98,7,3,1,30.64
260331.56,25.44,6,3,0,29.26
287988.81,60.39,3,5,1,40.72
512331.4,49.4,7,1,0,2.9
1244987.67,81.44,1,1,1,24.07
310463.5,61.67,4,3,1,42.46
898840.99,92.02,4,5,0,49.68
80078.96,82.69,8,1,1,6.51
132466.07,38.92,6,2,0,32.33
980651.35,80.9,2,2,1,0.17
394041.37,83.94,6,2,1,17.54
530408.57,92.43,5,1,1,22.29
551451.19,11.07,3,4,1,17.36
1508252.62,84.35,6,1,0,31.26
432341.08,15.94,4,3,1,0.87
575454.83,54.89,3,1,0,45.42
245823.75,45.25,5,4,1,15.99
266972.93,88.19,8,4,1,7.6
716893.36,44.44,4,4,1,21.72
2041100.44,60.66,2,4,1,25.75
270443.14,68.81,3,5,1,2.7
427670.55,11.62,4,3,0,39.97
518442.42,60.23,5,4,1,36.9
352495.44,54.03,8,2,0,25.64
663521.75,60.49,3,3,0,9.38
549089.36,16.44,5,1,1,46.34
203386.26,14.72,6,2,0,39.73
5049214.57,25.09,1,3,1,11.76
719375.64,83.91,5,5,1,36.83
147455.82,40.3,6,2,1,5.16
173369.2,46.89,6,3,1,6.01
211590.7,43.16,5,4,1,22.29
992686.01,70.72,3,2,1,35.12
183455.14,32.06,5,2,1,45.87
812798.26,15.81,2,3,1,48.55
1302342.93,42.14,2,2,0,34.63
381117.32,71.87,5,3,1,39.18
1157977.29,87.77,2,1,1,25.57
523018.02,14.32,2,2,1,2.89
1416593.27,78.89,2,3,1,6.35
274480.35,15.63,5,5,1,48.54
543951.79,38.11,3,2,1,19.71
762247.62,11.9,3,4,1,38.62
1054629.16,87.48,2,3,1,11.1
1005746.72,70.08,2,4,0,26.69
315946.93,41.38,4,2,1,7.72
552195.85,42.08,3,5,0,40.46
330893.11,64.39,6,1,0,8.49
124124.29,17.62,7,5,0,35.33
375564.63,22.33,4,4,1,7.63
1251008.7,82.01,2,4,1,40.95
307099.09,27.2,3,4,0,25.2
566957.06,71.77,7,4,1,20.68
606741.31,29.19,7,4,0,16.91
469659.14,17.49,2,4,1,34.42
895496.75,86.5,5,3,0,4.49
259871.07,86.64,7,5,1,42.82
509747.52,61.45,5,2,1,38.09
490606.22,49.27,3,4,1,18.71
492828.61,56.98,7,4,1,48.88
1264907.09,44.69,2,4,1,41.62
202753.97,74.36,6,4,1,13.61
246368.69,74.14,4,1,1,44.4
275187.03,79.61,3,4,0,5.04
1109719.55,54.45,2,1,0,34.51
698847.96,78.11,4,3,1,6.65
1465097.32,23.24,2,4,0,48.8
615751.69,12.56,3,4,0,2.58
990338.54,65.08,1,4,0,11.71
438950.9,18.97,3,3,1,26.55
1979316.23,56.81,2,2,1,29.24
247079.0,71.3,6,3,0,25.69
432186.58,44.6,5,3,0,37.03
173312.26,13.73,6,2,1,0.18
269608.25,85.41,9,3,0,28.23
753317.51,13.68,2,4,0,30.79
1857757.08,86.9,2,3,1,10.53
1051283.48,14.47,3,4,0,32.99
736326.75,72.49,2,3,0,32.73
459414.08,88.61,4,3,1,26.55
1424498.32,87.09,1,1,1,13.04
169211.07,85.94,5,5,0,20.89
296333.32,85.06,4,3,0,13.7
744388.32,53.38,3,4,1,38.51
602511.08,57.4,4,3,0,30.97
1083797.42,62.68,2,4,1,7.65
551472.85,86.16,3,1,1,28.42
1735303.32,81.24,2,5,0,45.17
411962.35,76.55,5,4,1,41.66
1007860.18,67.44,3,4,1,44.57
114002.48,62.56,6,3,1,45.86
94222.35,88.41,2,4,1,9.49
587703.86,26.37,4,3,0,36.01
210838.19,26.38,4,3,1,32.25
249351.5,93.51,7,4,1,1.77
330811.45,57.02,5,3,1,38.93
2569683.2,51.09,2,1,1,10.44
420095.97,82.3,6,2,1,45.86
730075.42,82.23,3,3,1,41.78
1092066.58,25.01,3,5,1,38.47
618346.46,24.75,4,5,0,34.87
753320.93,77.6,2,4,0,23.56
1885565.58,76.78,2,2,1,39.91
254703.54,29.14,4,3,0,40.98
802378.74,81.53,3,3,0,5.01
156689.31,50.8,5,3,0,16.62
1120425.56,49.95,2,1,1,15.9
445234.27,93.78,5,2,1,6.32
1807148.39,54.13,3,2,0,48.79
193827.0,21.65,4,3,1,29.22
345647.01,33.81,4,3,1,29.53
649638.64,38.36,5,2,1,19.18
404105.35,91.47,6,3,1,38.46
1104646.41,32.44,2,2,1,23.83
372393.47,46.58,3,4,1,37.14
278193.19,73.72,5,2,0,43.91
1046257.68,33.3,4,1,0,32.88
240302.29,69.64,8,3,1,31.19
354798.63,27.64,7,2,0,39.37
370070.6,30.61,5,3,1,25.2
162492.84,93.84,6,1,1,40.6
3472155.9,41.36,1,2,1,4.72
383091.55,72.02,7,2,1,12.17
1581594.68,81.41,5,2,0,46.24
539017.86,39.48,2,2,1,8.64
649595.95,40.36,5,3,1,22.71
300878.36,75.71,3,3,1,24.09
435813.65,61.6,5,3,1,20.93
890563.42,40.75,4,2,0,43.36
114379.94,73.71,5,3,0,37.51
1753353.0,83.41,1,5,1,40.53
707099.72,29.98,2,2,1,49.57
216872.77,12.07,6,2,0,48.74
832772.11,33.3,3,4,1,44.62
971034.29,67.33,4,3,1,28.33
305062.91,87.8,6,4,0,15.14
373821.01,83.36,6,3,0,36.21
1061759.58,28.88,2,1,1,47.47
1984905.98,84.89,1,2,1,49.51
515682.86,78.91,2,3,0,30.7
1927857.0,72.42,2,3,0,35.07
473392.11,68.5,5,3,0,14.01
358978.85,78.6,7,5,1,10.16
244423.17,83.25,5,3,0,31.98
501749.1,79.62,3,3,1,11.33
891956.19,20.36,2,4,1,19.83
394896.11,71.38,2,1,0,24.68
120020.75,81.51,6,3,1,46.64
345675.89,25.79,4,5,1,48.88
904285.29,28.17,3,4,1,12.43
191416.59,76.81,7,2,1,6.69
153707.5,39.23,7,2,1,11.32
304033.83,43.97,4,2,1,25.99
167639.31,42.06,9,3,0,39.17
267246.08,28.09,6,1,0,26.15
1454066.92,89.8,5,2,1,46.66
1244395.08,78.5,3,3,0,31.91
733385.35,31.3,5,3,0,24.23
666229.01,19.02,6,3,1,38.54
544465.74,41.67,2,4,1,47.69
238062.11,45.3,4,2,1,16.72
340192.03,10.6,3,2,1,13.82
1103954.53,85.41,4,4,1,10.75
475952.17,82.36,3,4,1,26.83
311942.45,82.26,3,4,1,23.46
306191.0,78.49,5,2,1,12.44
429571.0,72.32,4,1,0,36.11
776409.74,63.93,3,3,1,14.95
460990.49,91.62,5,4,1,37.85
402109.36,70.5,3,2,1,41.96
1495912.06,63.57,2,5,0,43.32
675586.65,77.05,2,1,1,7.41
451323.58,30.93,4,2,1,15.37
598766.23,92.21,5,2,1,26.26
449681.52,11.63,3,2,1,42.29
281799.54,65.11,5,4,1,20.11
706943.81,16.55,4,3,0,33.03
395042.17,82.53,3,2,1,22.78
786995.34,92.25,2,1,1,1.58
553494.67,44.73,5,3,0,15.89
2266717.2,82.86,3,1,1,37.86
950392.57,38.54,3,1,0,36.54
877622.27,23.55,3,1,1,44.19
908789.4,33.52,3,1,1,29.68
347136.57,35.66,3,5,0,38.35
354193.47,63.61,6,3,1,20.82
243457.72,77.67,8,4,1,17.55
801578.7,27.44,3,4,0,17.06
708774.39,17.5,3,4,1,8.04
830022.03,28.84,3,1,0,21.95
234969.16,35.21,7,3,1,40.55
684574.71,33.78,3,2,0,0.71
189826.34,28.7,5,3,1,28.79
409118.97,49.61,4,2,1,8.73
1141901.9,82.76,4,2,1,37.23
2400733.81,18.53,1,3,0,7.1
1958025.99,83.27,1,1,0,8.29
2061741.72,52.25,3,4,0,2.23
292110.29,66.14,3,1,1,22.19
339664.75,79.31,3,3,0,32.41
1846891.58,35.87,3,4,0,14.51
2038197.84,91.11,1,1,1,2.16
428547.05,17.12,4,5,0,46.64
241393.35,54.85,4,2,1,43.04
648439.12,31.66,4,5,0,23.19
343600.31,44.68,8,1,1,41.18
342727.55,48.15,3,4,1,40.08
227838.68,87.73,8,2,0,28.12
540407.2,47.53,3,3,0,26.39
770637.98,69.33,3,3,1,32.59
253255.84,90.9,4,3,0,36.13
1400802.98,52.04,3,2,0,41.06
1144961.97,44.71,3,4,0,28.77
797269.05,92.7,2,4,1,37.34
348262.18,80.35,5,2,0,9.36
608976.17,89.88,3,3,1,37.33
414323.6,43.76,3,3,0,3.0
303915.33,69.19,5,3,1,32.96
421486.66,31.22,4,2,1,35.65
869750.4,83.59,6,4,1,48.38
1749470.63,89.31,2,4,0,21.15
694783.05,32.77,5,3,0,5.79
825168.66,18.92,3,4,1,16.8
144884.72,27.06,7,5,1,21.02
967004.24,63.79,2,5,1,38.52
709882.8,33.14,5,3,0,9.39
155326.05,64.28,6,3,1,8.57
322773.9,39.77,9,3,1,11.07
2662971.72,87.93,3,3,0,11.62
624889.75,48.47,6,3,1,46.2
2315810.52,52.3,2,4,1,8.1
1130144.51,39.59,2,5,0,20.71
1181324.57,16.21,3,1,1,20.22
214814.17,51.96,6,2,1,6.47
1065448.08,75.82,3,2,0,5.54
734054.47,91.01,4,4,1,45.5
294933.49,16.51,8,3,0,41.84
873415.39,77.78,5,3,0,46.67
358769.26,32.7,4,3,1,15.92
590752.96,79.94,3,4,1,26.37
524910.4,39.07,4,3,0,12.86
213799.83,19.73,5,3,1,19.66
1135986.49,62.02,2,1,1,39.73
235632.69,85.98,3,3,0,23.87
1858026.65,25.44,2,2,1,5.57
509756.31,11.85,4,4,1,0.26
290113.16,85.13,5,4,1,11.88
240370.78,69.32,5,1,1,9.24
287073.37,78.74,6,1,1,39.72
749125.25,15.09,4,2,0,33.36
688554.0,85.69,4,1,0,41.93
324611.02,45.63,4,4,0,21.0
298367.68,86.3,4,5,0,29.22
980214.73,15.52,3,3,0,20.93
321353.55,85.21,4,2,1,11.14
411065.54,67.24,5,3,1,31.58
711862.82,57.11,3,4,0,19.49
1195517.97,15.25,2,5,1,12.54
414787.13,68.52,8,1,1,46.93
309777.62,60.81,3,3,0,5.48
314946.24,71.73,2,3,1,38.86
235101.39,70.92,6,3,1,27.52
1947982.45,47.72,3,3,0,38.18
2223720.32,27.4,3,3,1,4.58
1487209.23,88.11,4,2,1,19.58
588656.97,88.68,3,1,1,39.82
226866.87,28.01,3,3,1,40.77
97220.67,63.61,5,4,1,39.47
274344.31,27.24,5,1,1,37.24
440145.86,83.2,4,4,0,18.89
1081739.42,18.35,4,2,0,35.84
476762.21,94.17,7,2,1,5.56
378769.67,61.92,6,5,1,8.21
290627.83,11.95,4,3,1,27.04
278517.98,84.96,4,4,0,27.53
2309349.9,68.18,1,3,1,23.64
3012348.57,69.27,1,2,0,36.78
501666.5,33.38,5,3,1,28.23
532902.65,38.63,2,3,0,3.38
732417.67,87.73,4,4,0,44.37
640018.41,63.97,4,3,1,31.44
260746.98,11.44,4,4,1,44.78
412831.64,37.83,3,4,0,21.53
749231.45,60.88,4,4,1,0.19
287085.69,22.58,6,3,1,38.16
1028951.08,18.35,5,2,0,28.34
535651.83,15.05,5,4,1,1.08
740346.88,63.6,2,1,0,28.67
985327.61,37.25,2,2,0,46.56
686538.61,41.76,3,1,1,10.52
426920.68,15.1,3,1,0,14.16
229351.07,72.73,5,3,1,32.51
604040.2,75.17,5,5,1,41.06
470360.09,80.5,7,1,0,32.12
406914.65,65.39,7,4,1,33.62
2460914.72,75.73,2,2,1,16.4
716253.1,59.06,2,3,1,0.6
1804781.65,51.79,3,4,1,42.01
1154811.09,32.08,1,4,0,49.76
215982.09,14.54,5,1,1,43.33
344854.37,34.8,2,1,0,19.94
379355.28,68.11,4,5,1,17.66
488529.1,88.78,3,1,1,48.0
906140.89,31.78,3,2,0,49.42
327887.03,66.94,7,3,1,30.65
484595.01,50.65,2,4,1,25.77
142410.5,63.34,11,3,1,25.87
1586629.94,10.14,1,3,0,10.17
683109.64,20.43,1,3,1,36.44
220134.51,28.45,5,4,1,8.64
208095.49,85.94,6,2,1,10.56
1171599.72,13.44,4,1,1,33.74
370686.13,58.42,6,1,1,43.48
1474978.65,88.93,2,2,1,33.33
806790.01,65.43,1,1,1,23.8
811866.16,51.17,5,4,1,34.79
865639.07,42.81,5,4,1,22.8
85398.42,63.06,7,4,1,32.74
216436.07,50.83,6,2,0,39.04
1334826.88,69.96,2,3,0,0.83
583730.78,62.51,5,3,0,11.03
